Source,SS,DF,MS,F,p-unc,ng2,eps
condition,7.007430664399493,3,2.3358102214664975,1.008747321226019,0.41619549220229796,0.04138432554584853,0.542374864627489
Error,34.73332972960338,15,2.3155553153068924,,,,
