Source,SS,DF,MS,F,p-unc,p-GG-corr,ng2,eps,sphericity,W-spher,p-spher
condition,1097.8333333333298,3,365.94444444444326,2.1365553032760234,0.1034893456398853,0.15221354512553562,0.0355517894634577,0.40364923355427773,False,0.017045641024215564,1.7526706557047547e-17
Error,11818.166666666664,69,171.27777777777774,,,,,,,,
