Source,SS,DF,MS,F,p-unc,p-GG-corr,ng2,eps,sphericity,W-spher,p-spher
condition,92.44444444444437,3,30.814814814814792,1.1350613915416088,0.35483829209104517,0.33841227984474453,0.02697095435684645,0.5301641243330881,False,0.16370590246135247,0.034381320015054305
Error,651.5555555555557,24,27.148148148148152,,,,,,,,
