Source,SS,DF,MS,F,p-unc,ng2,eps
condition,24.20090878249434,3,8.06696959416478,136.50670618295402,8.040667614242082e-08,0.9576455405099676,0.36479797349552173
Error,0.5318619749726928,9,0.05909577499696587,,,,
