Source,SS,DF,MS,F,p-unc,p-GG-corr,ng2,eps,sphericity,W-spher,p-spher
condition,39.97732875303076,3,13.325776251010254,7.845073003478826,0.00019507042206872016,0.0024690119639354936,0.09659956044906459,0.5843510436972233,False,0.04573580683524453,7.459589751022173e-10
Error,91.72533094790288,54,1.6986172397759791,,,,,,,,
