Source,SS,DF,MS,F,p-unc,ng2,eps
condition,1416.4705882352996,3,472.1568627450999,1.4300985865304718,0.24557273075140668,0.03548273016621491,0.9156388732667049
Error,15847.529411764714,48,330.1568627450982,,,,
