condition,count,mean,std,min,25%,50%,75%,max,sem
Crossover (with 1),17.0,108.0,8.831760866327848,96.0,104.0,108.0,112.0,120.0,2.1420166418862494
Crossover (without 1),17.0,105.6470588235294,8.838418809879036,92.0,100.0,104.0,112.0,120.0,2.1436314303868933
Small (with 1),15.0,110.13333333333334,10.676186228281725,92.0,102.0,116.0,120.0,120.0,2.756579430876275
Small (without 1),13.0,105.23076923076923,10.756035872583714,92.0,96.0,104.0,116.0,120.0,2.9831876045638945
