condition,count,mean,std,min,25%,50%,75%,max,sem
Crossover (with 1),24.0,174.5,14.24322874973899,152.0,167.0,172.0,185.0,208.0,2.907386893883344
Crossover (without 1),24.0,172.83333333333334,14.919105541047946,148.0,164.0,172.0,181.0,208.0,3.0453496661913855
Small (with 1),24.0,181.66666666666666,14.869480464204603,156.0,172.0,176.0,192.0,212.0,3.03521998979867
Small (without 1),24.0,177.83333333333334,25.462105972988766,144.0,159.0,170.0,206.0,216.0,5.1974306175411895
