condition,count,mean,std,min,25%,50%,75%,max,sem
Crossover (with 1),7.0,105.71428571428571,14.020393310154626,92.0,92.0,104.0,120.0,120.0,5.299210568854689
Crossover (without 1),7.0,105.71428571428571,14.020393310154626,92.0,92.0,104.0,120.0,120.0,5.299210568854689
Small (with 1),9.0,108.44444444444444,12.073846850849888,92.0,100.0,108.0,120.0,120.0,4.024615616949962
Small (without 1),11.0,108.72727272727273,11.28796623923822,92.0,100.0,108.0,120.0,120.0,3.403449878341117
