condition,count,mean,std,min,25%,50%,75%,max,sem
Crossover (with 1),24.0,-5.32412698063966,1.837098954128695,-8.962426817751961,-6.817412875890035,-4.842324853242689,-4.154123574169011,-2.035048275235812,0.37499625371799516
Crossover (without 1),24.0,-5.884661366961865,1.9818785377943315,-9.789130515442835,-7.668345171162378,-5.2695982770209255,-4.831663615566851,-2.315435553950872,0.4045492624807782
Small (with 1),24.0,-4.122737494707749,2.521029974301412,-9.672727633898925,-5.536000389180104,-3.2826228159374713,-2.2681580653934783,-0.9792329162588326,0.5146030886083541
Small (without 1),24.0,-5.951558851926959,2.5505066382209503,-10.326302308053505,-7.920126673327635,-6.130648580967179,-4.045877656125343,-1.7120300256888243,0.5206199874352186
