Contrast,Coef,Std.Err.,z,P>|z|,P>|z| (adj)
Crossover (with 1) - Crossover (without 1),0.40737743118524683,1.023479650016422,0.3980317841968918,0.6906067568652945,0.9703835858445232
Crossover (with 1) - Small (with 1),-1.212747088480341,1.001807758196192,-1.2105586910845616,0.22606458422948839,0.6868194382287742
Crossover (with 1) - Small (without 1),0.4256937450523915,1.4494331355674075,0.29369671122203633,0.768989667607477,0.9703835858445232
Crossover (without 1) - Small (with 1),-1.620124519665588,1.0123198138242386,-1.6004077936055077,0.10950814729404379,0.5013685097286891
Crossover (without 1) - Small (without 1),0.018316313867144662,1.404755430793683,0.013038791995839443,0.9895968439494294,0.9895968439494294
Small (with 1) - Small (without 1),1.6384408335327325,1.2990318253556101,1.261278439490279,0.20720854638074027,0.6868194382287742
