Contrast,Coef,Std.Err.,z,P>|z|,P>|z| (adj)
Crossover (with 1) - Crossover (without 1),0.7023997859924296,1.5398247522481892,0.4561556663944422,0.6482780429886521,0.985004940345921
Crossover (with 1) - Small (with 1),-0.3738144199689188,1.9642418542637312,-0.19030977227039994,0.8490663964271306,0.985004940345921
Crossover (with 1) - Small (without 1),0.8246143875138264,1.9060288360268103,0.4326347912095425,0.6652801099289991,0.985004940345921
Crossover (without 1) - Small (with 1),-1.0762142059613484,1.8862152041554396,-0.5705680897865668,0.5682924543724335,0.985004940345921
Crossover (without 1) - Small (without 1),0.12221460152139685,1.8250265164645876,0.06696593195705947,0.9466088246558804,0.985004940345921
Small (with 1) - Small (without 1),1.1984288074827452,1.6524409241401037,0.7252475958294139,0.46830014839834777,0.9774056821174412
