Contrast,Coef,Std.Err.,z,P>|z|,P>|z| (adj)
Crossover (with 1) - Crossover (without 1),0.7023997859924311,1.5398247522481896,0.45615566639444305,0.6482780429886514,0.9850049403459216
Crossover (with 1) - Small (with 1),-0.37381441996890863,1.9642418542637314,-0.19030977227039475,0.8490663964271348,0.9850049403459216
Crossover (with 1) - Small (without 1),0.8246143875138371,1.9060288360268112,0.4326347912095479,0.6652801099289953,0.9850049403459216
Crossover (without 1) - Small (with 1),-1.0762142059613398,1.8862152041554396,-0.5705680897865623,0.5682924543724366,0.9850049403459216
Crossover (without 1) - Small (without 1),0.12221460152140595,1.8250265164645876,0.06696593195706446,0.9466088246558764,0.9850049403459216
Small (with 1) - Small (without 1),1.1984288074827458,1.6524409241401037,0.7252475958294143,0.46830014839834755,0.9774056821174412
