Contrast,Coef,Std.Err.,z,P>|z|,P>|z| (adj)
Crossover (with 1) - Crossover (without 1),-0.17877138583734586,4.52928050117014,-0.0394701511180772,0.9685155509220793,0.9990087294662598
Crossover (with 1) - Small (with 1),-4.077161627403052,4.929536484103254,-0.8270882344721586,0.40818705236106867,0.935331021473491
Crossover (with 1) - Small (without 1),-4.208387711279686,4.65968841473702,-0.9031478795813852,0.36644741557456095,0.935331021473491
Crossover (without 1) - Small (with 1),-3.8983902415657066,4.851744190379069,-0.8035028411630094,0.4216841552510793,0.935331021473491
Crossover (without 1) - Small (without 1),-4.0296163254423405,4.5890940185968825,-0.8780853713418575,0.379897391037455,0.935331021473491
Small (with 1) - Small (without 1),-0.13122608387663348,4.098919571347623,-0.03201479843467375,0.9744602495027315,0.9990087294662598
