Contrast,Coef,Std.Err.,z,P>|z|,P>|z| (adj)
Crossover (with 1) - Crossover (without 1),0.11892195431773121,0.2813377453007191,0.42270173947195294,0.6725128863143515,0.964877724375112
Crossover (with 1) - Small (with 1),0.06995824017928738,0.3322790103923332,0.21054065406263636,0.8332457252965022,0.9721930118681104
Crossover (with 1) - Small (without 1),1.0961622594373845,0.33298988686916514,3.2918785304374034,0.0009952058637645589,0.005956398360938373
Crossover (without 1) - Small (with 1),-0.04896371413844383,0.3160688412128059,-0.1549147139925668,0.876888553597245,0.9721930118681104
Crossover (without 1) - Small (without 1),0.9772403051196533,0.32067611540245794,3.047437143527787,0.0023080179080836594,0.009200159102727251
Small (with 1) - Small (without 1),1.0262040192580972,0.3165934280158246,3.241393940770001,0.0011894668554193188,0.005956398360938373
