Contrast,Coef,Std.Err.,z,P>|z|,P>|z| (adj)
Crossover (with 1) - Crossover (without 1),0.6979518122894871,0.3122859389883704,2.234976747753856,0.025418875315422973,0.07433469190331643
Crossover (with 1) - Small (with 1),-0.008684942900963522,0.3944043471623991,-0.02202040358694989,0.9824316797745309,0.9824316797745309
Crossover (with 1) - Small (without 1),1.7239210247587988,0.38231795234251376,4.509129153355477,6.5094273680177395e-06,3.254671311640031e-05
Crossover (without 1) - Small (with 1),-0.7066367551904507,0.3793855330706863,-1.8625822378387624,0.06252106527171808,0.12113324694072572
Crossover (without 1) - Small (without 1),1.0259692124693118,0.36672151777215106,2.7976793363588772,0.00514711844786242,0.020430061566583228
Small (with 1) - Small (without 1),1.7326059676597623,0.33510262269890767,5.170374238510578,2.3362565437778926e-07,1.4017531075527948e-06
