Contrast,A,B,Paired,Parametric,T,dof,alternative,p-unc,p-corr,p-adjust,BF10,cohen,ci_lower,ci_upper
condition,Crossover (with 1),Crossover (without 1),True,True,2.6320544909582506,23.0,two-sided,0.014898912447679456,0.029797824895358913,fdr_bh,3.471,0.11427200652289846,0.08555751599663247,0.9889742303448066
condition,Crossover (with 1),Small (with 1),True,True,-3.87580964297207,23.0,two-sided,0.0007654034568136814,0.0022962103704410445,fdr_bh,44.345,-0.49222551254177127,-1.2749934090516342,-0.3072992518550687
condition,Crossover (with 1),Small (without 1),True,True,-0.63814089042624,23.0,two-sided,0.5296850442670704,0.5296850442670704,fdr_bh,0.258,-0.16157750341337399,-0.5543103506827419,0.2937904230911421
condition,Crossover (without 1),Small (with 1),True,True,-4.324299463103721,23.0,two-sided,0.0002509015066790018,0.0015054090400740108,fdr_bh,118.957,-0.5930674973584253,-1.3804583849431644,-0.3849294783227305
condition,Crossover (without 1),Small (without 1),True,True,-0.9175369665138691,23.0,two-sided,0.3683831964351342,0.4893307199413468,fdr_bh,0.314,-0.23960794710370095,-0.6132413636530276,0.23865846563634185
condition,Small (with 1),Small (without 1),True,True,0.8432455507448773,23.0,two-sided,0.40777559995112234,0.4893307199413468,fdr_bh,0.296,0.18385553032628765,-0.2532523535593363,0.5975059080921911
