Contrast,A,B,Paired,Parametric,T,dof,alternative,p-unc,p-corr,p-adjust,BF10,cohen,ci_lower,ci_upper
condition,Crossover (with 1),Crossover (without 1),True,True,2.1105794120443453,18.0,two-sided,0.04906197262632685,0.0981239452526537,fdr_bh,1.436,0.11158852582794437,0.08555751599663247,0.9889742303448066
condition,Crossover (with 1),Small (with 1),True,True,-3.208804850941947,18.0,two-sided,0.004867342665167129,0.014602027995501388,fdr_bh,9.517,-0.5401866524019241,-1.268329061937762,-0.21187058371514467
condition,Crossover (with 1),Small (without 1),True,True,-0.13947831934442,18.0,two-sided,0.8906209538077785,0.8906209538077785,fdr_bh,0.24,-0.04602720724404757,-0.5604441665438564,0.3078623579408766
condition,Crossover (without 1),Small (with 1),True,True,-3.6986484017813854,18.0,two-sided,0.0016435994222678883,0.00986159653360733,fdr_bh,24.056,-0.6388384447358766,-1.391336311982387,-0.30061649736658913
condition,Crossover (without 1),Small (without 1),True,True,-0.36369294967344606,18.0,two-sided,0.7203239184405215,0.8643887021286257,fdr_bh,0.252,-0.1245713261148763,-0.6208811036612851,0.2513343937099306
condition,Small (with 1),Small (without 1),True,True,1.147350216831899,18.0,two-sided,0.2662589386621082,0.39938840799316233,fdr_bh,0.422,0.3191834754629535,-0.22704186150429095,0.7534822455063674
