Contrast,A,B,Paired,Parametric,T,dof,alternative,p-unc,p-corr,p-adjust,BF10,cohen,ci_lower,ci_upper
condition,Crossover (with 1),Crossover (without 1),True,True,-0.8829578956371489,8.0,two-sided,0.40301074859761443,0.4836128983171373,fdr_bh,0.442,-0.10728259763033987,-0.6065488235668064,0.4238981568342399
condition,Crossover (with 1),Small (with 1),True,True,-1.2521537660402298,8.0,two-sided,0.24588048225437764,0.4836128983171373,fdr_bh,0.593,-0.35239933880524704,-1.118150790587888,0.2157028370768711
condition,Crossover (with 1),Small (without 1),True,True,0.6800811757291871,8.0,two-sided,0.5156471441803774,0.5156471441803774,fdr_bh,0.39,0.30871213414570287,-0.47330006188262647,0.8844389420473819
condition,Crossover (without 1),Small (with 1),True,True,-0.8994674838931146,8.0,two-sided,0.3946711077054368,0.4836128983171373,fdr_bh,0.447,-0.26690125163209416,-0.9890045666448491,0.317098110515044
condition,Crossover (without 1),Small (without 1),True,True,1.0141258022204922,8.0,two-sided,0.3402085952432372,0.4836128983171373,fdr_bh,0.487,0.44648911010123404,-0.3869487308377719,0.9865267158217657
condition,Small (with 1),Small (without 1),True,True,1.5348296993663686,8.0,two-sided,0.16337281446541546,0.4836128983171373,fdr_bh,0.777,0.718089155174614,-0.058748737505881166,1.435611451395375
