Contrast,A,B,Paired,Parametric,T,dof,alternative,p-unc,p-corr,p-adjust,BF10,cohen,ci_lower,ci_upper
condition,Crossover (with 1),Crossover (without 1),True,True,1.555973210430998,23.0,two-sided,0.13336856503857544,0.2667371300771509,fdr_bh,0.617,0.138530339584505,-0.11516944162529785,0.7503928447913214
condition,Crossover (with 1),Small (with 1),True,True,-0.8579044235810884,23.0,two-sided,0.3997972243733906,0.4797566692480687,fdr_bh,0.299,-0.1280597008723764,-0.60060700746896,0.2503689931605948
condition,Crossover (with 1),Small (without 1),True,True,1.049874479033203,23.0,two-sided,0.30468278409860106,0.4570241761479016,fdr_bh,0.352,0.23063991404761977,-0.21277898481105564,0.6413884460779996
condition,Crossover (without 1),Small (with 1),True,True,-1.6212869667555552,23.0,two-sided,0.11858630792792235,0.2667371300771509,fdr_bh,0.672,-0.2600426844220506,-0.7646146473991524,0.10272701486985514
condition,Crossover (without 1),Small (without 1),True,True,0.4810086575935433,23.0,two-sided,0.6350546380187774,0.6350546380187774,fdr_bh,0.239,0.10915046035005942,-0.32509395678116826,0.5214649189420499
condition,Small (with 1),Small (without 1),True,True,1.7971897952287426,23.0,two-sided,0.08544988786377107,0.2667371300771509,fdr_bh,0.859,0.3361868350785178,-0.0693887706344739,0.8030884321757081
