Contrast,A,B,Paired,Parametric,T,dof,alternative,p-unc,p-corr,p-adjust,BF10,cohen,ci_lower,ci_upper
condition,Crossover (with 1),Crossover (without 1),True,True,7.048690501958785,23.0,two-sided,3.5039890649999626e-07,2.1023934389999776e-06,fdr_bh,4.71e+04,0.29334135545774903,0.8364228845308183,2.0411929629027243
condition,Crossover (with 1),Small (with 1),True,True,-3.473592661663783,23.0,two-sided,0.0020561448124596544,0.0030842172186894817,fdr_bh,18.707,-0.5446665381755639,-1.181407462096876,-0.23668080379518308
condition,Crossover (with 1),Small (without 1),True,True,1.5598007446421172,23.0,two-sided,0.13246214283544136,0.15895457140252964,fdr_bh,0.62,0.28229470650877275,-0.11443932776623988,0.7512253152306448
condition,Crossover (without 1),Small (with 1),True,True,-4.528394093813338,23.0,two-sided,0.00015080302640376546,0.0003016060528075309,fdr_bh,187.324,-0.7770215093128031,-1.4288158100581494,-0.4198933372878
condition,Crossover (without 1),Small (without 1),True,True,0.1606827102336689,23.0,two-sided,0.8737462856930273,0.8737462856930273,fdr_bh,0.217,0.02929015779947854,-0.3895772968087751,0.45517573856877075
condition,Small (with 1),Small (without 1),True,True,5.103449024245485,23.0,two-sided,3.6103009744112685e-05,0.00010830902923233806,fdr_bh,677.324,0.7211977779758197,0.5172790576353634,1.566195281982326
