Contrast,A,B,Paired,Parametric,T,dof,alternative,p-unc,p-corr,p-adjust,BF10,cohen,ci_lower,ci_upper
condition,Crossover (with 1),Crossover (without 1),True,True,0.5555491316592642,23.0,two-sided,0.5838830847786267,0.5838830847786267,fdr_bh,0.247,0.014476467890087961,-0.31021735235870124,0.5370193356272794
condition,Crossover (with 1),Small (with 1),True,True,-1.623852817840451,23.0,two-sided,0.11803467822547709,0.17705201733821563,fdr_bh,0.675,-0.1588577919489351,-0.7651740595755326,0.10223892272724167
condition,Crossover (with 1),Small (without 1),True,True,-2.7522419163042464,23.0,two-sided,0.011345906210030492,0.03403771863009148,fdr_bh,4.356,-0.3228453284256676,-1.0161604703483256,-0.10743758692586902
condition,Crossover (without 1),Small (with 1),True,True,-1.7500365440521408,23.0,two-sided,0.09344346549176072,0.17705201733821563,fdr_bh,0.803,-0.17225112281328503,-0.7927505832960329,0.07830115593745957
condition,Crossover (without 1),Small (without 1),True,True,-3.0127496220548995,23.0,two-sided,0.006201777913068608,0.03403771863009148,fdr_bh,7.249,-0.3331340043245127,-1.075434669190419,-0.15451521360914333
condition,Small (with 1),Small (without 1),True,True,-1.4688187973238975,23.0,two-sided,0.15542739609618222,0.18651287531541866,fdr_bh,0.553,-0.19476555560300624,-0.7314696546151196,0.1318268916064511
