Contrast,A,B,Paired,Parametric,T,dof,alternative,p-unc,p-corr,p-adjust,BF10,cohen,ci_lower,ci_upper
condition,Crossover (with 1),Crossover (without 1),True,True,2.1356954167623448,5.0,two-sided,0.08578337707932972,0.4103238116614445,fdr_bh,1.416,0.5196084026046904,-0.0435277861616119,1.2047741984969695
condition,Crossover (with 1),Small (with 1),True,True,-0.993443790677666,5.0,two-sided,0.3661074506283083,0.5491611759424625,fdr_bh,0.544,-0.3097613506652557,-1.092476899772044,0.12762826366087887
condition,Crossover (with 1),Small (without 1),True,True,0.7689893496081239,5.0,two-sided,0.4766341410076709,0.571960969209205,fdr_bh,0.472,0.36417825900029716,-0.7610435343237543,1.3889207090486233
condition,Crossover (without 1),Small (with 1),True,True,-1.7709812820473498,5.0,two-sided,0.13677460388714816,0.4103238116614445,fdr_bh,1.022,-0.7461619486770266,-1.3420687253886348,-0.003657879726898128
condition,Crossover (without 1),Small (without 1),True,True,-0.1911895424411388,5.0,two-sided,0.855898285323947,0.855898285323947,fdr_bh,0.379,-0.07938072921672579,-1.129085581903808,0.9729799741914816
condition,Small (with 1),Small (without 1),True,True,1.2092201973135914,5.0,two-sided,0.2806318130154351,0.5491611759424625,fdr_bh,0.637,0.6043398100905534,-0.5859558719587201,1.1150937059862265
