Contrast,A,B,Paired,Parametric,T,dof,alternative,p-unc,p-corr,p-adjust,BF10,cohen,ci_lower,ci_upper
condition,Crossover (with 1),Crossover (without 1),True,True,0.8612471473523408,18.0,two-sided,0.4004296028933151,0.5053920921240215,fdr_bh,0.33,0.043076648559660466,-0.12961264399083855,0.7339774157894363
condition,Crossover (with 1),Small (with 1),True,True,-0.8437853665150833,18.0,two-sided,0.4098634140021199,0.5053920921240215,fdr_bh,0.326,-0.13049273674438933,-0.6385006596738083,0.30404931425663967
condition,Crossover (with 1),Small (without 1),True,True,0.823213098635905,18.0,two-sided,0.4211600767700179,0.5053920921240215,fdr_bh,0.321,0.1726313655998955,-0.4505060700381798,0.41442913605797627
condition,Crossover (without 1),Small (with 1),True,True,-0.9274354079357916,18.0,two-sided,0.36597028597213166,0.5053920921240215,fdr_bh,0.347,-0.16696615638646853,-0.6466300319595822,0.2965416190482164
condition,Crossover (without 1),Small (without 1),True,True,0.6045077419760903,18.0,two-sided,0.5530504949009185,0.5530504949009185,fdr_bh,0.28,0.1406478060507995,-0.5103084719549636,0.3558450952074217
condition,Small (with 1),Small (without 1),True,True,1.8246940632326911,18.0,two-sided,0.08469073198312829,0.5053920921240215,fdr_bh,0.945,0.26054686164221696,-0.08404315220534492,0.9212702074169152
