Contrast,A,B,Paired,Parametric,T,dof,alternative,p-unc,p-corr,p-adjust,BF10,cohen,ci_lower,ci_upper
condition,Crossover (with 1),Crossover (without 1),True,True,5.316739689318023,18.0,two-sided,4.701796637309965e-05,0.0002821077982385979,fdr_bh,549.04,0.29608202380902937,0.6178915775029485,1.7120612151525811
condition,Crossover (with 1),Small (with 1),True,True,-2.9305483221508175,18.0,two-sided,0.008935290111535293,0.01340293516730294,fdr_bh,5.713,-0.6759608248827416,-1.1456056685714908,-0.12012651183294198
condition,Crossover (with 1),Small (without 1),True,True,0.27783266436043225,18.0,two-sided,0.7843068649677578,0.7843068649677578,fdr_bh,0.246,0.061809294952783374,-0.40320482295118176,0.4618458919699926
condition,Crossover (without 1),Small (with 1),True,True,-3.610443642175568,18.0,two-sided,0.0020001835248611463,0.004000367049722293,fdr_bh,20.316,-0.8903062863463652,-1.300916434043863,-0.23567630616313873
condition,Crossover (without 1),Small (without 1),True,True,-0.8146309512566018,18.0,two-sided,0.4259308058462332,0.5111169670154798,fdr_bh,0.319,-0.18700255409522784,-0.6830488582839873,0.19461672280123077
condition,Small (with 1),Small (without 1),True,True,4.6094410878630825,18.0,two-sided,0.00021768380384401775,0.0006530514115320533,fdr_bh,140.586,0.6336709896758906,0.45564762495250766,1.6593089948579516
