Source,SS,DF,MS,F,p-unc,ng2,eps
condition,289.0,1,289.0,4.446153846153846,0.07294007986980408,0.11657926583299717,1.0
Error,455.0,7,65.0,,,,
