Source,SS,DF,MS,F,p-unc,ng2,eps
condition,675.0,1,675.0,9.213649851632052,0.0058798943381023995,0.13205086403651778,1.0
Error,1684.999999999999,23,73.26086956521735,,,,
