Source,SS,DF,MS,F,p-unc,ng2,eps
condition,800.3333333333371,1,800.3333333333371,1.2066117508248362,0.2833705719028206,0.019940701122027886,1.0
Error,15255.66666666666,23,663.2898550724635,,,,
