Source,SS,DF,MS,F,p-unc,ng2,eps
condition,8.386997374089635,1,8.386997374089635,8.483440183507293,0.01723717973187412,0.18864825516516162,1.0
Error,8.89768475217797,9,0.9886316391308855,,,,
