Source,SS,DF,MS,F,p-unc,ng2,eps
condition,19.42153847476262,1,19.42153847476262,12.49707807908784,0.002211758914265602,0.09832828796458919,1.0
Error,29.52764067610144,19,1.5540863513737602,,,,
