Source,SS,DF,MS,F,p-unc,ng2,eps
condition,320.33333333333394,1,320.33333333333394,4.873869900771783,0.03751227863642489,0.046346756691584355,1.0
Error,1511.666666666667,23,65.72463768115944,,,,
