Source,SS,DF,MS,F,p-unc,ng2,eps
condition,5.635004727953135,1,5.635004727953135,3.151547006693839,0.08909128141122627,0.010803108328534958,1.0
Error,41.124282286649304,23,1.7880122733325785,,,,
