condition,count,mean,std,min,25%,50%,75%,max,sem
Small_Decreasing,14.0,176.77938401292417,7.540404846435903,160.12677209548906,173.5890903899546,176.59226334817794,183.6817972741478,185.62851404051685,2.015257963780922
Small_Increasing,22.0,173.9826864035072,7.107963604606935,155.83990217086992,170.629843979869,173.5187993539358,178.7093163237014,186.13437974569945,1.5154229323318062
