condition,count,mean,std,min,25%,50%,75%,max,sem
Small_Decreasing,19.0,2.6407971709301385,1.7535441979264732,0.5993910570856837,1.4581578204034742,2.033834847053337,3.601115513790873,7.191271655905226,0.4022906290417675
Small_Increasing,11.0,2.1633664637965286,1.0911698739289521,0.576462747125259,1.2504521931076151,2.641675888804289,2.9749483220891157,3.526201724715873,0.3290000958510672
