condition,count,mean,std,min,25%,50%,75%,max,sem
Small_Decreasing,19.0,1.7939825784882573,1.5622992923242653,0.1536989120529292,0.7376686418169383,1.301560083218634,2.095784559704195,5.86806746484884,0.35841603867403066
Small_Increasing,11.0,1.2160600390580911,0.954918406706398,0.1476812673821871,0.5126734586045045,0.7488471767398026,2.2221953222671953,2.673128941220772,0.2879187327681018
