condition,count,mean,std,min,25%,50%,75%,max,sem
Small_Decreasing,13.0,114.67304218147927,2.050710129599643,110.94982542856864,113.27708156804002,114.73609778612516,116.68458716845332,117.02441461065328,0.5687646556449942
Small_Increasing,7.0,113.31300755169181,4.364501726275248,107.1262679245556,111.13423796925971,113.00023185602852,115.01248073307116,120.77111567659676,1.6496265949194855
