Contrast,Coef,Std.Err.,z,P>|z|,P>|z| (adj)
Small_Decreasing - Small_Increasing,0.5340640717124868,0.23491985410400204,2.273388401969847,0.02300278444318593,0.02300278444318593
