Contrast,Coef,Std.Err.,z,P>|z|,P>|z| (adj)
Small_Decreasing - Small_Increasing,-0.7814464306804488,0.27923356755860185,-2.798540438790366,0.005133414104007361,0.00513341410400736
