Contrast,Coef,Std.Err.,z,P>|z|,P>|z| (adj)
Small_Decreasing - Small_Increasing,3.56515182361468,1.7329087756042698,2.0573222744350765,0.03965523612922528,0.03965523612922528
