Contrast,Coef,Std.Err.,z,P>|z|,P>|z| (adj)
Small_Decreasing - Small_Increasing,-6.731673283455677,3.663913960372726,-1.8372902192197962,0.06616706301614061,0.06616706301614061
