Contrast,Coef,Std.Err.,z,P>|z|,P>|z| (adj)
Small_Decreasing - Small_Increasing,9.972867549926946,7.641665037007117,1.3050647341423973,0.19187080594338912,0.19187080594338915
