Contrast,Coef,Std.Err.,z,P>|z|,P>|z| (adj)
Small_Decreasing - Small_Increasing,0.5340640717124865,0.23491985410400226,2.2733884019698434,0.023002784443186153,0.023002784443186153
