Contrast,Coef,Std.Err.,z,P>|z|,P>|z| (adj)
Small_Decreasing - Small_Increasing,8.079392718573999,7.261153487825727,1.112687224160756,0.2658427844098088,0.2658427844098088
