Source,SS,DF,MS,F,p-unc,ng2,eps
condition,75.19999999999999,4,18.799999999999997,0.9215686274509796,0.48304284491717076,0.08514492753623187,0.31414729722475726
Error,244.80000000000018,12,20.400000000000016,,,,
