Source,SS,DF,MS,F,p-unc,ng2,eps
condition,154.88000000000028,4,38.72000000000007,0.2021720969089393,0.9361410347119765,0.005831044287022322,0.7085975339008337
Error,10725.120000000004,56,191.52000000000007,,,,
