Source,SS,DF,MS,F,p-unc,ng2,eps
condition,796.6283899278088,4,199.1570974819522,2.6965226854376754,0.046039202829009016,0.10533595718050956,0.5119075839262379
Error,2658.852287084158,36,73.85700797455995,,,,
