Source,SS,DF,MS,F,p-unc,ng2,eps
condition,14.484210526315861,4,3.6210526315789653,0.11920529801324568,0.9752482908274711,0.002589893392760358,0.8469787309923221
Error,2187.115789473683,72,30.376608187134487,,,,
