Source,SS,DF,MS,F,p-unc,ng2,eps
condition,39.61972866361166,4,9.904932165902915,0.9005449893424508,0.493755050222367,0.20912974800969839,0.2919710472226892
Error,131.98583901690705,12,10.998819918075588,,,,
