condition,count,mean,std,min,25%,50%,75%,max,sem
"Ratio 0.5 (1:2, no 1)",24.0,3.828793135244086,3.2748351200796324,-2.1060738639401277,2.015652469253447,3.4900838140974004,6.101237055442094,10.842701500344589,0.6684729196617647
"Ratio 0.67 (2:3, no 1)",24.0,4.007488239079712,3.78430180117218,-1.8922111426489263,1.4324519145023795,3.635495373696862,6.59903398846013,14.0486257302146,0.77246737046393
"Ratio 0.75 (3:4, no 1)",24.0,4.048735106115781,3.7487170352158143,-3.664208708336759,1.6037545841515457,3.711234972668099,7.034982447384502,11.727850558672833,0.7652036605298086
"Ratio 0.8 (4:5, no 1)",24.0,4.249015162300835,3.8054602064761274,-4.707565636169265,2.1495072758842624,3.9186210109437027,6.48805352173,10.399482523689525,0.7767863118610691
"Ratio 0.83 (5:6, no 1)",19.0,3.9005431693465997,5.193081378576074,-3.888611926699407,0.7362525158563064,3.3443711967050955,6.2099862120932645,18.018295883861445,1.1913745755155785
