condition,count,mean,std,min,25%,50%,75%,max,sem
"Ratio 0.5 (1:2, no 1)",20.0,495.4,30.88245967842383,444.0,467.0,500.0,517.0,540.0,6.905527915335198
"Ratio 0.67 (2:3, no 1)",19.0,492.63157894736844,35.43414945174247,444.0,460.0,500.0,526.0,540.0,8.129151400550661
"Ratio 0.75 (3:4, no 1)",18.0,492.8888888888889,34.314957961059505,444.0,469.0,490.0,520.0,540.0,8.088113156798828
"Ratio 0.8 (4:5, no 1)",19.0,495.7894736842105,34.058085917653514,444.0,468.0,504.0,526.0,540.0,7.813460775025127
"Ratio 0.83 (5:6, no 1)",12.0,510.3333333333333,30.484968973796466,448.0,492.0,522.0,534.0,540.0,8.800252521629393
