condition,count,mean,std,min,25%,50%,75%,max,sem
"Ratio 0.5 (1:2, no 1)",24.0,103.0,7.846350577899534,92.0,96.0,104.0,112.0,112.0,1.6016296049038143
"Ratio 0.67 (2:3, no 1)",24.0,102.83333333333333,7.777708764359104,92.0,96.0,104.0,112.0,112.0,1.5876181533877045
"Ratio 0.75 (3:4, no 1)",24.0,102.66666666666667,7.70469459748923,92.0,95.0,104.0,109.0,112.0,1.5727141989855697
"Ratio 0.8 (4:5, no 1)",24.0,103.33333333333333,7.334650738056678,92.0,96.0,104.0,109.0,112.0,1.4971793124805755
"Ratio 0.83 (5:6, no 1)",19.0,102.3157894736842,7.923611911937267,92.0,94.0,104.0,110.0,112.0,1.8178012416826124
