condition,count,mean,std,min,25%,50%,75%,max,sem
"Ratio 0.5 (1:2, no 1)",15.0,-1.903854150125245,1.049948741096434,-3.532191975808821,-2.7432778020480715,-1.57149074777513,-1.1334319560189074,-0.4619898541769831,0.27109559924252885
"Ratio 0.67 (2:3, no 1)",15.0,-1.8151385741573194,1.0452020045693584,-3.876861570008209,-2.5758505393664293,-1.7362249333592918,-1.0867655658874806,-0.3417524450423276,0.26986999714131554
"Ratio 0.75 (3:4, no 1)",12.0,-2.2228285148193216,1.374994491858942,-5.601362357902534,-2.5502614924905003,-1.7310741265703515,-1.3612052592365265,-0.9699991618807152,0.39692672000450646
"Ratio 0.8 (4:5, no 1)",16.0,-3.2185220825010203,2.4104894837661774,-8.41411226813287,-3.9305290130575363,-2.0947067814899256,-1.624619809329667,-0.4249389513680051,0.6026223709415444
"Ratio 0.83 (5:6, no 1)",15.0,-2.734680459533203,1.6163875283791669,-6.399168720718136,-3.7988814667629702,-2.5792713236906093,-1.344339615257165,-0.4673753353005563,0.41734946522865884
