Source,SS,DF,MS,F,p-unc,ng2,eps
condition,28.444444444444542,2,14.222222222222271,2.4999999999999876,0.13168724279835498,0.01965601965601972,0.9846153846156936
Error,56.88888888888937,10,5.688888888888937,,,,
