Source,SS,DF,MS,F,p-unc,ng2,eps
condition,133.7777777777772,2,66.8888888888886,1.7022375215146235,0.19355548471482348,0.018637770897832737,0.9147520027997063
Error,1807.5555555555547,46,39.294685990338145,,,,
