Source,SS,DF,MS,F,p-unc,ng2,eps
condition,1.0135316963562067,2,0.5067658481781033,0.3440606518876825,0.7107759813428134,0.004228867202988228,0.9453374863640401
Error,64.80746111913885,44,1.472896843616792,,,,
