condition,count,mean,std,min,25%,50%,75%,max,sem
Large Ratio 0.67 (4:6),9.0,102.22222222222223,9.189365834726814,92.0,92.0,104.0,112.0,112.0,3.0631219449089375
Large Ratio 0.8 (4:5),9.0,101.33333333333333,10.198039027185569,92.0,92.0,96.0,112.0,112.0,3.3993463423951904
Large Ratio 0.83 (5:6),11.0,104.72727272727273,10.09049958219026,92.0,92.0,112.0,112.0,112.0,3.0424000964875475
