Contrast,Coef,Std.Err.,z,P>|z|,P>|z| (adj)
Large Ratio 0.67 (4:6) - Large Ratio 0.8 (4:5),-1.1219238422682025,1.4085652937882742,-0.7965011258021543,0.42574082142067105,0.8106244809449521
Large Ratio 0.67 (4:6) - Large Ratio 0.83 (5:6),-0.4904528289698608,1.4445615444509885,-0.3395167418472706,0.7342204871201443,0.8875962210646986
Large Ratio 0.8 (4:5) - Large Ratio 0.83 (5:6),0.6314710132983417,1.4570586300475248,0.4333875111653846,0.6647332719530592,0.8875962210646986
