Contrast,Coef,Std.Err.,z,P>|z|,P>|z| (adj)
Large Ratio 0.67 (4:6) - Large Ratio 0.8 (4:5),-12.376003526858527,7.699177595880864,-1.6074448696286485,0.10795681392416201,0.2901646221915434
Large Ratio 0.67 (4:6) - Large Ratio 0.83 (5:6),-11.739474127591578,7.83274264259027,-1.4987692897962188,0.13393349415166989,0.2901646221915434
Large Ratio 0.8 (4:5) - Large Ratio 0.83 (5:6),0.6365293992669496,7.72425475270428,0.08240657767587212,0.9343234056135898,0.9343234056135898
