Contrast,Coef,Std.Err.,z,P>|z|,P>|z| (adj)
Large Ratio 0.67 (4:6) - Large Ratio 0.8 (4:5),-0.1928564659645254,1.0275768696913865,-0.18768081654314217,0.8511268692136194,0.8511268692136194
Large Ratio 0.67 (4:6) - Large Ratio 0.83 (5:6),1.9263302416422494,1.0641033045063808,1.810284991583445,0.0702516032722198,0.13556791878212224
Large Ratio 0.8 (4:5) - Large Ratio 0.83 (5:6),2.119186707606775,1.039801921270037,2.0380676975652765,0.04154316309662587,0.11952368270961901
