Contrast,Coef,Std.Err.,z,P>|z|,P>|z| (adj)
Large Ratio 0.67 (4:6) - Large Ratio 0.8 (4:5),-0.6691146045293994,1.7704139102004348,-0.377942469088286,0.7054733324656124,0.7054733324656124
Large Ratio 0.67 (4:6) - Large Ratio 0.83 (5:6),2.482958493056458,1.7712101680984877,1.4018429533532315,0.16096214866195568,0.2960154840220378
Large Ratio 0.8 (4:5) - Large Ratio 0.83 (5:6),3.1520730975858573,1.7709934021878437,1.7798333374318955,0.07510323999761548,0.20881184959265015
