Contrast,Coef,Std.Err.,z,P>|z|,P>|z| (adj)
Large Ratio 0.67 (4:6) - Large Ratio 0.8 (4:5),0.04421391471471016,0.24057693174201278,0.1837828523065702,0.8541838088759635,0.8575306092755587
Large Ratio 0.67 (4:6) - Large Ratio 0.83 (5:6),0.168036721833222,0.23667751442948542,0.7099817751520542,0.47771543785618276,0.8575306092755587
Large Ratio 0.8 (4:5) - Large Ratio 0.83 (5:6),0.12382280711851183,0.23993089774313425,0.5160769550034123,0.6058006625510886,0.8575306092755587
