Contrast,Coef,Std.Err.,z,P>|z|,P>|z| (adj)
Large Ratio 0.67 (4:6) - Large Ratio 0.8 (4:5),0.6113321926643085,3.5394678710617775,0.17271867267463561,0.8628725657062626,0.8628725657062626
Large Ratio 0.67 (4:6) - Large Ratio 0.83 (5:6),-4.230553584431509,3.3347722182655737,-1.2686184565348917,0.20457717835936995,0.4967379969962878
Large Ratio 0.8 (4:5) - Large Ratio 0.83 (5:6),-4.8418857770958175,3.962855441988648,-1.2218174112013667,0.22177668278346174,0.4967379969962878
