Contrast,Coef,Std.Err.,z,P>|z|,P>|z| (adj)
Large Ratio 0.67 (4:6) - Large Ratio 0.8 (4:5),-0.2937346836236539,0.28608320882157373,-1.0267456270278774,0.30454025841075394,0.6636309841689354
Large Ratio 0.67 (4:6) - Large Ratio 0.83 (5:6),-0.12853753330220757,0.2855997943112411,-0.45006171524805044,0.6526659411719524,0.8084906783634692
Large Ratio 0.8 (4:5) - Large Ratio 0.83 (5:6),0.16519715032144633,0.28516352291813196,0.5793067382214696,0.5623822196979071,0.8084906783634692
