Contrast,Coef,Std.Err.,z,P>|z|,P>|z| (adj)
Large Ratio 0.67 (4:6) - Large Ratio 0.8 (4:5),-0.13290461934874492,0.3535881812597488,-0.37587404328741436,0.7070105383580292,0.7070105383580292
Large Ratio 0.67 (4:6) - Large Ratio 0.83 (5:6),0.38038620362557307,0.36047164770689943,1.0552458315247757,0.2913129080001462,0.49776260563279073
Large Ratio 0.8 (4:5) - Large Ratio 0.83 (5:6),0.513290822974318,0.3379894378963288,1.5186593586151036,0.12884826150190198,0.33887828369549344
