Contrast,Coef,Std.Err.,z,P>|z|,P>|z| (adj)
Large Ratio 0.67 (4:6) - Large Ratio 0.8 (4:5),0.02960447458441695,0.411707764224094,0.07190652486287126,0.9426762974045142,0.9426762974045142
Large Ratio 0.67 (4:6) - Large Ratio 0.83 (5:6),0.39608811380757836,0.4118891311985946,0.9616376927814643,0.3362316306432471,0.7075513242083952
Large Ratio 0.8 (4:5) - Large Ratio 0.83 (5:6),0.3664836392231614,0.41183975735939093,0.8898695006352929,0.37353596240430087,0.7075513242083952
