Contrast,A,B,Paired,Parametric,T,dof,alternative,p-unc,p-corr,p-adjust,BF10,cohen,ci_lower,ci_upper
condition,Large Ratio 0.67 (4:6),Large Ratio 0.8 (4:5),True,True,0.007032549703035833,23.0,two-sided,0.9944495265700484,0.9944495265700484,fdr_bh,0.215,0.0014842052707303211,-0.4208276708464546,0.4236986972403211
condition,Large Ratio 0.67 (4:6),Large Ratio 0.83 (5:6),True,True,-0.4552198311114964,23.0,two-sided,0.6532192300883864,0.9944495265700484,fdr_bh,0.236,-0.11471565863251204,-0.5160948383833118,0.330252120546795
condition,Large Ratio 0.8 (4:5),Large Ratio 0.83 (5:6),True,True,-0.3631180492348626,23.0,two-sided,0.7198326920527911,0.9944495265700484,fdr_bh,0.228,-0.09139079954260583,-0.4969637027206266,0.34872137988392105
