Contrast,A,B,Paired,Parametric,T,dof,alternative,p-unc,p-corr,p-adjust,BF10,cohen,ci_lower,ci_upper
condition,Large Ratio 0.67 (4:6),Large Ratio 0.8 (4:5),True,True,-2.0283567412863044,10.0,two-sided,0.06999652386140692,0.10499478579211038,fdr_bh,1.325,-0.7138456199820612,-0.6652218136224856,0.44567291146009397
condition,Large Ratio 0.67 (4:6),Large Ratio 0.83 (5:6),True,True,-2.5693516408073473,10.0,two-sided,0.027921701805053108,0.08376510541515933,fdr_bh,2.676,-0.8453579467782801,-1.6060999777162848,-0.11790949561754926
condition,Large Ratio 0.8 (4:5),Large Ratio 0.83 (5:6),True,True,-1.3629368618701,10.0,two-sided,0.2028026517833081,0.2028026517833081,fdr_bh,0.623,-0.4450170511903147,-1.11053789056694,0.2886560389728369
