Contrast,A,B,Paired,Parametric,T,dof,alternative,p-unc,p-corr,p-adjust,BF10,cohen,ci_lower,ci_upper
condition,Large Ratio 0.67 (4:6),Large Ratio 0.8 (4:5),True,True,0.4590742440233282,22.0,two-sided,0.6506844343677449,0.714246280931212,fdr_bh,0.241,0.09117370778689811,-0.33769829391191447,0.5291454879143521
condition,Large Ratio 0.67 (4:6),Large Ratio 0.83 (5:6),True,True,0.8025604714701203,22.0,two-sided,0.4308139116392179,0.714246280931212,fdr_bh,0.292,0.15590206346614818,-0.25966416624545097,0.5906236393477007
condition,Large Ratio 0.8 (4:5),Large Ratio 0.83 (5:6),True,True,0.3709180982493625,22.0,two-sided,0.714246280931212,0.714246280931212,fdr_bh,0.233,0.06269702302263173,-0.35573685045422426,0.5104203902934848
