Contrast,A,B,Paired,Parametric,T,dof,alternative,p-unc,p-corr,p-adjust,BF10,cohen,ci_lower,ci_upper
condition,Large Ratio 0.67 (4:6),Large Ratio 0.8 (4:5),True,True,-0.38504149353059486,5.0,two-sided,0.7160414000198145,0.7160414000198145,fdr_bh,0.397,-0.10522253556047922,-0.9540683822450596,0.723518899309043
condition,Large Ratio 0.67 (4:6),Large Ratio 0.83 (5:6),True,True,1.0757744222939043,5.0,two-sided,0.33117494938982645,0.4967624240847397,fdr_bh,0.577,0.2620991156935572,-0.7834918452706633,1.0760693539839024
condition,Large Ratio 0.8 (4:5),Large Ratio 0.83 (5:6),True,True,3.3121487118700434,5.0,two-sided,0.021190299429722337,0.06357089828916701,fdr_bh,3.932,0.40080455766240247,-0.2812944130060496,1.3650262673940574
