Contrast,A,B,Paired,Parametric,T,dof,alternative,p-unc,p-corr,p-adjust,BF10,cohen,ci_lower,ci_upper
condition,Large Ratio 0.67 (4:6),Large Ratio 0.8 (4:5),True,True,-1.0846522890932808,5.0,two-sided,0.32758249926618527,0.5448262014736839,fdr_bh,0.581,-0.6900655593423555,-1.0660180288088705,0.4034288723597911
condition,Large Ratio 0.67 (4:6),Large Ratio 0.83 (5:6),True,True,-0.5,5.0,two-sided,0.638298871640929,0.638298871640929,fdr_bh,0.414,-0.32274861218395373,-0.851388025766662,0.6884954332915882
condition,Large Ratio 0.8 (4:5),Large Ratio 0.83 (5:6),True,True,0.9999999999999999,5.0,two-sided,0.36321746764912255,0.5448262014736839,fdr_bh,0.547,0.25318484177091577,-0.3388427415436391,1.2816517831257024
