Source,SS,DF,MS,F,p-unc,ng2,eps
condition,139.1111111111102,2,69.5555555555551,0.4310004190863886,0.6524558013508618,0.006013679680295073,0.8879474126993746
Error,7423.55555555556,46,161.3816425120774,,,,
