Source,SS,DF,MS,F,p-unc,ng2,eps
condition,4.144207348408399,2,2.0721036742041994,0.649996803890539,0.5288021970599648,0.01298248200528842,0.9227496612382131
Error,102.01175940812885,32,3.1878674815040267,,,,
