Source,SS,DF,MS,F,p-unc,ng2,eps
condition,12.520168034216555,2,6.260084017108277,7.312120144949821,0.005551844213741228,0.19948176039550464,0.9399831326052561
Error,13.697989405016784,16,0.856124337813549,,,,
