Source,SS,DF,MS,F,p-unc,ng2,eps
condition,6.506871230177693,2,3.2534356150888466,0.9507555708917839,0.3970952936357837,0.018535630402186684,0.9403964541954187
Error,109.50231886118814,32,3.4219474644121295,,,,
