Source,SS,DF,MS,F,p-unc,ng2,eps
condition,1096.735693233218,2,548.367846616609,2.1324961733697956,0.13508222665118114,0.05004446759489839,0.9636862438124497
Error,8228.746813647169,32,257.148337926474,,,,
