Source,SS,DF,MS,F,p-unc,ng2,eps
condition,19.12964810261575,2,9.564824051307875,3.128221272749878,0.05323702593980911,0.052398904979351096,0.9535211550609941
Error,140.64922778732785,46,3.0575919084201706,,,,
