Source,SS,DF,MS,F,p-unc,ng2,eps
condition,1697.333333333343,2,848.6666666666715,0.9124879234581037,0.40866802900115407,0.023032178105861306,0.9455271309441294
Error,42782.66666666666,46,930.0579710144925,,,,
