condition,count,mean,std,min,25%,50%,75%,max,sem
4 to 3,23.0,176.69565217391303,21.154055666614973,152.0,160.0,172.0,188.0,220.0,4.410925522254965
5 to 3,24.0,173.83333333333334,17.13289910914256,140.0,164.0,172.0,184.0,208.0,3.4972383859986476
6 to 3,23.0,175.30434782608697,15.892922331564897,152.0,162.0,176.0,184.0,216.0,3.3139033876208526
