condition,count,mean,std,min,25%,50%,75%,max,sem
4 to 3,20.0,476.0,35.706405145590516,424.0,451.0,472.0,503.0,532.0,7.984194913768862
5 to 3,19.0,460.8421052631579,26.685957934411743,412.0,450.0,468.0,474.0,500.0,6.12217862356201
6 to 3,19.0,460.42105263157896,32.21855191841028,412.0,438.0,456.0,482.0,532.0,7.391442732608886
