condition,count,mean,std,min,25%,50%,75%,max,sem
4 to 3,12.0,107.33333333333333,8.99831634083271,96.0,100.0,106.0,114.0,120.0,2.5975901808165864
5 to 3,16.0,112.5,7.571877794400365,100.0,108.0,112.0,120.0,120.0,1.8929694486000914
6 to 3,14.0,109.42857142857143,8.959003084257548,96.0,105.0,110.0,118.0,120.0,2.3943942905959132
