Contrast,Coef,Std.Err.,z,P>|z|,P>|z| (adj)
4 to 3 - 5 to 3,-0.7084037525441703,0.5071419737244598,-1.3968549030592763,0.1624572082137279,0.16245720821372792
4 to 3 - 6 to 3,0.8009772566703844,0.3647706561019152,2.1958379690678713,0.0281035429288925,0.05541727673262889
5 to 3 - 6 to 3,1.5093810092145548,0.5231483734641653,2.885187235161966,0.003911809358688734,0.011689581178184402
