Contrast,Coef,Std.Err.,z,P>|z|,P>|z| (adj)
4 to 3 - 5 to 3,0.08544383103929626,0.468381064010201,0.18242375195047456,0.8552501871764915,0.8552501871764915
4 to 3 - 6 to 3,-0.4039261850965126,0.4629387207096645,-0.8725262481334716,0.3829213552248727,0.6487938542098595
5 to 3 - 6 to 3,-0.4893700161358089,0.4667848953585842,-1.048384429320222,0.29446152448580953,0.6487938542098595
