Contrast,Coef,Std.Err.,z,P>|z|,P>|z| (adj)
4 to 3 - 5 to 3,0.4806386923713311,0.31137768090973406,1.543587488246033,0.12268829798801817,0.2303241775128396
4 to 3 - 6 to 3,0.5575600611167176,0.27441460111950267,2.031816305845585,0.04217225583261763,0.12125627333347609
5 to 3 - 6 to 3,0.07692136874538652,0.262112552256595,0.2934669403779044,0.7691652653777785,0.7691652653777785
