Contrast,Coef,Std.Err.,z,P>|z|,P>|z| (adj)
4 to 3 - 5 to 3,0.018566732828822916,0.5715639874055138,0.03248408443838882,0.9740860081102853,0.9740860081102853
4 to 3 - 6 to 3,0.3299854963090706,0.5720940824966525,0.576802848351436,0.5640726451973275,0.9171595657819361
5 to 3 - 6 to 3,0.31141876348024766,0.5732030055928853,0.5432957616091625,0.5869261820100831,0.9171595657819361
