Contrast,A,B,Paired,Parametric,T,dof,alternative,p-unc,p-corr,p-adjust,BF10,cohen,ci_lower,ci_upper
condition,4 to 3,5 to 3,True,True,0.12678902303617526,5.0,two-sided,0.9040483722843046,0.9040483722843046,fdr_bh,0.376,0.04511247345394712,-0.8671487398496789,0.6737760133269619
condition,4 to 3,6 to 3,True,True,-0.5485741201190225,5.0,two-sided,0.6068928086765154,0.9040483722843046,fdr_bh,0.422,-0.15076184079034566,-1.1221777082771407,0.5802755891917895
condition,5 to 3,6 to 3,True,True,-0.7700579621115382,5.0,two-sided,0.4760542400887408,0.9040483722843046,fdr_bh,0.472,-0.22738152428232122,-0.63425171476635,0.7098463678888305
