Contrast,A,B,Paired,Parametric,T,dof,alternative,p-unc,p-corr,p-adjust,BF10,cohen,ci_lower,ci_upper
condition,4 to 3,5 to 3,True,True,0.6438530503408758,16.0,two-sided,0.5287928078897952,0.5287928078897952,fdr_bh,0.299,0.1507904790455308,-0.3611201742008968,0.6734347781928446
condition,4 to 3,6 to 3,True,True,-0.823843103601514,16.0,two-sided,0.42213992547287926,0.5287928078897952,fdr_bh,0.335,-0.1696945018388971,-0.6667885306984329,0.33462305476741916
condition,5 to 3,6 to 3,True,True,-1.229420630874137,16.0,two-sided,0.23668777434610178,0.5287928078897952,fdr_bh,0.476,-0.3353825782103223,-0.7807662745106241,0.23233445841980038
