Contrast,A,B,Paired,Parametric,T,dof,alternative,p-unc,p-corr,p-adjust,BF10,cohen,ci_lower,ci_upper
condition,4 to 3,5 to 3,True,True,-0.4267088920095007,21.0,two-sided,0.6739340053609507,0.6739340053609507,fdr_bh,0.242,-0.06588171920059312,-0.5518275904320491,0.316037307771207
condition,4 to 3,6 to 3,True,True,-2.6525259891318202,21.0,two-sided,0.014893900702358912,0.04468170210707674,fdr_bh,3.572,-0.3223420389242879,-1.0430308965269304,-0.08800998554262618
condition,5 to 3,6 to 3,True,True,-1.3470033823412788,21.0,two-sided,0.1923362453633492,0.28850436804502383,fdr_bh,0.493,-0.24897258047880375,-0.6804238873913688,0.19698325804773723
