Contrast,A,B,Paired,Parametric,T,dof,alternative,p-unc,p-corr,p-adjust,BF10,cohen,ci_lower,ci_upper
condition,4 to 3,5 to 3,True,True,0.9926375602735955,23.0,two-sided,0.33121556359325244,0.49682334538987866,fdr_bh,0.334,0.30107089848947893,-0.22395369895788417,0.6291962859897993
condition,4 to 3,6 to 3,True,True,1.2534815776276256,23.0,two-sided,0.22262319664048208,0.49682334538987866,fdr_bh,0.431,0.3178731560812949,-0.17325256944938267,0.6849842806438069
condition,5 to 3,6 to 3,True,True,0.1470045028808019,23.0,two-sided,0.8844094621681841,0.8844094621681841,fdr_bh,0.217,0.038095077132731206,-0.39235084188992714,0.45236517888150457
