Contrast,A,B,Paired,Parametric,T,dof,alternative,p-unc,p-corr,p-adjust,BF10,cohen,ci_lower,ci_upper
condition,4 to 3,5 to 3,True,True,0.6614138029626115,16.0,two-sided,0.5177592941027604,0.6347929547143719,fdr_bh,0.302,0.18451293456532886,-0.3570333011857462,0.6778661214041362
condition,4 to 3,6 to 3,True,True,-0.4842173462213857,16.0,two-sided,0.6347929547143719,0.6347929547143719,fdr_bh,0.276,-0.08862538725707565,-0.5760571162061995,0.4200315820346221
condition,5 to 3,6 to 3,True,True,-1.0685388042087154,16.0,two-sided,0.3011345017703094,0.6347929547143719,fdr_bh,0.408,-0.28061868021266495,-0.7761886817826402,0.23634175435259291
