{
  "analysis_id": "decrease_by_1",
  "date_analyzed": "2025-11-03T02:23:24.200363",
  "baseline_ms": [
    -100,
    0
  ],
  "response_filter": "ALL",
  "fal_fraction": 0.5,
  "n_subjects_total": 24,
  "n_evokeds_included": 120,
  "conditions": [
    "2 to 1",
    "3 to 2",
    "4 to 3",
    "5 to 4",
    "6 to 5"
  ],
  "components": {
    "P1": {
      "collapsed_peak_latency_ms": 108.0,
      "peak_gfp_amplitude": 0.5249741500342918,
      "fwhm_ms": 29.25405342115505,
      "window_start_ms": 93.16841292445471,
      "window_end_ms": 122.42246634560976,
      "search_range_ms": [
        60.0,
        120.0
      ],
      "method": "GFP_collapsed_localizer",
      "n_subjects": 120,
      "n_conditions": 5
    },
    "N1": {
      "collapsed_peak_latency_ms": 176.0,
      "peak_gfp_amplitude": -3.9989483086272357,
      "fwhm_ms": 62.5448176613248,
      "window_start_ms": 144.02864233637897,
      "window_end_ms": 206.57345999770376,
      "search_range_ms": [
        125.0,
        200.0
      ],
      "method": "GFP_collapsed_localizer",
      "n_subjects": 120,
      "n_conditions": 5
    },
    "P3b": {
      "collapsed_peak_latency_ms": 476.0,
      "peak_gfp_amplitude": 2.5389129938299395,
      "fwhm_ms": 114.56229017092971,
      "window_start_ms": 435.564595019801,
      "window_end_ms": 550.1268851907307,
      "search_range_ms": [
        320.0,
        590.0
      ],
      "method": "GFP_collapsed_localizer",
      "n_subjects": 120,
      "n_conditions": 5
    },
    "Fz": {
      "collapsed_peak_latency_ms": 104.0,
      "peak_gfp_amplitude": -0.5696860506431505,
      "fwhm_ms": 28.3856603689822,
      "window_start_ms": 90.30188614919865,
      "window_end_ms": 118.68754651818085,
      "search_range_ms": [
        80.0,
        120.0
      ],
      "method": "GFP_collapsed_localizer",
      "n_subjects": 120,
      "n_conditions": 5
    }
  }
}