{
  "analysis_id": "decrease_by_1",
  "date_analyzed": "2025-10-17T16:42:14.583756",
  "baseline_ms": [
    -100,
    0
  ],
  "response_filter": "ALL",
  "fal_fraction": 0.5,
  "n_subjects_total": 24,
  "n_evokeds_included": 120,
  "conditions": [
    "2 to 1",
    "3 to 2",
    "4 to 3",
    "5 to 4",
    "6 to 5"
  ],
  "components": {
    "P1": {
      "collapsed_peak_latency_ms": 108.0,
      "peak_gfp_amplitude": 0.7104173364615326,
      "fwhm_ms": 30.036549705030808,
      "window_start_ms": 92.76805674665178,
      "window_end_ms": 122.80460645168259,
      "search_range_ms": [
        60.0,
        120.0
      ],
      "method": "GFP_collapsed_localizer",
      "n_subjects": 120,
      "n_conditions": 5
    },
    "N1": {
      "collapsed_peak_latency_ms": 172.0,
      "peak_gfp_amplitude": -3.833696673694156,
      "fwhm_ms": 58.94482902759299,
      "window_start_ms": 143.85345033846218,
      "window_end_ms": 202.79827936605517,
      "search_range_ms": [
        125.0,
        200.0
      ],
      "method": "GFP_collapsed_localizer",
      "n_subjects": 120,
      "n_conditions": 5
    },
    "P3b": {
      "collapsed_peak_latency_ms": 476.0,
      "peak_gfp_amplitude": 2.3838946541014896,
      "fwhm_ms": 104.81670126849053,
      "window_start_ms": 441.9240515294222,
      "window_end_ms": 546.7407527979127,
      "search_range_ms": [
        320.0,
        590.0
      ],
      "method": "GFP_collapsed_localizer",
      "n_subjects": 120,
      "n_conditions": 5
    }
  }
}