Source,SS,DF,MS,F,p-unc,ng2,eps
condition,21.627382206027264,3,7.209127402009088,0.8534912417051321,0.4697315079951584,0.02425428276502289,0.863535185566391
Error,557.4777868628464,66,8.446633134285552,,,,
