Source,SS,DF,MS,F,p-unc,ng2,eps
condition,1120.0000000000005,3,373.3333333333335,1.7665615141955842,0.2069452007285047,0.2078384798099763,0.5845190771847412
Error,2536.0,12,211.33333333333334,,,,
