Source,SS,DF,MS,F,p-unc,ng2,eps
condition,14.734476831046628,3,4.911492277015543,1.050746176036254,0.40580930002272236,0.15986346069218907,0.6130453112353181
Error,56.09147924432034,12,4.674289937026695,,,,
