Source,SS,DF,MS,F,p-unc,ng2,eps
condition,1873.217391304348,3,624.4057971014494,0.49919315763972283,0.6841251311967096,0.015436296435363466,0.8850590620257525
Error,82554.78260869565,66,1250.8300395256917,,,,
