Source,SS,DF,MS,F,p-unc,ng2,eps
condition,2060.8000000000056,3,686.9333333333352,0.901960784313728,0.4687024208185294,0.07830739299610914,0.47362598292765967
Error,9139.2,12,761.6,,,,
