condition,count,mean,std,min,25%,50%,75%,max,sem
1a,10.0,4.513714796552719,2.056429004171103,1.214282165041577,3.344565462518426,4.558845092914691,5.5925671569686415,7.820195772427147,0.6502999499612585
1b,6.0,5.900490524350302,3.428045557928473,2.6726282340917558,3.116517518891257,5.019168832979368,8.094437223627697,11.090150144678962,1.3994937386565387
1c,16.0,5.781946482884441,3.167442175587436,1.6706576194333933,3.358204283486473,5.7097452486270495,7.15887526486778,12.872599079224225,0.791860543896859
1d,9.0,5.54138078653197,1.9880381585271467,2.541328531832141,3.974617771138583,6.123727811119764,6.303082659248878,8.838998536390852,0.6626793861757156
