condition,count,mean,std,min,25%,50%,75%,max,sem
1a,10.0,3.829351378428941,1.8344837893584163,0.7536784537168774,2.529642355918109,3.984288672848378,5.029833967831274,6.366918607325481,0.5801147105029155
1b,10.0,4.0471200394357085,2.4996934047221804,0.6823860280110188,1.9250746497434057,3.9047844969130847,5.910378948721718,7.6261504498624,0.7904724611023186
1c,11.0,3.938870933295398,1.8863393143680136,1.426366762453813,2.4995980874700185,4.079770069563467,5.157810597654642,7.269504062423539,0.5687527030049966
1d,12.0,6.218469631868328,5.066213068576941,2.3438816867479684,3.114076484905561,3.7483543951379863,7.118545492980741,20.35085160072402,1.462489739457448
