condition,count,mean,std,min,25%,50%,75%,max,sem
1a,13.0,4.319916545632047,3.9838627431388307,0.0222290380959667,1.1785433352344374,2.507477517082524,7.290815907387696,13.224496629182829,1.1049247226767445
1b,13.0,5.201340627029122,3.2683817394815398,0.6249912971997328,3.1623384022858905,4.561605273317593,7.5922244650449615,10.46343246917978,0.9064859961146828
1c,16.0,3.8647327416626602,3.5865180224412496,-0.143625137603915,1.6293676108267436,2.1460551753272226,5.947408103758983,10.32825386889827,0.8966295056103124
1d,15.0,4.971757658131745,2.9822563148840837,1.135723406194617,2.5797731187537565,4.363701960312301,6.690748016591765,11.031384101862772,0.7700152694445307
