Contrast,Coef,Std.Err.,z,P>|z|,P>|z| (adj)
1a - 1b,-3.5993123862102454,2.718155350796818,-1.3241746411422435,0.18544505078727824,0.5606839501837437
1a - 1c,-3.1579977413693365,2.3502275678742546,-1.343698705834558,0.1790458360028535,0.5606839501837437
1a - 1d,0.7584963977571634,2.4987000971100555,0.30355639663776557,0.7614658752652455,0.9431014713370246
1b - 1c,0.4413146448409089,3.020694829399655,0.1460970636774379,0.8838447643928888,0.9431014713370246
1b - 1d,4.357808783967409,2.3237542668858375,1.8753311596098734,0.060747179200073775,0.3134138346815117
1c - 1d,3.9164941391265,2.7319424548167954,1.4335932047987228,0.15168838378321992,0.5606839501837437
