Contrast,Coef,Std.Err.,z,P>|z|,P>|z| (adj)
1a - 1b,-6.116041333074578,4.314901002132967,-1.417423326757963,0.15635919663276532,0.39955569543987335
1a - 1c,-8.401028650122932,4.133278882809341,-2.0325337070923344,0.042099655000097824,0.19350505733283652
1a - 1d,0.9638611508413399,4.15717313250865,0.2318549456850976,0.8166506791302688,0.8335445785849361
1b - 1c,-2.284987317048354,4.26363409715565,-0.5359248155400369,0.5920105131071833,0.8335445785849361
1b - 1d,7.079902483915918,4.177149583997948,1.6949123658482315,0.09009204634088408,0.3145278017188171
1c - 1d,9.36488980096427,4.052777306724226,2.31073387265231,0.02084755905637259,0.11874444929945357
