Contrast,Coef,Std.Err.,z,P>|z|,P>|z| (adj)
1a - 1b,0.9529196727235372,0.6918093207453035,1.3774310986399154,0.1683790035450139,0.6022343933795202
1a - 1c,-0.10689252557609163,0.6261130373978205,-0.17072400539740576,0.8644407863605521,0.8644407863605521
1a - 1d,0.5149579067667308,0.6683660318838317,0.7704728879103708,0.4410194316122804,0.8253413363957041
1b - 1c,-1.0598121982996287,0.5971233352039139,-1.7748631410254792,0.07592048761034897,0.37733271264425927
1b - 1d,-0.43796176595680636,0.6269101895368906,-0.6986036808244197,0.48479974277370674,0.8253413363957041
1c - 1d,0.6218504323428224,0.5869969863059141,1.0593758517505307,0.289428642806008,0.7450642219937681
