Contrast,Coef,Std.Err.,z,P>|z|,P>|z| (adj)
1a - 1b,-0.746644715843256,0.8085021825200202,-0.9234912805257239,0.3557512422840279,0.8890140640196686
1a - 1c,-0.5921987933615867,0.7923188459593254,-0.7474248484454046,0.4548071507782181,0.9116512104123217
1a - 1d,-1.0621481005298434,0.7687529145484218,-1.3816508275012744,0.16707893946166763,0.66609489374944
1b - 1c,0.15444592248166933,0.7771268779123662,0.19873964840408676,0.842466407671246,0.9116512104123217
1b - 1d,-0.31550338468658745,0.7737224061679077,-0.40777335924548525,0.6834400739919007,0.9116512104123217
1c - 1d,-0.4699493071682568,0.7292567952764961,-0.6444222531928229,0.5193016581251775,0.9116512104123217
