Contrast,Coef,Std.Err.,z,P>|z|,P>|z| (adj)
1a - 1b,-1.1292244804561704,1.0308762900372703,-1.095402514704596,0.27334033290434867,0.7211798078220025
1a - 1c,-1.7403501941898867,1.2225607238905123,-1.4235286314872206,0.15458296822296402,0.6348881258492478
1a - 1d,-0.2182030556605471,1.0989406037592797,-0.1985576426188216,0.8426087900828867,0.8426087900828867
1b - 1c,-0.6111257137337163,1.0910111636731512,-0.5601461598946565,0.5753797473451909,0.8196976410353661
1b - 1d,0.9110214247956233,0.9687603593967719,0.9403991564672388,0.34701285473698373,0.721571366802916
1c - 1d,1.5221471385293395,1.1727273641418854,1.2979548231511877,0.1943028594913092,0.6604848866268684
