Contrast,Coef,Std.Err.,z,P>|z|,P>|z| (adj)
1a - 1b,-0.7518330508015931,0.9306342489185118,-0.8078716764134748,0.4191644578148239,0.8040435554959094
1a - 1c,-0.07450530298861248,0.939155658297314,-0.07933221967026248,0.9367683794624033,0.9367683794624033
1a - 1d,-1.7052938887650853,0.9423197357723581,-1.8096765079077612,0.07034596764643819,0.35445258816796144
1b - 1c,0.6773277478129807,0.93312871885993,0.7258674329952253,0.46792004299398093,0.8040435554959094
1b - 1d,-0.9534608379634921,0.9402782657263979,-1.0140198627551071,0.3105732745434371,0.7740811551042448
1c - 1d,-1.6307885857764728,0.9430257555081318,-1.7293150014739023,0.08375273319337828,0.35445258816796144
