Contrast,Coef,Std.Err.,z,P>|z|,P>|z| (adj)
1a - 1b,1.8285119799530303,4.702955449301474,0.3888006169024242,0.6974236444433635,0.7275597958108783
1a - 1c,-4.972460577614719,4.745522684971344,-1.0478214746211345,0.29472086655250873,0.7236779750779216
1a - 1d,5.206962995364654,4.769676146493872,1.0916806163437796,0.2749735080020397,0.7236779750779216
1b - 1c,-6.800972557567749,4.724257877013249,-1.4395853771359814,0.14998473916301558,0.5562548548082888
1b - 1d,3.378451015411623,4.7620347458472985,0.7094553474977854,0.4780419516961907,0.7275597958108783
1c - 1d,10.179423572979372,4.774459737114588,2.1320576847363335,0.033002104706030266,0.18237686228267033
