Contrast,A,B,Paired,Parametric,T,dof,alternative,p-unc,p-corr,p-adjust,BF10,cohen,ci_lower,ci_upper
condition,1a,1b,True,True,0.41378466120369134,22.0,two-sided,0.6830378858198338,0.9967548600962242,fdr_bh,0.236,0.10684911697603987,-0.29953772138669454,0.5482468748136132
condition,1a,1c,True,True,0.42724184368998347,22.0,two-sided,0.6733556723511958,0.9967548600962242,fdr_bh,0.238,0.1190280468263341,-0.2902650750581974,0.5580370438793663
condition,1a,1d,True,True,-0.12765850999192377,22.0,two-sided,0.8995789346856278,0.9967548600962242,fdr_bh,0.22,-0.035545447253140634,-0.4591276604213882,0.4058903816006578
condition,1b,1c,True,True,-0.004113657341723919,22.0,two-sided,0.9967548600962242,0.9967548600962242,fdr_bh,0.219,-0.0009834463214297654,-0.4150666654588766,0.42947021793580753
condition,1b,1d,True,True,-0.5607031659525554,22.0,two-sided,0.5806661092917849,0.9967548600962242,fdr_bh,0.252,-0.12896411909563651,-0.550822337983205,0.31699295376611736
condition,1c,1d,True,True,-0.5910978724390892,22.0,two-sided,0.5604795336156709,0.9967548600962242,fdr_bh,0.256,-0.13929552996386144,-0.557324034979221,0.31081918193518066
