Contrast,A,B,Paired,Parametric,T,dof,alternative,p-unc,p-corr,p-adjust,BF10,cohen,ci_lower,ci_upper
condition,1a,1b,True,True,-2.4392860407640518,1.0,two-sided,0.2476830216844541,0.37152453252668116,fdr_bh,1.163,-2.5173720357729996,-2.277788497959679,0.2882984548171279
condition,1a,1c,True,True,-0.10314622735117909,1.0,two-sided,0.9345664697652284,0.9345664697652284,fdr_bh,0.526,-0.06217119974499796,-2.0485180454571865,1.2563804278755706
condition,1a,1d,True,True,-5.550104190184381,1.0,two-sided,0.11348650309057298,0.340459509271719,fdr_bh,1.745,-1.6436499538957512,-1.6170312324182665,0.6107227438760543
condition,1b,1c,True,True,6.255991435287187,1.0,two-sided,0.10090795791468493,0.340459509271719,fdr_bh,1.836,6.794782879486342,-0.6882300176548986,1.494188557143899
condition,1b,1d,True,True,-0.3209283440922734,1.0,two-sided,0.8023010214510403,0.9345664697652284,fdr_bh,0.55,-0.3276185646183336,-1.1777262663552077,2.210073587585266
condition,1c,1d,True,True,-2.495838516648704,1.0,two-sided,0.2426038265555026,0.37152453252668116,fdr_bh,1.178,-1.8652992950215457,-2.5322363027922035,1.0570514423121464
