Contrast,A,B,Paired,Parametric,T,dof,alternative,p-unc,p-corr,p-adjust,BF10,cohen,ci_lower,ci_upper
condition,1a,1b,True,True,-0.8806105862885281,4.0,two-sided,0.4282597264624801,0.5728172607588684,fdr_bh,0.534,-0.6510007197199797,-1.1931870253299144,0.5248935502556877
condition,1a,1c,True,True,-0.9844343968065787,4.0,two-sided,0.3806357860109486,0.5728172607588684,fdr_bh,0.571,-0.7131440139572415,-0.7565978507898183,0.5893668761682773
condition,1a,1d,True,True,-3.608476017123548,4.0,two-sided,0.02258718226312633,0.135523093578758,fdr_bh,3.917,-1.8637933439670529,-1.1884919570550192,0.3096893261756014
condition,1b,1c,True,True,-0.17444445046023355,4.0,two-sided,0.8699895424357191,0.8699895424357191,fdr_bh,0.403,-0.0682976902976798,-0.7512024861048461,0.5236429504664322
condition,1b,1d,True,True,-0.9851345442634619,4.0,two-sided,0.38033060789871037,0.5728172607588684,fdr_bh,0.571,-0.788255132448959,-1.1608632571410278,0.2506191294931918
condition,1c,1d,True,True,-0.7830790065215253,4.0,two-sided,0.477347717299057,0.5728172607588684,fdr_bh,0.505,-0.688643122758099,-0.7275139424171594,0.43347489845078
