Contrast,A,B,Paired,Parametric,T,dof,alternative,p-unc,p-corr,p-adjust,BF10,cohen,ci_lower,ci_upper
condition,1a,1b,True,True,-0.41152650099377835,22.0,two-sided,0.6846681294210823,0.8216017553052988,fdr_bh,0.236,-0.12124328185394011,-0.5188819531111978,0.32757357038135204
condition,1a,1c,True,True,0.22213218808851992,22.0,two-sided,0.8262601250913304,0.8262601250913304,fdr_bh,0.224,0.06478288621231457,-0.31947698596150725,0.5273261644864204
condition,1a,1d,True,True,-1.3223710746282529,22.0,two-sided,0.1996284027084725,0.5988852081254176,fdr_bh,0.472,-0.39939257911440856,-0.7163085373322977,0.16484167774802877
condition,1b,1c,True,True,0.7737227102730497,22.0,two-sided,0.4473297856278159,0.6709946784417239,fdr_bh,0.286,0.194585821961101,-0.19986238258218472,0.6555539497600947
condition,1b,1d,True,True,-1.048433597096627,22.0,two-sided,0.3058209538896955,0.611641907779391,fdr_bh,0.357,-0.2715219421036747,-0.6561821309899151,0.21895509663720636
condition,1c,1d,True,True,-2.0080506599756056,22.0,two-sided,0.057072251917980696,0.3424335115078842,fdr_bh,1.191,-0.4977173171394684,-0.8696949298035296,0.03227991628005833
