Source,SS,DF,MS,F,p-unc,ng2,eps
condition,40.62089727566074,6,6.770149545943457,4.045472707635044,0.0009119553087129164,0.04365983360518814,0.8299450128841768
Error,230.94473868947966,138,1.673512599199128,,,,
