Source,SS,DF,MS,F,p-unc,p-GG-corr,ng2,eps,sphericity,W-spher,p-spher
condition,2398.285714285717,6,399.7142857142862,2.9164325206199635,0.010409808128544687,0.026670906796774366,0.041603954539972524,0.6495616736818571,False,0.14904397557308374,0.006126942732180785
Error,18913.714285714275,138,137.05590062111793,,,,,,,,
