Source,SS,DF,MS,F,p-unc,ng2,eps
condition,539.6190476190467,6,89.93650793650778,2.633431677646197,0.01894966295320965,0.053320534899259295,0.7308169058964493
Error,4712.9523809523835,138,34.15182884748104,,,,
