condition,count,mean,std,min,25%,50%,75%,max,sem
"Cardinality (no change, no 1)",12.0,107.0,9.045340337332908,92.0,100.0,108.0,116.0,116.0,2.6111648393354674
Decrease by 1 (no 1),10.0,107.6,8.099382692526634,92.0,105.0,110.0,112.0,116.0,2.561249694973141
Decrease by 2 (no 1),17.0,110.82352941176471,7.451805939817937,92.0,108.0,116.0,116.0,116.0,1.8073284112632009
Decrease by 3 (no 1),15.0,108.8,8.579044235810887,92.0,104.0,112.0,116.0,116.0,2.2150996967781538
Increase by 1 (no 1),16.0,106.0,8.390470785361213,92.0,99.0,106.0,116.0,116.0,2.0976176963403033
Increase by 2 (no 1),13.0,108.61538461538461,8.617215922582552,92.0,104.0,112.0,116.0,116.0,2.389985681585855
Increase by 3 (no 1),12.0,102.66666666666667,8.584693919818557,92.0,96.0,104.0,106.0,116.0,2.4781876727588927
