condition,count,mean,std,min,25%,50%,75%,max,sem
"Cardinality (no change, no 1)",15.0,108.26666666666667,5.338093114140864,92.0,108.0,108.0,112.0,112.0,1.3782897154381364
Decrease by 1 (no 1),13.0,103.38461538461539,6.89853198802061,92.0,100.0,104.0,108.0,112.0,1.9133085237105267
Decrease by 2 (no 1),20.0,105.8,7.0457153833487975,92.0,103.0,108.0,112.0,112.0,1.5754698547283894
Decrease by 3 (no 1),18.0,103.55555555555556,7.50076248847387,92.0,97.0,104.0,111.0,112.0,1.7679466732231854
Increase by 1 (no 1),17.0,101.41176470588235,7.062744009319357,92.0,96.0,104.0,104.0,112.0,1.712967032771887
Increase by 2 (no 1),16.0,103.5,7.429670248402684,92.0,100.0,104.0,112.0,112.0,1.8574175621006712
Increase by 3 (no 1),14.0,102.0,8.114564304148058,92.0,93.0,102.0,108.0,112.0,2.168708533504838
