condition,count,mean,std,min,25%,50%,75%,max,sem
"Cardinality (no change, no 1)",12.0,2.491846757848952,1.530563150785535,0.3132603726155273,1.5659470645724052,2.132395052925311,3.742184232338898,5.249485274743836,0.4418355235588752
Decrease by 1 (no 1),10.0,2.4404248232040495,1.525677792916807,0.4418134159937162,1.1998381076360962,2.385017987216399,3.646515591526532,5.059106985988093,0.4824616801155817
Decrease by 2 (no 1),17.0,2.2753877989175186,1.2608569713972764,0.2814488698138483,1.3696888358099908,2.515433784567336,3.1952301324772967,4.481182697991187,0.30580273363925625
Decrease by 3 (no 1),15.0,2.4225083991983327,1.4368127591314752,0.7383285888814233,1.3535961230139981,2.063624986233493,2.8991397825090353,5.699064356766788,0.37098345918230213
Increase by 1 (no 1),16.0,2.47039147205448,1.6448166949999452,0.4252880869959395,1.4221130333364713,1.8191981154300771,3.7698906646793593,5.159480811239992,0.41120417374998625
Increase by 2 (no 1),13.0,2.382065255653728,1.4264326863372416,0.7327327537704692,1.2806848756576386,1.8075144548968165,3.866389523029377,4.868104360288291,0.39562124550667427
Increase by 3 (no 1),12.0,2.884284809777112,2.426098385253761,0.383175491353454,1.6207786009055183,2.132201744014327,3.3938614275877987,8.912372625275152,0.7003542779033877
