condition,count,mean,std,min,25%,50%,75%,max,sem
"Cardinality (no change, no 1)",16.0,2.753885062332467,1.771427943467097,0.9740149743099876,1.4983167352669216,2.3223062121729017,3.179371141480631,6.875079410552654,0.4428569858667743
Decrease by 1 (no 1),19.0,5.238006190524399,2.6067216755406575,1.5995644684846138,3.533728644659411,4.44634982699608,6.272846968125665,11.39780758050543,0.5980229661904604
Decrease by 2 (no 1),19.0,4.917980243386133,2.3026746575071537,1.1209043115060562,3.304076658967512,4.686765504814444,6.359316550130572,8.892513119126612,0.5282697964171481
Decrease by 3 (no 1),19.0,5.621589278228325,3.008009672935983,1.1248317440033042,4.135383676639725,4.677543950524944,7.126933398676119,13.583271195713426,0.690084746606357
Increase by 1 (no 1),18.0,4.815571347225491,2.9824469271870218,0.7421610683538297,2.6394122067059764,3.5622518375154395,7.254512686808373,9.744633161439156,0.7029694822476416
Increase by 2 (no 1),19.0,5.322592439242654,2.761266791245166,0.7800436403073026,3.1649042029715435,5.233125402682067,7.321976165017085,9.718334818322546,0.633478047325921
Increase by 3 (no 1),22.0,4.42263990672483,2.398806917418193,0.7586112805242242,2.8289086674131534,3.9152848501681428,5.672754796423167,9.398247882248752,0.5114273531923523
