condition,count,mean,std,min,25%,50%,75%,max,sem
"Cardinality (no change, no 1)",15.0,-2.0696333682347414,1.280187315019653,-4.724259583228678,-2.5504512449013643,-1.655653444954183,-1.2368443178801054,-0.1663113462904638,0.3305429434064736
Decrease by 1 (no 1),13.0,-2.065139396787247,1.2540684459931986,-4.761817138405971,-2.790651767931877,-2.2797469585316383,-1.1099727901514251,-0.3310824882146961,0.3478160065361477
Decrease by 2 (no 1),20.0,-2.0536790656666137,1.16263791721751,-6.064759770652225,-2.1300413065059782,-1.8291538616026881,-1.647789010910993,-0.3606247674419071,0.2599737416117126
Decrease by 3 (no 1),18.0,-2.493316144539306,1.3143038326719538,-5.622270078104371,-3.044496770663922,-2.514671716710907,-1.6083841895177922,-0.5511174613052324,0.3097843842072694
Increase by 1 (no 1),17.0,-2.1045520220770384,1.2018781659098443,-3.9525636606087913,-3.084664050443975,-1.7111520908101634,-1.0313260491648064,-0.6221160350025207,0.29149827218646557
Increase by 2 (no 1),16.0,-2.070244947888524,1.0743916838632606,-3.6687517855424976,-3.1066467765204555,-1.7025324161543551,-1.2780840991620213,-0.4681002850256078,0.2685979209658152
Increase by 3 (no 1),14.0,-2.0808309378719874,1.6700321482858351,-5.698225376841195,-2.595112443516893,-1.7287237287398483,-0.8113676791697229,-0.4172101947090421,0.4463348659845463
