Source,SS,DF,MS,F,p-unc,ng2,eps
condition,2.1333333333333178,1,2.1333333333333178,0.48275862068965075,0.49854531882930186,0.00015883100381194293,1.0
Error,61.86666666666679,14,4.419047619047627,,,,
