Source,SS,DF,MS,F,p-unc,ng2,eps
condition,8.0,1,8.0,0.13513513513513511,0.7183012567931346,0.001953125,1.0
Error,888.0,15,59.2,,,,
