Source,SS,DF,MS,F,p-unc,ng2,eps
condition,0.17380518065209866,1,0.17380518065209866,0.010193732465498727,0.9210107171656338,5.295690573641098e-05,1.0
Error,238.70280462675782,14,17.050200330482703,,,,
