Source,SS,DF,MS,F,p-unc,ng2,eps
condition,31.168333505865657,1,31.168333505865657,16.761012713273146,0.0027007399543004587,0.4469162294165633,1.0
Error,16.73616065756274,9,1.8595734063958598,,,,
