Source,SS,DF,MS,F,p-unc,ng2,eps
condition,10.572044658594098,1,10.572044658594098,9.605049689511684,0.007844824447502978,0.08864567494162713,1.0
Error,15.40945960768289,14,1.1006756862630636,,,,
