condition,count,mean,std,min,25%,50%,75%,max,sem
65 ACC1,12.0,5.702471960511154,2.3559483498420537,1.86270279879666,4.635399850065938,5.6623057058624084,6.8043735687733395,10.239529465858332,0.6801037069890821
65 ALL,14.0,3.392029994430407,1.2345982390130017,0.8310371392241426,3.107508234684663,3.4222138081617173,4.0403106944491896,5.369772302914479,0.32996025862150696
