condition,count,mean,std,min,25%,50%,75%,max,sem
65 ACC1,12.0,545.0,11.070025047191834,528.0,535.0,546.0,556.0,556.0,3.1956409704660524
65 ALL,14.0,540.0,11.740790171285484,524.0,529.0,542.0,552.0,556.0,3.137858162210947
