condition,count,mean,std,min,25%,50%,75%,max,sem
65 ACC1,15.0,-7.583620120192975,1.9377695285179724,-10.731540518977075,-8.990925065936501,-7.103242639280946,-6.228304926822268,-4.781894516367384,0.5003299408492202
65 ALL,24.0,-5.9246445979648,2.1181441200648083,-10.603812348397266,-7.107608674247391,-6.069729209894012,-4.689921088323512,-2.050047150115644,0.43236435798627076
