Contrast,Coef,Std.Err.,z,P>|z|,P>|z| (adj)
65 ACC1 - 65 ALL,1.6222814498607439,0.5766586757920416,2.8132438094901424,0.004904444949745956,0.004904444949745956
