Contrast,Coef,Std.Err.,z,P>|z|,P>|z| (adj)
65 ACC1 - 65 ALL,-1.9901167101232327,1.6807651646185915,-1.1840539963682797,0.2363916890268194,0.23639168902681945
