Contrast,Coef,Std.Err.,z,P>|z|,P>|z| (adj)
65 ACC1 - 65 ALL,1.6968946510607015,0.2275359737660735,7.457698327760931,8.815170815523743e-14,8.815170815523743e-14
