Contrast,Coef,Std.Err.,z,P>|z|,P>|z| (adj)
65 ACC1 - 65 ALL,1.6968946510607021,0.22753597376607346,7.457698327760935,8.815170815523743e-14,8.815170815523743e-14
