Contrast,Coef,Std.Err.,z,P>|z|,P>|z| (adj)
65 ACC1 - 65 ALL,0.9895314364832007,1.704731833361495,0.5804616404282085,0.5616033476942563,0.5616033476942563
