Contrast,Coef,Std.Err.,z,P>|z|,P>|z| (adj)
65 ACC1 - 65 ALL,2.808571410197106,2.633481950606191,1.0664859159374958,0.2862040420036607,0.2862040420036607
