Source,SS,DF,MS,F,p-unc,ng2,eps
condition,9.436321930329747,2,4.7181609651648735,5.010907218183841,0.010745217321778291,0.03399367070017858,0.944520114912701
Error,43.31259689063785,46,0.9415781932747358,,,,
