Source,SS,DF,MS,F,p-unc,ng2,eps
condition,35.87878787878791,2,17.939393939393955,0.7212475633528258,0.49836410699869527,0.01837140019860975,0.7350986718062619
Error,497.4545454545464,20,24.87272727272732,,,,
