Source,SS,DF,MS,F,p-unc,ng2,eps
condition,21.777777777777953,2,10.888888888888976,0.17925878797518843,0.8364706569291915,0.0030705602205790446,0.8869226378483579
Error,2794.222222222221,46,60.743961352656974,,,,
