Source,SS,DF,MS,F,p-unc,ng2,eps
condition,3.6573184568221366,2,1.8286592284110683,1.3433246422884018,0.27102087207283804,0.005282552610760136,0.9159979249043954
Error,62.61950526241412,46,1.3612935926611767,,,,
