Source,SS,DF,MS,F,p-unc,ng2,eps
condition,3.1111111111110983,2,1.5555555555555491,0.061709467228823,0.9402336872773217,0.0005284015852047533,0.8709510050466619
Error,1159.5555555555566,46,25.207729468599055,,,,
