Source,SS,DF,MS,F,p-unc,ng2,eps
condition,1.2152256300670432,2,0.6076128150335216,0.6927019843156246,0.5055945270466176,0.006468962281344359,0.9604839367514291
Error,38.59518879231817,44,0.8771633816435948,,,,
