Source,SS,DF,MS,F,p-unc,ng2,eps
condition,69.33333333333408,2,34.66666666666704,0.512864493996575,0.6021612234784428,0.004439890710382562,0.9296694219397058
Error,3109.333333333334,46,67.59420289855073,,,,
