condition,count,mean,std,min,25%,50%,75%,max,sem
Decrease by 1,20.0,3.491863531418956,2.3396596507828913,0.069084359587204,1.642574382468274,3.295283294238523,5.95697649682639,7.334705931216013,0.5231638023363964
Decrease by 2,19.0,3.613779653218524,1.7191667041340444,0.8009393932887695,2.4098051165374086,3.347113005221372,5.283562740411851,6.63544026020184,0.3944038910747467
Decrease by 3,20.0,3.83820710585588,2.6778947704701093,0.1017312723132945,1.7054010606931762,3.2242847925980795,5.407979730372647,10.314573418629124,0.5987954743362361
