Contrast,Coef,Std.Err.,z,P>|z|,P>|z| (adj)
Decrease by 1 - Decrease by 2,17.1199311388511,6.397091688700899,2.6762053714330554,0.007446100208893691,0.0221723802463388
Decrease by 1 - Decrease by 3,9.757152122467588,6.444873342106005,1.5139400892057286,0.13004103519330013,0.24317139955245515
Decrease by 2 - Decrease by 3,-7.362779016383513,6.427653762222138,-1.1454846960888707,0.2520084313933981,0.2520084313933981
