Contrast,Coef,Std.Err.,z,P>|z|,P>|z| (adj)
Decrease by 1 - Decrease by 2,-0.023363925518327163,2.0132009389793124,-0.011605361921881783,0.9907404687529084,0.9907404687529084
Decrease by 1 - Decrease by 3,1.732873820107965,2.0498329837009446,0.8453731761986216,0.39790251616994965,0.7593699226864488
Decrease by 2 - Decrease by 3,1.756237745626292,1.992173661146447,0.8815686001066898,0.3780101416086561,0.7593699226864488
