Contrast,Coef,Std.Err.,z,P>|z|,P>|z| (adj)
Decrease by 1 - Decrease by 2,5.165226777525227,3.0878507401227555,1.672757918771646,0.09437496211529584,0.2572455491198054
Decrease by 1 - Decrease by 3,3.4618985483333558,3.1112355018833844,1.1127086156730013,0.2658335940550698,0.4609996883819039
Decrease by 2 - Decrease by 3,-1.7033282291918712,3.115628042660826,-0.5467046148863088,0.5845816831888371,0.5845816831888371
