Contrast,Coef,Std.Err.,z,P>|z|,P>|z| (adj)
Decrease by 1 - Decrease by 2,0.026830114290579445,0.3117002184389661,0.08607666181611302,0.9314054759276169,0.9314054759276169
Decrease by 1 - Decrease by 3,-0.1840300579094763,0.3113494017590447,-0.5910724635080505,0.5544718692263457,0.8771625867683117
Decrease by 2 - Decrease by 3,-0.21086017220005573,0.31474795617364,-0.6699334120019782,0.502900239273385,0.8771625867683117
