Contrast,Coef,Std.Err.,z,P>|z|,P>|z| (adj)
Decrease by 1 - Decrease by 2,-0.2011748723612902,1.3127486883990396,-0.1532470564542195,0.8782034502148495,0.9690610972102334
Decrease by 1 - Decrease by 3,-0.5337806550891633,1.320597898827354,-0.40419620201057593,0.6860684463977489,0.9690610972102334
Decrease by 2 - Decrease by 3,-0.3326057827278731,1.2844367289624026,-0.25895069428336864,0.7956732833961464,0.9690610972102334
