Contrast,Coef,Std.Err.,z,P>|z|,P>|z| (adj)
Decrease by 1 - Decrease by 2,1.2377479651803172,2.3586924509018843,0.5247602181908219,0.5997498897159539,0.8397998492176089
Decrease by 1 - Decrease by 3,1.9481383209372167,2.3723257579679373,0.8211934277550201,0.4115360995159367,0.7962209758540263
Decrease by 2 - Decrease by 3,0.7103903557568996,2.3092065867246943,0.30763395524715476,0.7583608798377259,0.8397998492176089
