Contrast,Coef,Std.Err.,z,P>|z|,P>|z| (adj)
Decrease by 1 - Decrease by 2,0.019394737836214752,0.2716867798479589,0.07138638783627388,0.9430902429027295,0.9931008746287687
Decrease by 1 - Decrease by 3,0.06583035164685758,0.2732648570154728,0.2409031017227734,0.8096302181012391,0.9931008746287687
Decrease by 2 - Decrease by 3,0.046435613810642824,0.2659496956369985,0.174602996628445,0.8613915937898766,0.9931008746287687
