Contrast,A,B,Paired,Parametric,T,dof,alternative,p-unc,p-corr,p-adjust,BF10,cohen,ci_lower,ci_upper
condition,Decrease by 1,Decrease by 2,True,True,-0.04133256070341331,22.0,two-sided,0.9674035994874421,0.9674035994874421,fdr_bh,0.219,-0.005813542647929513,-0.44105889217560834,0.4238220228225069
condition,Decrease by 1,Decrease by 3,True,True,-0.36417028164249976,22.0,two-sided,0.7192075798431541,0.9674035994874421,fdr_bh,0.232,-0.05358262634823565,-0.5089900925459612,0.35712058675858976
condition,Decrease by 2,Decrease by 3,True,True,-0.45811895133358116,22.0,two-sided,0.6513599346601284,0.9674035994874421,fdr_bh,0.241,-0.05525303174808081,-0.48911070090134956,0.3563451081485496
