Contrast,A,B,Paired,Parametric,T,dof,alternative,p-unc,p-corr,p-adjust,BF10,cohen,ci_lower,ci_upper
condition,Decrease by 1,Decrease by 2,True,True,1.0191471333604445,16.0,two-sided,0.32329699253294375,0.32329699253294375,fdr_bh,0.391,0.15186065692858627,-0.3038711056408433,0.7004334721038371
condition,Decrease by 1,Decrease by 3,True,True,-1.377761807595478,16.0,two-sided,0.18724332260499674,0.28086498390749515,fdr_bh,0.556,-0.19460185954306639,-0.8027434774069184,0.21320766524921053
condition,Decrease by 2,Decrease by 3,True,True,-1.7907103203426866,16.0,two-sided,0.09227659661814884,0.27682978985444656,fdr_bh,0.923,-0.34490842130596794,-0.8382139588740318,0.18272204978634848
