Contrast,A,B,Paired,Parametric,T,dof,alternative,p-unc,p-corr,p-adjust,BF10,cohen,ci_lower,ci_upper
condition,Decrease by 1,Decrease by 2,True,True,0.20890970240062032,23.0,two-sided,0.8363578929629276,0.9163386099447601,fdr_bh,0.219,0.03619521260272601,-0.3798113765176844,0.465098405384052
condition,Decrease by 1,Decrease by 3,True,True,0.43963315494212873,23.0,two-sided,0.6643060340022995,0.9163386099447601,fdr_bh,0.234,0.05369514855900103,-0.33337251473260154,0.5128519986689603
condition,Decrease by 2,Decrease by 3,True,True,0.10620752908772088,23.0,two-sided,0.9163386099447601,0.9163386099447601,fdr_bh,0.216,0.018148850216016206,-0.40063305856862014,0.4439921007530732
