Contrast,A,B,Paired,Parametric,T,dof,alternative,p-unc,p-corr,p-adjust,BF10,cohen,ci_lower,ci_upper
condition,Decrease by 1,Decrease by 2,True,True,0.4404151646360276,10.0,two-sided,0.6690039160048644,0.6690039160048644,fdr_bh,0.323,0.13083109125490872,-0.5103866732658142,0.7655116571393066
condition,Decrease by 1,Decrease by 3,True,True,-1.0767638041163312,10.0,two-sided,0.30687609010193995,0.46143085769957937,fdr_bh,0.479,-0.18766730740825815,-1.0429477449798397,0.2739237860147333
condition,Decrease by 2,Decrease by 3,True,True,-1.0750164544594147,10.0,two-sided,0.3076205717997196,0.46143085769957937,fdr_bh,0.478,-0.322989020866958,-0.5839505195823507,0.5238624689954015
