Contrast,A,B,Paired,Parametric,T,dof,alternative,p-unc,p-corr,p-adjust,BF10,cohen,ci_lower,ci_upper
condition,Decrease by 1,Decrease by 2,True,True,1.0182056548485394,23.0,two-sided,0.31917188533438073,0.4520670585178167,fdr_bh,0.342,0.10059178127788705,-0.2189584345100665,0.6346391524426209
condition,Decrease by 1,Decrease by 3,True,True,-0.7649711340049844,23.0,two-sided,0.4520670585178167,0.4520670585178167,fdr_bh,0.28,-0.0766008247470025,-0.580978208230893,0.2686800505191554
condition,Decrease by 2,Decrease by 3,True,True,-1.4456286973135666,23.0,two-sided,0.16177057298278052,0.4520670585178167,fdr_bh,0.537,-0.17202183456186498,-0.7264450776831402,0.13626963335937542
