Contrast,A,B,Paired,Parametric,T,dof,alternative,p-unc,p-corr,p-adjust,BF10,cohen,ci_lower,ci_upper
condition,Decrease by 1,Decrease by 2,True,True,2.6326106421994426,23.0,two-sided,0.014880291103979247,0.044640873311937744,fdr_bh,3.475,0.5408119353306857,0.08565900077994071,0.9890997933549543
condition,Decrease by 1,Decrease by 3,True,True,1.6520987802631037,23.0,two-sided,0.11210279420421268,0.16815419130631903,fdr_bh,0.701,0.309316229983449,-0.09686933028453132,0.7713358330043767
condition,Decrease by 2,Decrease by 3,True,True,-1.0325633047002265,23.0,two-sided,0.31254435645112655,0.31254435645112655,fdr_bh,0.346,-0.22069192978187852,-0.6376980123654745,0.21615580842589005
