{
  "analysis_id": "landing_on_1",
  "date_analyzed": "2025-10-13T19:57:17.732663",
  "baseline_ms": [
    -100,
    0
  ],
  "response_filter": "ALL",
  "fal_fraction": 0.5,
  "n_subjects_total": 24,
  "n_evokeds_included": 20,
  "conditions": [
    "Cardinality1",
    "2 to 1",
    "3 to 1",
    "4 to 1"
  ],
  "components": {
    "N1": {
      "peak_latency_ms": 180.0,
      "peak_gfp_amplitude": -2.7589414646971675,
      "fwhm_ms": 60.01898460260344,
      "window_start_ms": 151.79241428351912,
      "window_end_ms": 211.81139888612256,
      "search_range_ms": [
        125.0,
        200.0
      ],
      "method": "GFP_collapsed_localizer",
      "n_subjects": 20,
      "n_conditions": 4
    },
    "P3b": {
      "peak_latency_ms": 480.0,
      "peak_gfp_amplitude": 3.5649146708554555,
      "fwhm_ms": 116.80386930551174,
      "window_start_ms": 437.49261990453954,
      "window_end_ms": 554.2964892100513,
      "search_range_ms": [
        320.0,
        590.0
      ],
      "method": "GFP_collapsed_localizer",
      "n_subjects": 20,
      "n_conditions": 4
    }
  }
}