{
  "analysis_id": "landing_on_1",
  "date_analyzed": "2025-10-14T02:08:03.089089",
  "baseline_ms": [
    -100,
    0
  ],
  "response_filter": "ALL",
  "fal_fraction": 0.5,
  "n_subjects_total": 24,
  "n_evokeds_included": 96,
  "conditions": [
    "Cardinality1",
    "2 to 1",
    "3 to 1",
    "4 to 1"
  ],
  "components": {
    "P1": {
      "collapsed_peak_latency_ms": 120.0,
      "peak_gfp_amplitude": 2.544370795523916,
      "fwhm_ms": 48.23612011521931,
      "window_start_ms": 97.39200613021089,
      "window_end_ms": 145.6281262454302,
      "search_range_ms": [
        60.0,
        120.0
      ],
      "method": "GFP_collapsed_localizer",
      "n_subjects": 96,
      "n_conditions": 4
    },
    "N1": {
      "collapsed_peak_latency_ms": 180.0,
      "peak_gfp_amplitude": -2.3892631922999987,
      "fwhm_ms": 46.03128384684419,
      "window_start_ms": 158.17790800353265,
      "window_end_ms": 204.20919185037684,
      "search_range_ms": [
        125.0,
        200.0
      ],
      "method": "GFP_collapsed_localizer",
      "n_subjects": 96,
      "n_conditions": 4
    },
    "P3b": {
      "collapsed_peak_latency_ms": 476.0,
      "peak_gfp_amplitude": 2.566103486692801,
      "fwhm_ms": 106.83873787000766,
      "window_start_ms": 428.21852297715475,
      "window_end_ms": 535.0572608471624,
      "search_range_ms": [
        320.0,
        590.0
      ],
      "method": "GFP_collapsed_localizer",
      "n_subjects": 96,
      "n_conditions": 4
    }
  }
}