{
  "analysis_id": "large_increasing_vs_decreasing",
  "date_analyzed": "2025-10-12T12:58:09.670492",
  "baseline_ms": [
    -100,
    0
  ],
  "response_filter": "ALL",
  "n_subjects_total": 24,
  "n_evokeds_included": 48,
  "conditions": [
    "Large_Increasing",
    "Large_Decreasing"
  ],
  "components": {
    "P1": {
      "peak_latency_ms": 104.0,
      "peak_gfp_amplitude": 0.8601250109588509,
      "fwhm_ms": 39.87898485699668,
      "window_start_ms": 78.02686643876314,
      "window_end_ms": 117.90585129575982,
      "search_range_ms": [
        60.0,
        120.0
      ],
      "method": "GFP_collapsed_localizer",
      "n_subjects": 48,
      "n_conditions": 2
    },
    "N1": {
      "peak_latency_ms": 172.0,
      "peak_gfp_amplitude": -3.7166396623036517,
      "fwhm_ms": 72.02855513194845,
      "window_start_ms": 135.58394564971513,
      "window_end_ms": 207.61250078166358,
      "search_range_ms": [
        125.0,
        200.0
      ],
      "method": "GFP_collapsed_localizer",
      "n_subjects": 48,
      "n_conditions": 2
    },
    "P3b": {
      "peak_latency_ms": 464.0,
      "peak_gfp_amplitude": 1.1722731030251043,
      "fwhm_ms": 22.21592577792046,
      "window_start_ms": 452.583350033011,
      "window_end_ms": 474.7992758109315,
      "search_range_ms": [
        320.0,
        590.0
      ],
      "method": "GFP_collapsed_localizer",
      "n_subjects": 48,
      "n_conditions": 2
    }
  }
}