{
  "analysis_id": "large_increasing_vs_decreasing",
  "date_analyzed": "2025-10-13T19:57:53.609858",
  "baseline_ms": [
    -100,
    0
  ],
  "response_filter": "ALL",
  "fal_fraction": 0.5,
  "n_subjects_total": 24,
  "n_evokeds_included": 48,
  "conditions": [
    "Large_Increasing",
    "Large_Decreasing"
  ],
  "components": {
    "P1": {
      "peak_latency_ms": 100.0,
      "peak_gfp_amplitude": 0.3688830072740545,
      "fwhm_ms": 31.9338286316883,
      "window_start_ms": 81.93569654794729,
      "window_end_ms": 113.86952517963559,
      "search_range_ms": [
        60.0,
        120.0
      ],
      "method": "GFP_collapsed_localizer",
      "n_subjects": 48,
      "n_conditions": 2
    },
    "N1": {
      "peak_latency_ms": 176.0,
      "peak_gfp_amplitude": -4.1108222002162265,
      "fwhm_ms": 69.19034420709801,
      "window_start_ms": 137.40187623765763,
      "window_end_ms": 206.59222044475564,
      "search_range_ms": [
        125.0,
        200.0
      ],
      "method": "GFP_collapsed_localizer",
      "n_subjects": 48,
      "n_conditions": 2
    },
    "P3b": {
      "peak_latency_ms": 464.0,
      "peak_gfp_amplitude": 1.5127407902235743,
      "fwhm_ms": 97.26233922977974,
      "window_start_ms": 442.48667813798113,
      "window_end_ms": 539.7490173677609,
      "search_range_ms": [
        320.0,
        590.0
      ],
      "method": "GFP_collapsed_localizer",
      "n_subjects": 48,
      "n_conditions": 2
    }
  }
}