Source,SS,DF,MS,F,p-unc,ng2,eps
condition,45.694673247992135,3,15.231557749330712,2.9945769421529076,0.05071299214553301,0.15860386940266627,0.5574382053748747
Error,122.07313187989918,24,5.086380494995799,,,,
