Source,SS,DF,MS,F,p-unc,ng2,eps
condition,2869.333333333323,3,956.444444444441,1.0681225958555611,0.38115202822413685,0.07074603313754689,0.890532683563421
Error,21490.66666666667,24,895.4444444444447,,,,
