Source,SS,DF,MS,F,p-unc,ng2,eps
condition,8.69875220009227,3,2.8995840666974235,1.0908845626534414,0.3588825547903382,0.016384721713625993,0.9346896289019144
Error,183.40281589050414,69,2.65801182450006,,,,
