Source,SS,DF,MS,F,p-unc,ng2,eps
condition,37.83333333333293,3,12.611111111110977,0.21634276716529005,0.8847467982556996,0.005643537279665803,0.8855903516488297
Error,4022.1666666666665,69,58.292270531400966,,,,
