Source,SS,DF,MS,F,p-unc,ng2,eps
condition,19.40423193577981,3,6.468077311926603,0.3025910477370131,0.8232031293212302,0.011776629999595433,0.5791322696429141
Error,513.0153606565214,24,21.375640027355058,,,,
