Source,SS,DF,MS,F,p-unc,ng2,eps
condition,512.0,3,170.66666666666666,1.0,0.5000000000000001,0.3333333333333333,0.3333333333333333
Error,512.0,3,170.66666666666666,,,,
