Source,SS,DF,MS,F,p-unc,p-GG-corr,ng2,eps,sphericity,W-spher,p-spher
condition,295.16666666666976,3,98.38888888888992,0.36132277150435477,0.7811120594753957,0.7285035563632882,0.007253232418795407,0.770001272203824,False,0.5444958924400044,0.021664775875190886
Error,18788.833333333336,69,272.3019323671498,,,,,,,,
