Source,SS,DF,MS,F,p-unc,ng2,eps
condition,12.220044168022225,3,4.073348056007409,0.585682026097123,0.6644278482103274,0.34355001627518217,0.3333333333333334
Error,20.86463921294349,3,6.95487973764783,,,,
