Source,SS,DF,MS,F,p-unc,ng2,eps
condition,77.35823126021637,3,25.78607708673879,3.7016302482597756,0.025466668486066456,0.1719616808662828,0.503380900292384
Error,167.187376527592,24,6.966140688649666,,,,
