Source,SS,DF,MS,F,p-unc,ng2,eps
condition,9.493078430439033,3,3.164359476813011,1.9377544649943401,0.13373651671484282,0.0405008289647223,0.9655618434691103
Error,93.08118930272647,57,1.6330033211004644,,,,
