condition,count,mean,std,min,25%,50%,75%,max,sem
Cardinality2,1.0,-3.020521306110749,,-3.020521306110749,-3.020521306110749,-3.020521306110749,-3.020521306110749,-3.020521306110749,
Cardinality3,3.0,-4.357881358403798,0.8181706887566339,-5.220519460126231,-4.740345338985523,-4.260171217844815,-3.926562307542582,-3.592953397240349,0.47237106739670415
Decreasing 3 to 2,1.0,-4.135201471879305,,-4.135201471879305,-4.135201471879305,-4.135201471879305,-4.135201471879305,-4.135201471879305,
Increasing 2 to 3,3.0,-4.899958182478972,1.1447144972334673,-6.044613182642865,-5.472345174992634,-4.900077167342404,-4.327630682397026,-3.755184197451648,0.6609012231230093
