condition,count,mean,std,min,25%,50%,75%,max,sem
Cardinality2,10.0,2.6424552626184545,1.7379270280190382,0.8054586211932526,1.3265876026227144,2.4861391274874043,3.2232115854321846,6.799917521442641,0.549580781570743
Cardinality3,12.0,2.438298653836402,1.0291005859191897,0.9948648950761324,1.6769850471226857,2.3750901303335987,2.9010772716780897,4.663491905469381,0.29707575015182286
Decreasing 3 to 2,11.0,3.1417655618823046,2.026926165932325,0.9934705591370216,1.5830755546175634,3.512835475197845,3.97459098842132,7.959249332409885,0.6111412336501065
Increasing 2 to 3,8.0,2.9024184295047464,2.0160439676773465,0.9773991887706652,1.215879789193026,2.6270957396137815,3.665725687041185,6.956257336153471,0.7127791803574424
