condition,count,mean,std,min,25%,50%,75%,max,sem
Cardinality2,1.0,167.67452504355353,,167.67452504355353,167.67452504355353,167.67452504355353,167.67452504355353,167.67452504355353,
Cardinality3,3.0,168.5389767452909,5.943531535958585,161.75754746832197,166.38680167244348,171.01605587656502,171.92969138377538,172.84332689098576,3.4314995322227135
Decreasing 3 to 2,1.0,168.95806735732685,,168.95806735732685,168.95806735732685,168.95806735732685,168.95806735732685,168.95806735732685,
Increasing 2 to 3,3.0,167.02899377575088,1.05852788046733,165.81075862360927,166.68139834840787,167.55203807320646,167.63811135182166,167.72418463043687,0.6111413567325393
