condition,count,mean,std,min,25%,50%,75%,max,sem
Cardinality2,14.0,174.21382684065765,11.005874676190066,157.30723662444402,168.25839930281978,171.72330191589015,180.18341492668657,197.74896433793936,2.9414437342910613
Cardinality3,14.0,173.1422144021927,6.772889375820019,154.1125043961802,172.26712669826895,173.00252632971424,176.7656902487735,184.74171243080167,1.8101308259171216
Decreasing 3 to 2,17.0,172.17113917210992,7.4826732514943695,157.75212140840446,167.6007631484238,171.88171275656137,174.59700522765837,189.33562265571788,1.8148148339938353
Increasing 2 to 3,18.0,171.71144739526352,7.41688905611202,155.90694365760135,167.57916496129232,171.26806500647155,176.13245338378974,185.8830026296591,1.7481775156283663
