condition,count,mean,std,min,25%,50%,75%,max,sem
Cardinality2,14.0,-3.4839527085586894,1.6694166508520096,-6.614049853774462,-4.488258328426424,-3.2185861760602656,-2.0147544672765316,-1.3813815081588838,0.4461703673759883
Cardinality3,14.0,-3.3974641790506017,1.1794136564050843,-5.4672390234739145,-4.29196406145595,-3.1473521254482306,-2.4312219281677407,-1.829419792101011,0.3152115585392962
Decreasing 3 to 2,17.0,-3.950549585437409,1.4741992418329837,-6.464899683481046,-5.087536175650024,-3.723185326760868,-2.8696965020680967,-1.772173494370786,0.357545834546051
Increasing 2 to 3,18.0,-3.4719890683372374,0.8084348479526988,-4.880108061535426,-4.211051278163589,-3.311375915712009,-2.9892393346344033,-2.186346922964212,0.19054992104495624
