condition,count,mean,std,min,25%,50%,75%,max,sem
Cardinality2,24.0,174.33333333333334,20.9651194102027,140.0,160.0,170.0,189.0,208.0,4.279487079293001
Cardinality3,24.0,171.16666666666666,19.45265527123352,140.0,162.0,170.0,177.0,208.0,3.9707566297319694
Decreasing 3 to 2,24.0,175.33333333333334,22.276262793789513,140.0,160.0,170.0,194.0,208.0,4.547123101744163
Increasing 2 to 3,24.0,171.66666666666666,21.031377524539614,140.0,156.0,166.0,184.0,208.0,4.293011960246704
