Contrast,Coef,Std.Err.,z,P>|z|,P>|z| (adj)
Cardinality2 - Cardinality3,0.018384118488455885,0.28361761162919297,0.06482008780361506,0.9483172473293315,0.9996025082234768
Cardinality2 - Decreasing 3 to 2,-0.007565655646558144,0.2854219338489429,-0.026506917476644253,0.9788530161904756,0.9996025082234768
Cardinality2 - Increasing 2 to 3,-0.0865151075757241,0.2853322834132068,-0.30320826841187254,0.7617311481632902,0.9993804071663799
Cardinality3 - Decreasing 3 to 2,-0.02594977413501403,0.2811997085670544,-0.0922823649684761,0.9264736992932481,0.9996025082234768
Cardinality3 - Increasing 2 to 3,-0.10489922606417998,0.28009369729218125,-0.3745147680161963,0.7080213714446442,0.9993804071663799
Decreasing 3 to 2 - Increasing 2 to 3,-0.07894945192916596,0.2781592790822,-0.2838282159403903,0.7765420301648522,0.9993804071663799
