Contrast,Coef,Std.Err.,z,P>|z|,P>|z| (adj)
Cardinality2 - Cardinality3,-0.5576755171494181,0.36321650245001774,-1.5353804504688215,0.12469040292975708,0.45398912166775696
Cardinality2 - Decreasing 3 to 2,-0.577734378615919,0.3655331881018821,-1.5805250998300373,0.1139866634493043,0.45398912166775696
Cardinality2 - Increasing 2 to 3,-0.6577740366381646,0.36559054461117657,-1.7992096522565688,0.07198552318299511,0.36125353887695816
Cardinality3 - Decreasing 3 to 2,-0.020058861466500932,0.3601546305073352,-0.055695136942276235,0.9555846736489815,0.9892785959658874
Cardinality3 - Increasing 2 to 3,-0.10009851948874648,0.35752486110126774,-0.27997638871998304,0.7794956198194447,0.9892785959658874
Decreasing 3 to 2 - Increasing 2 to 3,-0.08003965802224555,0.3559624017690708,-0.224854247595989,0.8220926629762733,0.9892785959658874
