Contrast,Coef,Std.Err.,z,P>|z|,P>|z| (adj)
Cardinality2 - Cardinality3,2.103787805220249,3.4092662080763865,0.6170793586715164,0.5371823827649074,0.88778185963994
Cardinality2 - Decreasing 3 to 2,4.283869186605327,3.457457487700433,1.239022953093356,0.21533699789237226,0.6644451453688831
Cardinality2 - Increasing 2 to 3,6.482093807890531,3.414001700024724,1.8986791388661548,0.05760667603118663,0.2995240883079568
Cardinality3 - Decreasing 3 to 2,2.1800813813850777,3.4011359983426983,0.640986241787269,0.5215316218251562,0.88778185963994
Cardinality3 - Increasing 2 to 3,4.378306002670282,3.387525690081034,1.2924790549899998,0.19619129479309105,0.6644451453688831
Decreasing 3 to 2 - Increasing 2 to 3,2.1982246212852043,3.397783054750985,0.6469584978980675,0.5176588041057992,0.88778185963994
