Contrast,Coef,Std.Err.,z,P>|z|,P>|z| (adj)
Cardinality2 - Cardinality3,0.9430533681803778,0.5042310774007442,1.870280136325024,0.06144492646159483,0.2772982739030748
Cardinality2 - Decreasing 3 to 2,-0.043831255850017334,0.50560655673541,-0.08669044193775113,0.9309175740434088,0.9811500040835481
Cardinality2 - Increasing 2 to 3,0.12129783069650778,0.4760157925834966,0.2548189211080245,0.7988629606453432,0.9811500040835481
Cardinality3 - Decreasing 3 to 2,-0.9868846240303951,0.5093671986517964,-1.93747188009456,0.052687687497462665,0.2772982739030748
Cardinality3 - Increasing 2 to 3,-0.82175553748387,0.4901134460388939,-1.676663931841319,0.09360821740017777,0.3250620654417018
Decreasing 3 to 2 - Increasing 2 to 3,0.1651290865465251,0.4856878084424001,0.33999018232739625,0.7338639213774396,0.9811500040835481
