Contrast,Coef,Std.Err.,z,P>|z|,P>|z| (adj)
Cardinality2 - Cardinality3,0.9030510806068206,1.4757853155626357,0.6119122280753532,0.5405958308155174,0.877297724805917
Cardinality2 - Decreasing 3 to 2,2.429354354470748,1.6076918600074763,1.5110820766732318,0.13076754061165352,0.5686640921627213
Cardinality2 - Increasing 2 to 3,1.0002525856128022,1.4937004249538712,0.6696473863851864,0.5030825988497116,0.877297724805917
Cardinality3 - Decreasing 3 to 2,1.5263032738639273,1.6053817840318088,0.9507416173807074,0.3417355561412849,0.8764046912964365
Cardinality3 - Increasing 2 to 3,0.09720150500598157,1.4378674972926275,0.06760115600985701,0.9461031351436873,0.9461031351436873
Decreasing 3 to 2 - Increasing 2 to 3,-1.4291017688579457,1.6198988494396551,-0.8822166701039953,0.37765964885057124,0.8764046912964365
