Contrast,Coef,Std.Err.,z,P>|z|,P>|z| (adj)
Cardinality2 - Cardinality3,0.41123663932076576,2.582327684303511,0.15925037005196413,0.8734716206152513,0.9917345486026461
Cardinality2 - Decreasing 3 to 2,-1.2527301928936931,2.5946431509335555,-0.4828140595915702,0.6292277670286184,0.9811014358145165
Cardinality2 - Increasing 2 to 3,0.665135530143621,2.5963611413535173,0.2561798971451549,0.7978119305589944,0.9917345486026461
Cardinality3 - Decreasing 3 to 2,-1.663966832214459,2.565033564662268,-0.6487115237548751,0.516524854428223,0.9735837744431434
Cardinality3 - Increasing 2 to 3,0.25389889082285527,2.5523124600443037,0.09947798116318722,0.9207587696586172,0.9917345486026461
Decreasing 3 to 2 - Increasing 2 to 3,1.9178657230373142,2.5374910861400246,0.755811806990317,0.4497620367178421,0.9722474236838945
