Contrast,Coef,Std.Err.,z,P>|z|,P>|z| (adj)
Cardinality2 - Cardinality3,0.019992508863580297,2.1630204972362788,0.009242866116675732,0.9926253648313053,0.9966926362325274
Cardinality2 - Decreasing 3 to 2,1.2062089207004973,2.1694650989926765,0.5559936969073911,0.578215163673077,0.98912681981301
Cardinality2 - Increasing 2 to 3,1.3621359047771924,2.165403073225836,0.6290449670176169,0.529319617715043,0.98912681981301
Cardinality3 - Decreasing 3 to 2,1.186216411836917,2.162923407343044,0.5484320007864156,0.5833953084020296,0.98912681981301
Cardinality3 - Increasing 2 to 3,1.342143395913612,2.1612336873258586,0.6210079936215852,0.5345943637115296,0.98912681981301
Decreasing 3 to 2 - Increasing 2 to 3,0.15592698407669503,2.1614430414981274,0.07214022349097841,0.9424903158809526,0.9966926362325274
