Contrast,Coef,Std.Err.,z,P>|z|,P>|z| (adj)
Cardinality2 - Cardinality3,0.41556462130317917,3.7847821776851465,0.10979882111930345,0.9125689260033008,0.9392533907301941
Cardinality2 - Decreasing 3 to 2,5.976828622621961,3.7281460140322578,1.6031637709805233,0.10889850174604176,0.4993167723794708
Cardinality2 - Increasing 2 to 3,4.829515634191499,3.4576443040544023,1.3967647361900277,0.16248432985195738,0.5253137629364921
Cardinality3 - Decreasing 3 to 2,5.561264001318782,3.753567876287264,1.4815940951678086,0.1384483311406206,0.5253137629364921
Cardinality3 - Increasing 2 to 3,4.41395101288832,3.7794967105429844,1.1678674042963213,0.24286025403595168,0.565961618792205
Decreasing 3 to 2 - Increasing 2 to 3,-1.1473129884304623,3.654026794021621,-0.31398592651471224,0.7535317276609301,0.9392533907301941
