Contrast,Coef,Std.Err.,z,P>|z|,P>|z| (adj)
Cardinality2 - Cardinality3,0.04393234506678562,0.5041682876067319,0.08713825551252108,0.9305616175175149,0.99966518971766
Cardinality2 - Decreasing 3 to 2,-0.9192807573379448,0.4966465650491551,-1.8509757683453623,0.06417303922795847,0.23302322797209252
Cardinality2 - Increasing 2 to 3,0.04627378549987808,0.5348081430715693,0.08652408550496886,0.9310498104009766,0.99966518971766
Cardinality3 - Decreasing 3 to 2,-0.9632131024047305,0.44311826894804723,-2.173715619289127,0.029726498909858456,0.14784260164973895
Cardinality3 - Increasing 2 to 3,0.002341440433092458,0.4723907993682174,0.004956575014212673,0.9960452415148828,0.99966518971766
Decreasing 3 to 2 - Increasing 2 to 3,0.9655545428378228,0.4346250242283336,2.2215806477138353,0.026311658913844127,0.14784260164973895
