Contrast,A,B,Paired,Parametric,T,dof,alternative,p-unc,p-corr,p-adjust,BF10,cohen,ci_lower,ci_upper
condition,Cardinality2,Cardinality3,True,True,1.3647605633471072,19.0,two-sided,0.18827396315811865,0.564821889474356,fdr_bh,0.52,0.30918727232670795,-0.17361706971113744,0.7839565482421454
condition,Cardinality2,Decreasing 3 to 2,True,True,-0.091351667357435,19.0,two-sided,0.9281694168372387,0.9281694168372387,fdr_bh,0.233,-0.02869809065871164,-0.5013970725556255,0.38608982075535747
condition,Cardinality2,Increasing 2 to 3,True,True,0.5652173913043479,19.0,two-sided,0.5785396766886085,0.6942476120263302,fdr_bh,0.268,0.12906930140625725,-0.3434931997286056,0.5962661015329296
condition,Cardinality3,Decreasing 3 to 2,True,True,-1.5204562053026538,19.0,two-sided,0.14486385267181834,0.564821889474356,fdr_bh,0.625,-0.3522522287410847,-0.6892339649256566,0.21014707210081204
condition,Cardinality3,Increasing 2 to 3,True,True,-0.6491104846976524,19.0,two-sided,0.5240366036413311,0.6942476120263302,fdr_bh,0.281,-0.1851292244980426,-0.6193816637146757,0.273957023860797
condition,Decreasing 3 to 2,Increasing 2 to 3,True,True,0.5914620763853514,19.0,two-sided,0.5611827261838194,0.6942476120263302,fdr_bh,0.272,0.16329931618554608,-0.4062345625940382,0.48082405149764657
