Contrast,A,B,Paired,Parametric,T,dof,alternative,p-unc,p-corr,p-adjust,BF10,cohen,ci_lower,ci_upper
condition,Cardinality2,Cardinality3,True,True,-0.1567675442007084,8.0,two-sided,0.8793121622281066,0.8793121622281066,fdr_bh,0.325,-0.07401014230474785,-0.7491880849345723,0.596389396858476
condition,Cardinality2,Decreasing 3 to 2,True,True,-1.7870003261739646,8.0,two-sided,0.11175017399544604,0.4820264179076884,fdr_bh,1.012,-0.8033986990094459,-1.210852903166895,0.1468287515746779
condition,Cardinality2,Increasing 2 to 3,True,True,-0.42047066498210933,8.0,two-sided,0.6852085766549217,0.8793121622281066,fdr_bh,0.347,-0.14690650367766342,-0.8402544560402976,0.5957932441338556
condition,Cardinality3,Decreasing 3 to 2,True,True,-1.5460547306486183,8.0,two-sided,0.16067547263589613,0.4820264179076884,fdr_bh,0.786,-0.6347016590096819,-1.0370633545171775,0.12648155931050403
condition,Cardinality3,Increasing 2 to 3,True,True,-0.18363913264669154,8.0,two-sided,0.8588656975792528,0.8793121622281066,fdr_bh,0.326,-0.07877984043874862,-0.9492305085404775,0.2915958120384737
condition,Decreasing 3 to 2,Increasing 2 to 3,True,True,1.1980167617186375,8.0,two-sided,0.26519622943830096,0.5303924588766019,fdr_bh,0.566,0.4545690739003921,-0.5736096754917126,0.4925526369246063
