Contrast,A,B,Paired,Parametric,T,dof,alternative,p-unc,p-corr,p-adjust,BF10,cohen,ci_lower,ci_upper
condition,Cardinality2,Cardinality3,True,True,0.11131493337549607,19.0,two-sided,0.9125341282321009,0.9689506406762666,fdr_bh,0.234,0.02454463041358378,-0.4431961146786263,0.4929776662663201
condition,Cardinality2,Decreasing 3 to 2,True,True,-0.2958473056462083,19.0,two-sided,0.7705558282787968,0.9689506406762666,fdr_bh,0.242,-0.08095772504350482,-0.4844110621470531,0.40270913608734593
condition,Cardinality2,Increasing 2 to 3,True,True,0.039440540549147675,19.0,two-sided,0.9689506406762666,0.9689506406762666,fdr_bh,0.233,0.010065150243875484,-0.45920433364183505,0.4768426795892812
condition,Cardinality3,Decreasing 3 to 2,True,True,-0.498013610425896,19.0,two-sided,0.624189727319145,0.9689506406762666,fdr_bh,0.26,-0.14675664768529675,-0.5524060180366637,0.33691419236350684
condition,Cardinality3,Increasing 2 to 3,True,True,-0.09789680477738998,19.0,two-sided,0.9230396205094226,0.9689506406762666,fdr_bh,0.233,-0.020478778299420405,-0.40863239820089886,0.4783875545353881
condition,Decreasing 3 to 2,Increasing 2 to 3,True,True,0.4889298535015767,19.0,two-sided,0.6304874684270467,0.9689506406762666,fdr_bh,0.259,0.1351378801560614,-0.310118835743201,0.5806792953895863
