Contrast,A,B,Paired,Parametric,T,dof,alternative,p-unc,p-corr,p-adjust,BF10,cohen,ci_lower,ci_upper
condition,Cardinality2,Cardinality3,True,True,-0.6279693801817459,8.0,two-sided,0.5475271714252814,0.8336110848742924,fdr_bh,0.379,-0.19967984268106675,-0.7126949242277817,0.718021424724823
condition,Cardinality2,Decreasing 3 to 2,True,True,-0.3510411645806529,8.0,two-sided,0.7346227772530378,0.8336110848742924,fdr_bh,0.339,-0.07186519390015106,-0.36428587245713107,0.9317785857531867
condition,Cardinality2,Increasing 2 to 3,True,True,0.2170385777540401,8.0,two-sided,0.8336110848742924,0.8336110848742924,fdr_bh,0.328,0.08046511352729208,-0.36359718870069124,0.8637402745859262
condition,Cardinality3,Decreasing 3 to 2,True,True,0.46886368128456757,8.0,two-sided,0.6516784233771893,0.8336110848742924,fdr_bh,0.353,0.12757479795858903,-0.24266897646949537,0.9474014462492244
condition,Cardinality3,Increasing 2 to 3,True,True,1.288961294434695,8.0,two-sided,0.23343157456690988,0.8336110848742924,fdr_bh,0.613,0.28148980926967365,-0.14339286395810957,1.2155852583180264
condition,Decreasing 3 to 2,Increasing 2 to 3,True,True,0.3849941200682183,8.0,two-sided,0.7102753678813036,0.8336110848742924,fdr_bh,0.343,0.15271228448601631,-0.3067687273567401,0.8707277294849651
