Contrast,A,B,Paired,Parametric,T,dof,alternative,p-unc,p-corr,p-adjust,BF10,cohen,ci_lower,ci_upper
condition,Cardinality2,Cardinality3,True,True,-0.5198752449100363,5.0,two-sided,0.6253385678196293,0.8940880625294945,fdr_bh,0.417,-0.3064257065179483,-1.0143206768982578,0.5441141364957045
condition,Cardinality2,Decreasing 3 to 2,True,True,-0.34367169831173533,5.0,two-sided,0.7450733854412455,0.8940880625294945,fdr_bh,0.392,-0.2629152410248094,-0.6875096599287521,0.743484290511986
condition,Cardinality2,Increasing 2 to 3,True,True,0.5423261445466404,5.0,two-sided,0.6108811833962556,0.8940880625294945,fdr_bh,0.421,0.3223459312882994,-0.47484530026051336,1.0995403478149377
condition,Cardinality3,Decreasing 3 to 2,True,True,0.11901388973144478,5.0,two-sided,0.909898163990063,0.909898163990063,fdr_bh,0.375,0.06991126899682834,-0.6787097431917841,1.0043792168312489
condition,Cardinality3,Increasing 2 to 3,True,True,1.0310150949352062,5.0,two-sided,0.34980124821049613,0.8940880625294945,fdr_bh,0.559,0.50709255283711,-0.14638430131442082,1.5762250072829018
condition,Decreasing 3 to 2,Increasing 2 to 3,True,True,0.8646754023342337,5.0,two-sided,0.42674533134035475,0.8940880625294945,fdr_bh,0.5,0.48259367185099467,-0.5039982499700619,1.0630834962217515
