Contrast,A,B,Paired,Parametric,T,dof,alternative,p-unc,p-corr,p-adjust,BF10,cohen,ci_lower,ci_upper
condition,Cardinality2,Cardinality3,True,True,-0.5405353419028375,8.0,two-sided,0.6035471230616403,0.8084481721173074,fdr_bh,0.364,-0.15053940865148416,-0.7223381099513118,0.7083930907760061
condition,Cardinality2,Decreasing 3 to 2,True,True,-0.5709692671177223,8.0,two-sided,0.5836990379143464,0.8084481721173074,fdr_bh,0.369,-0.10179092697549554,-0.4635601569139846,0.8170657244694359
condition,Cardinality2,Increasing 2 to 3,True,True,-0.7398345629192088,8.0,two-sided,0.4805450625140306,0.8084481721173074,fdr_bh,0.404,-0.2918813787259521,-0.7153042743851041,0.4968820018114004
condition,Cardinality3,Decreasing 3 to 2,True,True,0.12490689602959763,8.0,two-sided,0.9036789390005685,0.9036789390005685,fdr_bh,0.324,0.044415900025993334,-0.2760070637099432,0.9071596101308705
condition,Cardinality3,Increasing 2 to 3,True,True,-0.4369430181038477,8.0,two-sided,0.6737068100977561,0.8084481721173074,fdr_bh,0.349,-0.19574117140376424,-0.6343101335426974,0.6364295978838469
condition,Decreasing 3 to 2,Increasing 2 to 3,True,True,-0.5428524924556254,8.0,two-sided,0.6020232182851672,0.8084481721173074,fdr_bh,0.364,-0.20521889597909143,-0.7435459811270047,0.41880579455877887
