Source,SS,DF,MS,F,p-unc,ng2,eps
condition,24.31673359979609,1,24.31673359979609,20.395405010918036,0.00015548822186389394,0.130955535646289,1.0
Error,27.422101816360822,23,1.192265296363514,,,,
