Source,SS,DF,MS,F,p-unc,ng2,eps
condition,7.765761144051805,1,7.765761144051805,3.967022447068941,0.05840358783851869,0.015101347532419877,1.0
Error,45.024324590136985,23,1.9575793300059559,,,,
