Source,SS,DF,MS,F,p-unc,ng2,eps
condition,1.1515014919439182,1,1.1515014919439182,0.5934119716057583,0.45167598859267544,0.004760922126039708,1.0
Error,32.988086354368136,17,1.940475667904008,,,,
