Source,SS,DF,MS,F,p-unc,ng2,eps
condition,6.361466926729306,1,6.361466926729306,7.272118585526521,0.020779406256030832,0.14581635728952433,1.0
Error,9.622524078924368,11,0.8747749162658516,,,,
