Source,SS,DF,MS,F,p-unc,ng2,eps
condition,9.964008211795274,1,9.964008211795274,8.152368929283309,0.010125575246500717,0.08383838165654457,1.0
Error,23.22222628371081,19,1.2222224359847795,,,,
