Source,SS,DF,MS,F,p-unc,ng2,eps
condition,16.584025834867038,1,16.584025834867038,8.248692508450889,0.009759300885977927,0.0824160910911967,1.0
Error,38.19956805756226,19,2.010503581976961,,,,
