condition,count,mean,std,min,25%,50%,75%,max,sem
Small_Decreasing,14.0,178.47766737431792,8.867064991003128,161.7611568514925,171.53119916948495,178.96550641841355,184.38751327811514,191.39259796758185,2.3698228016136773
Small_Increasing,21.0,175.14346397933497,9.613901968267045,159.5104951492166,171.07199973998164,172.93511060974726,176.1315322585048,203.1920148755929,2.0979254044508897
