condition,count,mean,std,min,25%,50%,75%,max,sem
Small_Decreasing,18.0,117.33333333333333,6.721344403334447,104.0,112.0,120.0,124.0,124.0,1.5842360687626784
Small_Increasing,13.0,108.92307692307692,11.905611691281962,96.0,96.0,104.0,120.0,124.0,3.302022570667743
