condition,count,mean,std,min,25%,50%,75%,max,sem
Small_Decreasing,14.0,-3.521165842729125,1.8506693893557573,-7.102380193290428,-4.518961532081188,-3.2717578851277027,-2.082935376462741,-1.0315776565776216,0.49461219936852774
Small_Increasing,21.0,-3.614075640375912,1.2877738637018858,-6.134079870764078,-4.463651016791508,-3.5988800135059904,-2.7857542236559194,-0.7477121056580359,0.2810152956380779
