condition,count,mean,std,min,25%,50%,75%,max,sem
Small_Decreasing,9.0,1.6843390452537692,1.0762728500280787,0.8374090903527561,0.9185078047822176,1.214792106815137,1.960927785333948,4.139122405817576,0.35875761667602624
Small_Increasing,14.0,2.17792554041996,1.2342367280596163,0.777436930701407,1.1255287552798454,2.1870432729998672,2.603957603810347,4.835962173694064,0.32986364075514024
