Contrast,Coef,Std.Err.,z,P>|z|,P>|z| (adj)
Small_Decreasing - Small_Increasing,8.966051938481305,3.0399741971949825,2.949384223969526,0.0031840784803034428,0.0031840784803034428
