Contrast,Coef,Std.Err.,z,P>|z|,P>|z| (adj)
Small_Decreasing - Small_Increasing,16.7423591888138,6.766879405511936,2.4741624884250744,0.013354894105782833,0.013354894105782835
