Contrast,Coef,Std.Err.,z,P>|z|,P>|z| (adj)
Small_Decreasing - Small_Increasing,0.5465907756933273,0.33260394632614715,1.6433682814976205,0.10030675857637883,0.10030675857637883
