Contrast,Coef,Std.Err.,z,P>|z|,P>|z| (adj)
Small_Decreasing - Small_Increasing,0.38491342873130296,0.1818371729485107,2.1168027553986204,0.03427659141723782,0.03427659141723782
