Contrast,Coef,Std.Err.,z,P>|z|,P>|z| (adj)
Small_Decreasing - Small_Increasing,0.35643802323630297,0.23150381815158536,1.5396636914338602,0.12364235157373726,0.12364235157373725
