Contrast,Coef,Std.Err.,z,P>|z|,P>|z| (adj)
Small_Decreasing - Small_Increasing,0.9291303766287745,0.377315811279639,2.462474004144424,0.01379821751222532,0.013798217512225317
