Contrast,Coef,Std.Err.,z,P>|z|,P>|z| (adj)
Small_Decreasing - Small_Increasing,1.4167755357593832,0.31248476755847376,4.533902714135558,5.790370690261781e-06,5.790370690261781e-06
