Contrast,Coef,Std.Err.,z,P>|z|,P>|z| (adj)
Small_Decreasing - Small_Increasing,16.659137891661416,3.1617868900870496,5.268899666796569,1.3724395042657989e-07,1.3724395042657989e-07
