Contrast,Coef,Std.Err.,z,P>|z|,P>|z| (adj)
Small_Decreasing - Small_Increasing,-0.4161153044056292,0.22267768686810463,-1.8686888222083096,0.06166612004118255,0.06166612004118254
