Source,SS,DF,MS,F,p-unc,ng2,eps
condition,193.95216662757076,2,96.97608331378538,6.378569340883673,0.022064292199493858,0.1950885741790678,0.5661557351282933
Error,121.6273783429317,8,15.203422292866463,,,,
