Source,SS,DF,MS,F,p-unc,ng2,eps
condition,145.33333333333331,2,72.66666666666666,1.8564476885644758,0.19269451275430519,0.10567135239941831,0.9723191158694536
Error,548.0000000000002,14,39.14285714285716,,,,
