Source,SS,DF,MS,F,p-unc,ng2,eps
condition,1040.4444444444482,2,520.2222222222241,3.316476747767183,0.04513381901373143,0.044607469512195276,0.9457298361798171
Error,7215.555555555553,46,156.85990338164245,,,,
