Source,SS,DF,MS,F,p-unc,ng2,eps
condition,12.117567110501591,2,6.058783555250796,0.07272240089168938,0.9300473774680134,0.0021293657541824633,0.8253760313824641
Error,2166.160227178677,26,83.31385489148758,,,,
