condition,count,mean,std,min,25%,50%,75%,max,sem
Cardinality1,18.0,4.780922301834127,2.9437720744472595,1.3852926626810418,2.6921178706376114,4.366661963805506,5.736788487786751,13.502409538481729,0.6938537320364158
Cardinality2,12.0,3.3685621961785106,1.8518337814991495,1.105703061876486,1.7983170733252252,3.1538206100924997,4.371275372434723,7.572412083915724,0.5345783661214883
Cardinality3,14.0,3.2260419551280743,2.3523572858077437,0.941508981726238,1.7111834119515743,2.2298126938739617,4.006495750492742,8.958219212707723,0.6286939296267173
