condition,count,mean,std,min,25%,50%,75%,max,sem
Cardinality1,17.0,-2.968499676292287,2.1656445534493005,-9.030720182801817,-3.45902226727379,-2.3611282251557206,-1.848644470703229,-0.4950283465369348,0.5252459553773564
Cardinality2,15.0,-2.4047490411178725,1.332593385854374,-5.941564856010966,-2.964643308291441,-2.411348021695749,-1.3965697912086683,-0.6812525571210145,0.34407413271200965
Cardinality3,11.0,-3.6575036030489425,1.9155027486768115,-8.809577621901047,-3.8361258882008755,-3.558375145064744,-3.021379687015196,-1.480480172107801,0.5775458092959475
