condition,count,mean,std,min,25%,50%,75%,max,sem
Cardinality1,9.0,176.48843062109907,7.0983740967964515,162.14563016593954,173.89415038579088,176.48519879025682,181.91084515538003,184.18303873437569,2.3661246989321505
Cardinality2,15.0,177.05739922279886,11.152720040000107,159.60506089240485,170.03063338329633,174.96894977214674,182.3609791626524,197.27834487854145,2.8796199319889415
Cardinality3,14.0,174.32680675361422,6.551058946415492,156.4738157354922,173.61390171389826,174.363477894457,177.43202098487745,184.60634038095355,1.7508441498605056
