condition,count,mean,std,min,25%,50%,75%,max,sem
Cardinality1,9.0,-2.9604004291021524,2.19025177927238,-8.306527354974664,-3.4658111530533984,-2.1231745774740918,-1.616494584678088,-1.2965146420110805,0.7300839264241267
Cardinality2,15.0,-3.487886208725308,1.664067206995725,-6.850828953371057,-4.495916784317142,-3.2196125723968585,-2.0621491670744305,-1.491524657819365,0.42966030531095556
Cardinality3,14.0,-3.465587208941849,1.2458484689604363,-5.599440453372374,-4.353144422791699,-3.2023693189377367,-2.3895306589595537,-1.8255913810685789,0.33296700904905874
