condition,count,mean,std,min,25%,50%,75%,max,sem
Cardinality1,24.0,111.83333333333333,11.465133028548722,96.0,103.0,116.0,124.0,124.0,2.3403104794228944
Cardinality2,24.0,111.5,10.168151471522545,96.0,104.0,112.0,121.0,124.0,2.075565227713346
Cardinality3,24.0,110.33333333333333,11.491647880721578,96.0,96.0,112.0,121.0,124.0,2.34572280095863
