condition,count,mean,std,min,25%,50%,75%,max,sem
Cardinality1,14.0,117.42354914992443,4.11840767877372,110.694730769637,114.52596850854489,116.37727759135346,119.86599635452475,124.54333587551169,1.1006907509307295
Cardinality2,7.0,114.40353127921198,1.7228874304033754,111.60759748391078,114.22943408331416,114.3131008196594,114.44666792296006,117.55181663836512,0.6511902396866323
Cardinality3,6.0,116.31795695598765,3.440655517440985,109.8782106482183,115.79072978185424,117.4519982084777,118.16276787865307,119.488869929061,1.404641733070341
