Contrast,Coef,Std.Err.,z,P>|z|,P>|z| (adj)
Cardinality1 - Cardinality2,0.30407773447611053,3.2633930031053207,0.09317839873615029,0.9257618350300003,0.9968184684787542
Cardinality1 - Cardinality3,0.6918656355236221,3.7319373877757047,0.1853904724634154,0.852922780767486,0.9968184684787542
Cardinality2 - Cardinality3,0.3877879010475116,3.8124460354019107,0.10171629904962858,0.9189818644777699,0.9968184684787542
