Contrast,Coef,Std.Err.,z,P>|z|,P>|z| (adj)
Cardinality1 - Cardinality2,0.5397729786265814,0.4392577214650455,1.2288298013892387,0.2191356255191974,0.5114406911081701
Cardinality1 - Cardinality3,0.500114550166472,0.4010562748239396,1.2469934559333804,0.21239989708659435,0.5114406911081701
Cardinality2 - Cardinality3,-0.03965842846010936,0.4205161378424857,-0.09430893345397452,0.9248637536763191,0.9248637536763191
