Contrast,Coef,Std.Err.,z,P>|z|,P>|z| (adj)
Cardinality1 - Cardinality2,1.8784897320692082,3.997553622947494,0.4699098271717871,0.6384194429659982,0.6384194429659982
Cardinality1 - Cardinality3,6.830457792931466,4.023975023761422,1.6974404047236546,0.08961342913978831,0.24546823399111636
Cardinality2 - Cardinality3,4.951968060862258,3.499009148349908,1.4152486749563227,0.15699559762234672,0.2893435775718956
