Contrast,Coef,Std.Err.,z,P>|z|,P>|z| (adj)
Cardinality1 - Cardinality2,0.038476793523170606,0.4688613018461318,0.08206434050255165,0.9345955496013765,0.9345955496013765
Cardinality1 - Cardinality3,0.40562828692999586,0.5058853761846335,0.801818566073658,0.4226579173662981,0.8075580967099676
Cardinality2 - Cardinality3,0.36715149340682524,0.514866359814386,0.7131005675709454,0.4757835283221419,0.8075580967099676
