Contrast,Coef,Std.Err.,z,P>|z|,P>|z| (adj)
Cardinality1 - Cardinality2,0.14321578766483545,1.8753528810414763,0.07636738083410767,0.9391268201219125,0.9986649457681751
Cardinality1 - Cardinality3,0.23685101896452054,1.7107902187611383,0.13844538995320843,0.8898884263808817,0.9986649457681751
Cardinality2 - Cardinality3,0.0936352312996851,2.040378118047458,0.045891117176501295,0.9633970341858515,0.9986649457681751
