Contrast,Coef,Std.Err.,z,P>|z|,P>|z| (adj)
Cardinality1 - Cardinality2,0.958690492243885,0.6045701055492161,1.585739161503812,0.1127984916460596,0.26761746445547074
Cardinality1 - Cardinality3,0.9033156319792198,0.5469239798822375,1.6516292303981988,0.09861015746022539,0.26761746445547074
Cardinality2 - Cardinality3,-0.055374860264665204,0.5852067438479656,-0.09462443973313366,0.9246131368335848,0.9246131368335848
