Contrast,Coef,Std.Err.,z,P>|z|,P>|z| (adj)
Cardinality1 - Cardinality2,2.4493928946492654,3.1312672963801202,0.782236922884504,0.43407534895545186,0.8187509098300103
Cardinality1 - Cardinality3,2.0003498722712734,3.13512925921947,0.6380438275037138,0.5234451507149047,0.8187509098300103
Cardinality2 - Cardinality3,-0.449043022377992,2.7484436312072975,-0.163380837532674,0.8702185895895937,0.8702185895895937
