Contrast,Coef,Std.Err.,z,P>|z|,P>|z| (adj)
Cardinality1 - Cardinality2,1.0105356577309654,0.39162093899777867,2.5803923056746907,0.00986881324319544,0.029315220463113304
Cardinality1 - Cardinality3,0.8977999155608704,0.3867017656097625,2.3216855866825266,0.020249871605521053,0.04008968591100202
Cardinality2 - Cardinality3,-0.11273574217009508,0.34690783266888264,-0.3249731817894678,0.7452013688673285,0.7452013688673285
