Contrast,A,B,Paired,Parametric,T,dof,alternative,p-unc,p-corr,p-adjust,BF10,cohen,ci_lower,ci_upper
condition,Cardinality1,Cardinality2,True,True,0.11159133425049227,23.0,two-sided,0.9121155882846292,0.9121155882846292,fdr_bh,0.216,0.03076147608766336,-0.39953925101170995,0.445096222450055
condition,Cardinality1,Cardinality3,True,True,0.5576436583289653,23.0,two-sided,0.5824751635385763,0.9121155882846292,fdr_bh,0.247,0.13068025568810207,-0.3098000317201837,0.5374571019209984
condition,Cardinality2,Cardinality3,True,True,0.41176470588235303,23.0,two-sided,0.6843240403933859,0.9121155882846292,fdr_bh,0.232,0.10752590546245609,-0.3389569692021698,0.5070592064519958
