Contrast,A,B,Paired,Parametric,T,dof,alternative,p-unc,p-corr,p-adjust,BF10,cohen,ci_lower,ci_upper
condition,Cardinality1,Cardinality2,True,True,1.0,1.0,two-sided,0.49999999999999956,0.49999999999999956,fdr_bh,0.73,0.848528137423857,-2.051214999318934,4.3403873557655555
condition,Cardinality1,Cardinality3,True,True,1.0,1.0,two-sided,0.49999999999999956,0.49999999999999956,fdr_bh,0.73,0.4472135954999579,-2.1058251256088125,3.260525663988064
condition,Cardinality2,Cardinality3,True,True,-1.0,1.0,two-sided,0.49999999999999956,0.49999999999999956,fdr_bh,0.73,-0.6868028197434451,-1.1582903794394497,0.7140743824243589
