{
  "analysis_id": "from1_to_any",
  "date_analyzed": "2025-10-12T06:16:28.624122",
  "baseline_ms": [
    -100,
    0
  ],
  "response_filter": "ALL",
  "n_subjects_total": 24,
  "n_evokeds_included": 14,
  "conditions": [
    "Increasing 1 to 2",
    "Increasing 1 to 3",
    "Increasing 1 to 4"
  ],
  "components": {
    "P1": {
      "peak_latency_ms": 80.0,
      "peak_gfp_amplitude": 0.7043277924065054,
      "fwhm_ms": 52.47412445437138,
      "window_start_ms": 57.62818441966789,
      "window_end_ms": 110.10230887403927,
      "search_range_ms": [
        60.0,
        120.0
      ],
      "method": "GFP_collapsed_localizer",
      "n_subjects": 14,
      "n_conditions": 3
    },
    "N1": {
      "peak_latency_ms": 164.0,
      "peak_gfp_amplitude": -4.796457417809835,
      "fwhm_ms": 74.2030894634274,
      "window_start_ms": 136.32972598154484,
      "window_end_ms": 210.53281544497224,
      "search_range_ms": [
        125.0,
        200.0
      ],
      "method": "GFP_collapsed_localizer",
      "n_subjects": 14,
      "n_conditions": 3
    },
    "P3b": {
      "peak_latency_ms": 512.0,
      "peak_gfp_amplitude": 1.9688008925321752,
      "fwhm_ms": 236.131238916531,
      "window_start_ms": 311.8355045937762,
      "window_end_ms": 547.9667435103072,
      "search_range_ms": [
        320.0,
        590.0
      ],
      "method": "GFP_collapsed_localizer",
      "n_subjects": 14,
      "n_conditions": 3
    }
  }
}