{
  "analysis_id": "from1_to_any",
  "date_analyzed": "2025-10-14T19:08:22.612887",
  "baseline_ms": [
    -100,
    0
  ],
  "response_filter": "ALL",
  "fal_fraction": 0.5,
  "n_subjects_total": 24,
  "n_evokeds_included": 72,
  "conditions": [
    "1 to 2",
    "1 to 3",
    "1 to 4"
  ],
  "components": {
    "P1": {
      "collapsed_peak_latency_ms": 84.0,
      "peak_gfp_amplitude": 0.1693432671427381,
      "fwhm_ms": 33.01877109051867,
      "window_start_ms": 67.70842163938096,
      "window_end_ms": 100.72719272989963,
      "search_range_ms": [
        60.0,
        120.0
      ],
      "method": "GFP_collapsed_localizer",
      "n_subjects": 72,
      "n_conditions": 3
    },
    "N1": {
      "collapsed_peak_latency_ms": 164.0,
      "peak_gfp_amplitude": -4.421581418159676,
      "fwhm_ms": 81.09425556254149,
      "window_start_ms": 135.26938146805458,
      "window_end_ms": 216.36363703059607,
      "search_range_ms": [
        125.0,
        200.0
      ],
      "method": "GFP_collapsed_localizer",
      "n_subjects": 72,
      "n_conditions": 3
    },
    "P3b": {
      "collapsed_peak_latency_ms": 476.0,
      "peak_gfp_amplitude": 2.93952577607973,
      "fwhm_ms": 169.67540351139348,
      "window_start_ms": 366.67216472231087,
      "window_end_ms": 536.3475682337044,
      "search_range_ms": [
        320.0,
        590.0
      ],
      "method": "GFP_collapsed_localizer",
      "n_subjects": 72,
      "n_conditions": 3
    }
  }
}