{
  "analysis_id": "from1_to_any",
  "date_analyzed": "2025-10-12T05:11:29.024637",
  "baseline_ms": [
    -100,
    0
  ],
  "response_filter": "ALL",
  "n_subjects_total": 24,
  "n_evokeds_included": 14,
  "conditions": [
    "Increasing 1 to 2",
    "Increasing 1 to 3",
    "Increasing 1 to 4"
  ],
  "components": {
    "P1": {
      "peak_latency_ms": 92.0,
      "peak_gfp_amplitude": 6.718917840666709e-07,
      "fwhm_ms": 31.074362719648633,
      "window_start_ms": 73.82319115167991,
      "window_end_ms": 104.89755387132854,
      "search_range_ms": [
        60.0,
        120.0
      ],
      "method": "GFP_collapsed_localizer",
      "n_subjects": 14,
      "n_conditions": 3
    },
    "N1": {
      "peak_latency_ms": 168.0,
      "peak_gfp_amplitude": 3.105204487561995e-06,
      "fwhm_ms": 58.399793667362076,
      "window_start_ms": 143.99576589516903,
      "window_end_ms": 202.3955595625311,
      "search_range_ms": [
        125.0,
        200.0
      ],
      "method": "GFP_collapsed_localizer",
      "n_subjects": 14,
      "n_conditions": 3
    },
    "P3b": {
      "peak_latency_ms": 568.0,
      "peak_gfp_amplitude": 5.543828588095544e-06,
      "fwhm_ms": 22.80070304883577,
      "window_start_ms": 556.8672638958443,
      "window_end_ms": 579.6679669446801,
      "search_range_ms": [
        320.0,
        590.0
      ],
      "method": "GFP_collapsed_localizer",
      "n_subjects": 14,
      "n_conditions": 3
    }
  }
}