{
  "analysis_id": "from1_to_any",
  "date_analyzed": "2025-10-12T16:54:23.715817",
  "baseline_ms": [
    -100,
    0
  ],
  "response_filter": "ALL",
  "n_subjects_total": 24,
  "n_evokeds_included": 72,
  "conditions": [
    "1 to 2",
    "1 to 3",
    "1 to 4"
  ],
  "components": {
    "P1": {
      "peak_latency_ms": 104.0,
      "peak_gfp_amplitude": 0.5114596264456533,
      "fwhm_ms": 104.73677155959314,
      "window_start_ms": 16.600178592248483,
      "window_end_ms": 121.33695015184162,
      "search_range_ms": [
        60.0,
        120.0
      ],
      "method": "GFP_collapsed_localizer",
      "n_subjects": 72,
      "n_conditions": 3
    },
    "N1": {
      "peak_latency_ms": 168.0,
      "peak_gfp_amplitude": -4.131226533151172,
      "fwhm_ms": 83.71970476581004,
      "window_start_ms": 134.91463826046424,
      "window_end_ms": 218.63434302627428,
      "search_range_ms": [
        125.0,
        200.0
      ],
      "method": "GFP_collapsed_localizer",
      "n_subjects": 72,
      "n_conditions": 3
    },
    "P3b": {
      "peak_latency_ms": 460.0,
      "peak_gfp_amplitude": 2.737164479879639,
      "fwhm_ms": 40.482360172240874,
      "window_start_ms": 439.9179217684016,
      "window_end_ms": 480.40028194064246,
      "search_range_ms": [
        320.0,
        590.0
      ],
      "method": "GFP_collapsed_localizer",
      "n_subjects": 72,
      "n_conditions": 3
    }
  }
}