analysis_id,component,condition,n_subjects,peak_latency_ms,window_start_ms,window_end_ms,fwhm_ms,mean_amplitude_roi,roi_channels
from1_to_any,P1,Increasing 1 to 2,3,92.0,73.82319115167991,104.89755387132854,31.074362719648633,4.4296343022670677e-07,E71;E75;E76;E70;E83;E74;E81;E82
from1_to_any,P1,Increasing 1 to 3,4,92.0,73.82319115167991,104.89755387132854,31.074362719648633,2.0489791355055542e-07,E71;E75;E76;E70;E83;E74;E81;E82
from1_to_any,P1,Increasing 1 to 4,7,92.0,73.82319115167991,104.89755387132854,31.074362719648633,7.868631688483105e-07,E71;E75;E76;E70;E83;E74;E81;E82
from1_to_any,N1,Increasing 1 to 2,3,168.0,143.99576589516903,202.3955595625311,58.399793667362076,-3.864852040207551e-06,E66;E65;E59;E60;E67;E71;E70;E84;E76;E77;E85;E91;E90;E83
from1_to_any,N1,Increasing 1 to 3,4,168.0,143.99576589516903,202.3955595625311,58.399793667362076,-2.903329721047916e-06,E66;E65;E59;E60;E67;E71;E70;E84;E76;E77;E85;E91;E90;E83
from1_to_any,N1,Increasing 1 to 4,7,168.0,143.99576589516903,202.3955595625311,58.399793667362076,-4.806477910212624e-06,E66;E65;E59;E60;E67;E71;E70;E84;E76;E77;E85;E91;E90;E83
from1_to_any,P3b,Increasing 1 to 2,3,568.0,556.8672638958443,579.6679669446801,22.80070304883577,-2.7344652896345907e-06,E62;E78;E77;E72;E67;E61;E54;E55;E79
from1_to_any,P3b,Increasing 1 to 3,4,568.0,556.8672638958443,579.6679669446801,22.80070304883577,1.50014845974481e-06,E62;E78;E77;E72;E67;E61;E54;E55;E79
from1_to_any,P3b,Increasing 1 to 4,7,568.0,556.8672638958443,579.6679669446801,22.80070304883577,8.44221044499334e-08,E62;E78;E77;E72;E67;E61;E54;E55;E79
