Source,SS,DF,MS,F,p-unc,ng2,eps
condition,325.3333333333354,3,108.44444444444514,0.7596101786681155,0.5205927615220929,0.011213235294117718,0.8759087972705485
Error,9850.666666666664,69,142.76328502415456,,,,
