Source,SS,DF,MS,F,p-unc,ng2,eps
condition,5666.285714285723,3,1888.7619047619075,1.6621280107277345,0.1909371857294703,0.06914923291492338,0.7915308313600188
Error,44317.71428571429,39,1136.3516483516485,,,,
