Source,SS,DF,MS,F,p-unc,ng2,eps
condition,8.030521918629201,3,2.6768406395430673,2.3658656129978635,0.12220547523550163,0.15071418596847505,0.5469424402305245
Error,13.577308659477868,12,1.1314423882898224,,,,
