condition,count,mean,std,min,25%,50%,75%,max,sem
4 to 3,19.0,453.6842105263158,42.69407014716439,388.0,426.0,448.0,482.0,524.0,9.794691434732963
5 to 3,20.0,459.6,32.77739914539959,400.0,443.0,466.0,473.0,524.0,7.3292492614757005
6 to 3,19.0,462.10526315789474,36.523804622377,396.0,438.0,460.0,488.0,524.0,8.379135441187634
Cardinality3,15.0,439.46666666666664,38.303052222033294,388.0,402.0,448.0,462.0,520.0,9.889805557656528
