condition,count,mean,std,min,25%,50%,75%,max,sem
4 to 3,24.0,176.33333333333334,18.23199926232582,148.0,160.0,176.0,186.0,212.0,3.7215912652914636
5 to 3,24.0,174.66666666666666,16.20162811643288,144.0,167.0,172.0,184.0,208.0,3.3071434906324884
6 to 3,24.0,176.0,16.76435141187602,152.0,164.0,176.0,185.0,212.0,3.422008902316917
Cardinality3,24.0,171.66666666666666,19.270763317538297,144.0,162.0,170.0,177.0,212.0,3.9336280901593654
