Contrast,Coef,Std.Err.,z,P>|z|,P>|z| (adj)
4 to 3 - 5 to 3,-0.35690212215967054,0.43340307877901607,-0.823487740708109,0.41023068583169886,0.853262037128989
4 to 3 - 6 to 3,0.022441102125051675,0.43768128985413024,0.05127270149594654,0.959108220534671,0.959108220534671
4 to 3 - Cardinality3,-0.6993485561230383,0.450107239246805,-1.553737632154741,0.1202470126683508,0.49679916748673775
5 to 3 - 6 to 3,0.3793432242847222,0.43308421715865786,0.8759109874136837,0.3810784259180322,0.853262037128989
5 to 3 - Cardinality3,-0.3424464339633677,0.43777766173042054,-0.7822382544823474,0.4340745665322987,0.853262037128989
6 to 3 - Cardinality3,-0.7217896582480899,0.44927949026813746,-1.6065493170349572,0.10815326822177074,0.49679916748673775
