Contrast,Coef,Std.Err.,z,P>|z|,P>|z| (adj)
4 to 3 - 5 to 3,0.10666467319759552,0.404505594316776,0.26369146606675703,0.7920176719580687,0.9589619958514956
4 to 3 - 6 to 3,-0.37857532915051,0.4080848422198544,-0.9276877991624931,0.3535695391418905,0.8253827068568191
4 to 3 - Cardinality3,0.20077421319142846,0.44943321805133957,0.44672757848640743,0.6550717669450048,0.9589619958514956
5 to 3 - 6 to 3,-0.48524000234810555,0.4019787756102624,-1.2071284152041124,0.22738269331038463,0.7314635486781833
5 to 3 - Cardinality3,0.09410953999383294,0.44184864433207693,0.21299044639164655,0.8313344143965904,0.9589619958514956
6 to 3 - Cardinality3,0.5793495423419385,0.44883799367462335,1.2907765173772856,0.19678118279373713,0.7314635486781833
