Contrast,Coef,Std.Err.,z,P>|z|,P>|z| (adj)
4 to 3 - 5 to 3,0.07428242668382927,0.32767192358311353,0.22669756343951036,0.820658921890649,0.8254275882948663
4 to 3 - 6 to 3,-0.18966064433003701,0.3447114192318631,-0.5502012226710298,0.5821813650575962,0.8254275882948663
4 to 3 - Cardinality3,-0.6866594446772689,0.3482256410977862,-1.9718807682069748,0.048623219224903425,0.22059580443913618
5 to 3 - 6 to 3,-0.26394307101386627,0.30950175460231955,-0.8527999182201992,0.3937702692948797,0.7772017918850731
5 to 3 - Cardinality3,-0.7609418713610981,0.3136295826205953,-2.4262439308272348,0.015256012263249463,0.0881150928021288
6 to 3 - Cardinality3,-0.4969988003472319,0.3240657690439327,-1.5336356006174017,0.12511932496435652,0.414138047588504
