Contrast,Coef,Std.Err.,z,P>|z|,P>|z| (adj)
4 to 3 - 5 to 3,0.2677993672408508,1.7567436714590547,0.15244077527738087,0.8788392988410558,0.9982213711444206
4 to 3 - 6 to 3,-1.4823692444341618,1.7767696181394186,-0.8343058263155444,0.40410866949283575,0.9162020117156042
4 to 3 - Cardinality3,0.08528027079896615,1.834340344455481,0.046490974838304264,0.9629189273455585,0.9982213711444206
5 to 3 - 6 to 3,-1.7501686116750126,1.75548948900621,-0.9969690064426363,0.3187795542398437,0.9000630605987199
5 to 3 - Cardinality3,-0.18251909644188463,1.779671640002112,-0.10255773724734302,0.9183139866923389,0.9982213711444206
6 to 3 - Cardinality3,1.567649515233128,1.827352935743763,0.8578799883532453,0.39095873538975434,0.9162020117156042
