Contrast,Coef,Std.Err.,z,P>|z|,P>|z| (adj)
4 to 3 - 5 to 3,1.5883714868082737,3.3711742127752853,0.47116268295747993,0.6375245650826107,0.9523749177349307
4 to 3 - 6 to 3,0.330661665708438,3.3644046590882275,0.09828237064623765,0.9217080765881942,0.9523749177349307
4 to 3 - Cardinality3,4.364289951316822,3.4641075121269362,1.2598598444299383,0.20771992675345907,0.752672505290306
5 to 3 - 6 to 3,-1.2577098210998356,3.370719996441332,-0.37312794371163255,0.7090532219894907,0.9523749177349307
5 to 3 - Cardinality3,2.7759184645085484,3.419515943925443,0.8117869634267373,0.41691388379915884,0.8844071950318375
6 to 3 - Cardinality3,4.033628285608384,3.4623781105426574,1.164987808040467,0.24402392797280914,0.7530891084267123
