Contrast,Coef,Std.Err.,z,P>|z|,P>|z| (adj)
4 to 3 - 5 to 3,-0.18224511792377704,0.3195684446023618,-0.5702850860338986,0.5684843545938594,0.8368015637232095
4 to 3 - 6 to 3,0.10730715161852648,0.3229061453357107,0.33231684552477053,0.7396500211230217,0.8368015637232095
4 to 3 - Cardinality3,-0.4659290825241061,0.3329842753212734,-1.3992525084692466,0.16173727563548135,0.5860949049179857
5 to 3 - 6 to 3,0.2895522695423035,0.31924199195566294,0.9069993197590284,0.36440715695188963,0.8368015637232095
5 to 3 - Cardinality3,-0.2836839646003291,0.32330306973138195,-0.8774552151206897,0.38023943390006276,0.8368015637232095
6 to 3 - Cardinality3,-0.5732362341426326,0.33175174252991213,-1.7279072289754354,0.08400485808427893,0.40931081135097497
