Contrast,Coef,Std.Err.,z,P>|z|,P>|z| (adj)
4 to 3 - 5 to 3,0.07428242668380826,0.3276719235830736,0.22669756343947384,0.8206589218906775,0.8254275882948524
4 to 3 - 6 to 3,-0.18966064433002489,0.34471141923182574,-0.5502012226710542,0.5821813650575796,0.8254275882948524
4 to 3 - Cardinality3,-0.6866594446772847,0.3482256410977465,-1.9718807682072448,0.04862321922487256,0.22059580443900975
5 to 3 - 6 to 3,-0.26394307101383313,0.3095017546022825,-0.8527999182201942,0.39377026929488235,0.777201791885076
5 to 3 - Cardinality3,-0.7609418713610929,0.31362958262055834,-2.426243930827504,0.015256012263238139,0.08811509280206589
6 to 3 - Cardinality3,-0.4969988003472598,0.3240657690438899,-1.5336356006176903,0.12511932496428546,0.4141380475883137
