Contrast,Coef,Std.Err.,z,P>|z|,P>|z| (adj)
4 to 3 - 5 to 3,1.2500013287387617,0.4516353183755858,2.7677227131719677,0.005644946128401829,0.03339527789303292
4 to 3 - 6 to 3,0.8509997597883294,0.4275817467194766,1.9902621342408346,0.046562066898502064,0.21211626867691621
4 to 3 - Cardinality3,0.5684378948596303,0.42672627894947435,1.3320902013792664,0.1828305498058156,0.45432209819667096
5 to 3 - 6 to 3,-0.39900156895043226,0.44322388665610807,-0.9002257797085125,0.36800010960106944,0.6005761385357398
5 to 3 - Cardinality3,-0.6815634338791314,0.4492135006812783,-1.5172371997846696,0.12920680735959644,0.42501025208726706
6 to 3 - Cardinality3,-0.28256186492869917,0.4271521496372743,-0.6615016807679484,0.5082906370915086,0.6005761385357398
