Contrast,Coef,Std.Err.,z,P>|z|,P>|z| (adj)
4 to 3 - 5 to 3,0.3589449759435831,0.5685857112261571,0.6312944009259694,0.5278480472218372,0.7770725334877675
4 to 3 - 6 to 3,-0.2644422263203977,0.5668807117634614,-0.46648654793310335,0.6408672742151236,0.7770725334877675
4 to 3 - Cardinality3,1.1538780499254346,0.5716025084843143,2.0186721240694117,0.04352130917665464,0.1994720593520529
5 to 3 - 6 to 3,-0.6233872022639808,0.5662734742383924,-1.100858914683234,0.27095806580458515,0.6125126505019012
5 to 3 - Cardinality3,0.7949330739818515,0.5820709103588438,1.365697992864442,0.17203377459088953,0.5300512646686859
6 to 3 - Cardinality3,1.4183202762458325,0.5773887170493976,2.456439196619234,0.014032154586115286,0.08129408779319135
