Contrast,Coef,Std.Err.,z,P>|z|,P>|z| (adj)
4 to 3 - 5 to 3,1.002553002285466,3.4307863661085656,0.2922225097398387,0.7701165021061873,0.9820555162730481
4 to 3 - 6 to 3,-0.14350544653730565,3.4689429372499894,-0.04136863855450729,0.9670020141931623,0.9820555162730481
4 to 3 - Cardinality3,4.632319543839382,3.577196702128938,1.2949580158906266,0.1953347130471439,0.6963885736739939
5 to 3 - 6 to 3,-1.1460584488227716,3.4288095685554616,-0.3342438318339154,0.7381955710064998,0.9820555162730481
5 to 3 - Cardinality3,3.6297665415539164,3.473958773231663,1.0448502064914584,0.2960922062974287,0.7544934434121592
6 to 3 - Cardinality3,4.775824990376688,3.563495752746628,1.3402078525547942,0.18017777937204293,0.6963885736739939
