Contrast,A,B,Paired,Parametric,T,dof,alternative,p-unc,p-corr,p-adjust,BF10,cohen,ci_lower,ci_upper
condition,4 to 3,5 to 3,True,True,0.7715987718280207,5.0,two-sided,0.47521899408962137,0.9381611106783272,fdr_bh,0.473,0.33840670219573965,-0.648159838590455,0.7842080962822993
condition,4 to 3,6 to 3,True,True,0.08155959728468352,5.0,two-sided,0.9381611106783272,0.9381611106783272,fdr_bh,0.374,0.04251134109534694,-0.7400101039777458,0.9360428417984976
condition,4 to 3,Cardinality3,True,True,-0.4811386583191613,5.0,two-sided,0.6507349732747905,0.9381611106783272,fdr_bh,0.411,-0.24771203632564626,-1.0653739627804244,0.6266617874206498
condition,5 to 3,6 to 3,True,True,-0.2440678205514278,5.0,two-sided,0.816876950675193,0.9381611106783272,fdr_bh,0.383,-0.1696979100831525,-0.5699967659219207,0.7021284506657002
condition,5 to 3,Cardinality3,True,True,-0.6574308574588514,5.0,two-sided,0.5399587288644965,0.9381611106783272,fdr_bh,0.444,-0.44093061292977276,-0.8222795109014369,0.5285638729204514
condition,6 to 3,Cardinality3,True,True,-0.897271414325234,5.0,two-sided,0.41069320648125635,0.9381611106783272,fdr_bh,0.51,-0.23670905289107533,-1.122527058016662,0.2795025869478107
