Contrast,A,B,Paired,Parametric,T,dof,alternative,p-unc,p-corr,p-adjust,BF10,cohen,ci_lower,ci_upper
condition,4 to 3,5 to 3,True,True,0.33003355033317444,23.0,two-sided,0.7443618100500303,0.9527407905920928,fdr_bh,0.226,0.0854460709018043,-0.3553739806128833,0.490109613332121
condition,4 to 3,6 to 3,True,True,0.35323357742009487,23.0,two-sided,0.7271303686241248,0.9527407905920928,fdr_bh,0.227,0.10062907503593972,-0.3507079355642937,0.49491493968048206
condition,4 to 3,Cardinality3,True,True,-0.23598744169812336,23.0,two-sided,0.8155312151751922,0.9527407905920928,fdr_bh,0.22,-0.06152295217532803,-0.47067858714307986,0.37433711749888043
condition,5 to 3,6 to 3,True,True,0.05991513690549529,23.0,two-sided,0.9527407905920928,0.9527407905920928,fdr_bh,0.215,0.016440671518217567,-0.4100486302015556,0.4345088824161324
condition,5 to 3,Cardinality3,True,True,-0.5691604887655424,23.0,two-sided,0.5747639985876496,0.9527407905920928,fdr_bh,0.249,-0.1361193006784336,-0.5398648584734552,0.3075060619353459
condition,6 to 3,Cardinality3,True,True,-0.524895316644713,23.0,two-sided,0.6046791952543228,0.9527407905920928,fdr_bh,0.243,-0.14902800823441234,-0.5306169134487037,0.31632929775601154
