Contrast,A,B,Paired,Parametric,T,dof,alternative,p-unc,p-corr,p-adjust,BF10,cohen,ci_lower,ci_upper
condition,4 to 3,5 to 3,True,True,-0.14660523596847924,23.0,two-sided,0.8847210662938283,0.9840794927276817,fdr_bh,0.217,-0.039661417216277424,-0.4522831633412867,0.3924318263841038
condition,4 to 3,6 to 3,True,True,-0.14605088219563372,23.0,two-sided,0.8851537380269237,0.9840794927276817,fdr_bh,0.217,-0.034299168772512684,-0.45216929290783536,0.3925442699307289
condition,4 to 3,Cardinality3,True,True,1.770392087987018,23.0,two-sided,0.08991736580980998,0.17983473161961996,fdr_bh,0.826,0.4821778887410883,-0.07445159480158442,0.7972111381730336
condition,5 to 3,6 to 3,True,True,0.020172823253008825,23.0,two-sided,0.9840794927276817,0.9840794927276817,fdr_bh,0.215,0.0049201603741720785,-0.41814699616451545,0.42638251677138594
condition,5 to 3,Cardinality3,True,True,2.546599255711007,23.0,two-sided,0.01803455325081408,0.05410365975244224,fdr_bh,2.964,0.5774886796844548,0.06993738726061405,0.9697074053799505
condition,6 to 3,Cardinality3,True,True,2.555946761919203,23.0,two-sided,0.01766369837471631,0.05410365975244224,fdr_bh,3.015,0.5580496926976541,0.07164856835383232,0.9718123277163284
