Source,SS,DF,MS,F,p-unc,ng2,eps
condition,336.0,3,112.0,4.2,0.13460043730037358,0.8076923076923077,0.3333333333333333
Error,80.0,3,26.666666666666668,,,,
