Source,SS,DF,MS,F,p-unc,ng2,eps
condition,25.023131683191423,3,8.34104389439714,0.7770162845674677,0.5107978830238812,0.021350170879683123,0.8218020415872372
Error,740.6949379880464,69,10.73470924620357,,,,
