condition,count,mean,std,min,25%,50%,75%,max,sem
4a,24.0,-3.382675465845192,3.510823964507892,-12.213633127403254,-5.27503612872103,-2.585638141474296,-1.0317518776179573,2.0526100374611995,0.7166439408149545
4b,24.0,-3.2482489173988385,2.6241430305981446,-8.648919677412904,-5.143008460984612,-2.9070192768460323,-1.3250549477311966,0.7756380518012362,0.5356509530871766
4c,24.0,-5.278524413023455,5.432199559352465,-21.638561090107704,-7.304644017241625,-4.185372157519241,-1.7668849944807445,3.408296093112516,1.1088430917820968
4d,24.0,-4.12901176466437,3.714839222527517,-10.415231728558522,-7.210243035759801,-3.52594601385021,-1.6730749339184072,1.914825215638637,0.7582883809724823
