condition,count,mean,std,min,25%,50%,75%,max,sem
4a,10.0,110.8,10.507140429250958,92.0,104.0,114.0,120.0,120.0,3.32264954516723
4b,11.0,102.9090909090909,10.596740493704141,92.0,94.0,100.0,108.0,120.0,3.1950374743983705
4c,2.0,106.0,19.79898987322333,92.0,99.0,106.0,113.0,120.0,14.0
4d,11.0,100.72727272727273,10.705988128995,92.0,92.0,100.0,104.0,120.0,3.2279768758068585
