condition,count,mean,std,min,25%,50%,75%,max,sem
4a,24.0,-5.9531474996918865,3.029550011728893,-13.747429086586989,-7.173319896264136,-6.353854377605342,-3.9257740821562246,-1.1794173580696414,0.6184043065815483
4b,24.0,-4.832989316474824,3.546465981155057,-13.315215095105712,-6.5073209707947886,-4.481834577196822,-3.270722311765466,2.2698898125157547,0.7239193369973994
4c,24.0,-7.36229192409498,5.189046203296564,-22.56033662341474,-9.588269842051002,-6.63660509055921,-3.558269907420595,-0.1907230162128225,1.0592096208169106
4d,24.0,-5.532684162466286,4.057751804839432,-15.00471078530359,-7.343693346861638,-4.420159041521552,-3.2782472598316375,4.014070249176662,0.8282851187261764
