condition,count,mean,std,min,25%,50%,75%,max,sem
4a,12.0,468.6666666666667,45.82443439780559,380.0,442.0,474.0,506.0,524.0,13.228374767517701
4b,13.0,456.3076923076923,62.66230208477903,364.0,388.0,464.0,516.0,528.0,17.379395631175754
4c,6.0,444.0,57.1314274283428,380.0,399.0,436.0,494.0,512.0,23.323807579381203
4d,11.0,446.54545454545456,59.927228596629824,368.0,386.0,460.0,494.0,524.0,18.068739270988864
