condition,count,mean,std,min,25%,50%,75%,max,sem
4a,19.0,171.3684210526316,20.5810336807562,144.0,160.0,168.0,188.0,208.0,4.7216129456854325
4b,20.0,174.2,20.945040865133333,144.0,152.0,176.0,190.0,208.0,4.683453516594914
4c,11.0,173.0909090909091,22.277587595853127,144.0,156.0,164.0,188.0,208.0,6.716945389974584
4d,17.0,171.05882352941177,17.3510467560148,144.0,160.0,172.0,184.0,204.0,4.208246970004688
