condition,count,mean,std,min,25%,50%,75%,max,sem
4a,12.0,450.84592062689984,24.68996189192739,406.2551207620809,440.4034550371484,450.6040453317348,459.7418602725089,498.98113299831687,7.127378072292944
4b,13.0,449.4588457485706,35.08215312734112,379.3437535922624,434.9817112611087,459.64284317685167,468.155000767152,495.0362517528365,9.730038611869828
4c,6.0,451.13187970333775,51.248195566765936,388.3811865608088,418.7657210857533,439.6707512700169,495.571178600175,513.0665570512912,20.92198822948992
4d,11.0,431.7133591612676,36.986503104689795,378.7921232993008,401.79711876807045,434.55150973820713,457.1865531198846,486.27979485276165,11.151850282324647
