Contrast,Coef,Std.Err.,z,P>|z|,P>|z| (adj)
4a - 4b,1.1945138967470803,0.7401110225193097,1.613965824588047,0.10653483935693542,0.38234954785737857
4a - 4c,0.720362240918602,0.7835806007822992,0.9193211779355153,0.35792760380594535,0.7353011845902732
4a - 4d,-0.45862312610036254,0.7395309074569458,-0.6201541023855893,0.535156335717641,0.7595741704843757
4b - 4c,-0.4741516558284783,0.7191140340512286,-0.6593553085833678,0.5096676336242687,0.7595741704843757
4b - 4d,-1.653137022847443,0.6606027976076162,-2.502467487019894,0.0123330952855647,0.07175416636020066
4c - 4d,-1.1789853670189645,0.6994369561327598,-1.6856206362581474,0.09186889187162284,0.38234954785737857
