Contrast,Coef,Std.Err.,z,P>|z|,P>|z| (adj)
4a - 4b,7.805794517747829,4.514838447359754,1.7289200064982622,0.08382341286729456,0.3545004468025905
4a - 4c,4.7657886379970815,7.864831527581963,0.6059619486168853,0.5445400212359663,0.9352206423898258
4a - 4d,9.991155791608229,4.492307433648581,2.2240587802989187,0.026144489712548014,0.14696440095589672
4b - 4c,-3.0400058797507477,7.862387214376836,-0.3866517632446185,0.6990140311560353,0.9352206423898258
4b - 4d,2.1853612738603996,4.318383874451287,0.5060599838725734,0.6128145410990757,0.9352206423898258
4c - 4d,5.225367153611147,7.666510375996937,0.681583523316063,0.49550233646249886,0.9352206423898258
