Contrast,Coef,Std.Err.,z,P>|z|,P>|z| (adj)
4a - 4b,0.9881176860334068,1.0534730692184222,0.9379619801448716,0.3482639491172199,0.8824131588519799
4a - 4c,0.24458776106584532,1.057304891725539,0.23133134347527143,0.8170573984025293,0.8824131588519799
4a - 4d,-0.7212245801342504,1.0497873554895782,-0.6870196867611351,0.49207032262924644,0.8824131588519799
4b - 4c,-0.7435299249675614,1.072815569098906,-0.6930640702689254,0.4882693444548769,0.8824131588519799
4b - 4d,-1.7093422661676572,1.0511343766516892,-1.6261881488574663,0.10390963648931395,0.48226104610607823
4c - 4d,-0.9658123412000957,1.0616559014982003,-0.90972257568309,0.36296883520123613,0.8824131588519799
