Contrast,Coef,Std.Err.,z,P>|z|,P>|z| (adj)
4a - 4b,0.9860658459304998,0.49965956543954654,1.9734753703015084,0.04844142796871265,0.21985086810333965
4a - 4c,0.4375926107223768,0.6746983550425302,0.6485751854171822,0.5166129990698207,0.7955823050469413
4a - 4d,-0.3483987420253378,0.5460219708457827,-0.6380672585128242,0.5234298987013593,0.7955823050469413
4b - 4c,-0.548473235208123,0.6670214569432806,-0.8222722515128351,0.41092196571870465,0.7955823050469413
4b - 4d,-1.3344645879558377,0.511241971979676,-2.6102406709457107,0.009047854331142302,0.05307388461611453
4c - 4d,-0.7859913527477147,0.6619726706688712,-1.1873471331581293,0.2350907238167783,0.6576741376437897
