Contrast,Coef,Std.Err.,z,P>|z|,P>|z| (adj)
4a - 4b,0.6484423008207795,2.7625593448824715,0.23472520220135448,0.8144220256162493,0.8853114896681131
4a - 4c,-1.2502543172550378,2.8540735411160605,-0.438059601213407,0.6613430787184664,0.8853114896681131
4a - 4d,-3.8549542134588237,2.6928899188354336,-1.4315305599739985,0.15227821498320449,0.5622091104124476
4b - 4c,-1.8986966180758174,2.644442413467187,-0.7179950708725754,0.47276032606476615,0.8534370329608325
4b - 4d,-4.503396514279603,2.424062479361625,-1.8577889607307354,0.06319898940466184,0.324097421217838
4c - 4d,-2.604699896203786,2.570343677686195,-1.0133663909678094,0.3108851865539852,0.7744897206084687
