Contrast,Coef,Std.Err.,z,P>|z|,P>|z| (adj)
4a - 4b,-1.4337697522764767,0.5860740022445499,-2.4463971218402736,0.014429197044627307,0.08351159355689695
4a - 4c,-0.8990782198138535,0.7072756069583331,-1.2711851094092939,0.20366280270093018,0.5978500590867533
4a - 4d,-0.5054890199866244,0.6072256494649203,-0.8324566335958553,0.40515124660736657,0.7895157194111465
4b - 4c,0.5346915324626232,0.685423291367005,0.7800895289044482,0.4353381793977169,0.7895157194111465
4b - 4d,0.9282807322898523,0.6063622103935767,1.530901359580646,0.125793773178293,0.4894133235842386
4c - 4d,0.39358919982722906,0.7184736079434525,0.5478130239937867,0.5838202948461213,0.7895157194111465
