Contrast,Coef,Std.Err.,z,P>|z|,P>|z| (adj)
4a - 4b,-1.2826510507289,0.8743124509448181,-1.4670396713930063,0.14236526377617098,0.6020631334190041
4a - 4c,-0.8056794575880271,0.8630872861091755,-0.9334854893067134,0.3505693591154302,0.8221183696976255
4a - 4d,-0.166510988295139,0.8895961189135811,-0.1871759383331061,0.8515226898501991,0.8515226898501991
4b - 4c,0.4769715931408729,0.8602282349640484,0.5544709807866363,0.5792565603463224,0.8425047894448718
4b - 4d,1.116140062433761,0.862500493526291,1.2940746942305819,0.19563962156426395,0.6632920668855349
4c - 4d,0.6391684692928881,0.8650204763481496,0.7389055944562847,0.45996432499622864,0.8425047894448718
