Contrast,Coef,Std.Err.,z,P>|z|,P>|z| (adj)
4a - 4b,-0.0282932409219752,0.8879206963643858,-0.03186460349198144,0.9745800266179374,0.9745800266179374
4a - 4c,1.85486997556204,0.8877964453252737,2.0892964657934026,0.03668104434117092,0.18722391235851665
4a - 4d,0.9574999428647634,0.8883525657792486,1.0778377636866054,0.2811061635036394,0.7111625916203146
4b - 4c,1.883163216484015,0.8880552041561687,2.120547470101703,0.03395990271440197,0.18722391235851665
4b - 4d,0.9857931837867385,0.8879176773764543,1.110230383856619,0.2668997630145453,0.7111625916203146
4c - 4d,-0.8973700326972766,0.8885985092644546,-1.0098711885529525,0.31255700790406493,0.7111625916203146
