Contrast,Coef,Std.Err.,z,P>|z|,P>|z| (adj)
4a - 4b,1.0566870272112057,0.6595908456662272,1.602034100615643,0.10914806894486584,0.4389163304511203
4a - 4c,-0.2205244393043422,0.9059349038287199,-0.24342194827944894,0.8076785427945334,0.8406475620124032
4a - 4d,-0.6723256527596944,0.7497630775195305,-0.8967174737171303,0.3698696941015862,0.7497978126730508
4b - 4c,-1.2772114665155478,0.8768919573093484,-1.456520904165364,0.14524867515601647,0.46622389231626726
4b - 4d,-1.7290126799709,0.6798577115701785,-2.5431978641201636,0.010984300776023748,0.06412227048302621
4c - 4d,-0.4518012134553522,0.8634755878715232,-0.5232356534468416,0.6008102731938147,0.8406475620124032
