Contrast,Coef,Std.Err.,z,P>|z|,P>|z| (adj)
4a - 4b,-1.3950058415094992,13.205468948140993,-0.10563849318701264,0.9158691824647307,0.9994045225396414
4a - 4c,-0.4657114369209516,17.29553794762276,-0.026926681224446265,0.9785182126899563,0.9994045225396414
4a - 4d,16.742930112141913,13.890130669979538,1.2053831968858344,0.2280554051788255,0.7258863560101885
4b - 4c,0.9292944045885476,17.601981316112205,0.05279487507113224,0.957895344908549,0.9994045225396414
4b - 4d,18.13793595365141,13.257593058798953,1.3681168122454486,0.17127551501418203,0.6760626518581045
4c - 4d,17.208641549062865,17.618239573167592,0.9767514783526646,0.32869220294790535,0.7969108295321674
