Contrast,Coef,Std.Err.,z,P>|z|,P>|z| (adj)
4a - 4b,3.2549791932762453,3.1120947889989314,1.0459126131962309,0.29560138034199657,0.7538079724706925
4a - 4c,1.865741257845557,2.9774446793605716,0.6266249951774885,0.5309050799910195,0.7799499560217682
4a - 4d,-2.813168083504877,3.2355626986623665,-0.8694525019304635,0.38459967705893194,0.766937092825835
4b - 4c,-1.3892379354306883,2.92843810908118,-0.4743955254244975,0.635217883287454,0.7799499560217682
4b - 4d,-6.068147276781122,3.1006555980571684,-1.9570529795644982,0.05034123983702399,0.26649095666907097
4c - 4d,-4.678909341350434,3.093226050664872,-1.512630911777278,0.1303734376780863,0.5026478691404275
