Contrast,Coef,Std.Err.,z,P>|z|,P>|z| (adj)
4a - 4b,-2.227956772599772,0.8355198327233108,-2.666551630902552,0.00766338342928341,0.045108338335290446
4a - 4c,-0.9817931387027474,1.0076163765824675,-0.9743719549623591,0.3298718892010015,0.6990644401960087
4a - 4d,-0.38024127011432246,0.8631582608392561,-0.4405232358485577,0.6595581870533953,0.8031370001266325
4b - 4c,1.2461636338970246,0.9758580638868302,1.2769927103267158,0.2016048208660619,0.5936767966250501
4b - 4d,1.8477155024854495,0.8631259783304995,2.1407251651252475,0.03229620790078491,0.15138204847398043
4c - 4d,0.6015518685884249,1.0224650803322564,0.5883348782854735,0.5563075390843704,0.8031370001266325
