Contrast,A,B,Paired,Parametric,T,dof,alternative,p-unc,p-corr,p-adjust,BF10,cohen,ci_lower,ci_upper
condition,4a,4b,True,True,-1.5915486581740332,5.0,two-sided,0.17236146236374517,0.5903967603057603,fdr_bh,0.873,-0.6898535368358879,-0.7562726914606509,0.2861406556236691
condition,4a,4c,True,True,-0.7430735862071759,5.0,two-sided,0.49085414034356467,0.736281210515347,fdr_bh,0.465,-0.3628596872242801,-0.9216040908339125,0.6242067622805723
condition,4a,4d,True,True,-1.0625483012226722,5.0,two-sided,0.3365892683838867,0.6731785367677734,fdr_bh,0.571,-0.43471089767713006,-0.7819727522801745,0.43564171264624885
condition,4b,4c,True,True,1.488457163836749,5.0,two-sided,0.19679892010192007,0.5903967603057603,fdr_bh,0.8,0.3462768704563321,-0.682440907103038,0.7486650126737124
condition,4b,4d,True,True,0.3563186510435888,5.0,two-sided,0.7361441972179608,0.7678441539580131,fdr_bh,0.393,0.13451349649790711,-0.7553198677492887,0.40811380501947636
condition,4c,4d,True,True,-0.3117036439023175,5.0,two-sided,0.7678441539580131,0.7678441539580131,fdr_bh,0.389,-0.1318171151849799,-0.7475216795552372,0.927917504677323
