Contrast,A,B,Paired,Parametric,T,dof,alternative,p-unc,p-corr,p-adjust,BF10,cohen,ci_lower,ci_upper
condition,4a,4b,True,True,-0.9063269671749659,23.0,two-sided,0.37416039899618636,0.8149121626570297,fdr_bh,0.311,-0.27007163719605765,-0.6108639701409235,0.24085753519044611
condition,4a,4c,True,True,-1.2904101561289434,23.0,two-sided,0.20973079118579094,0.8149121626570297,fdr_bh,0.449,-0.3687737615579521,-0.6929287134105242,0.16612097317367663
condition,4a,4d,True,True,-0.6930212278666374,23.0,two-sided,0.4952353369359471,0.8149121626570297,fdr_bh,0.267,-0.2085071150489669,-0.5658326136243215,0.2829078820925995
condition,4b,4c,True,True,-0.4190137456981208,23.0,two-sided,0.6790934688808581,0.8149121626570297,fdr_bh,0.233,-0.09040696113231701,-0.5085653527467343,0.33750370738461666
condition,4b,4d,True,True,0.23466537279867736,23.0,two-sided,0.8165449910742731,0.8165449910742731,fdr_bh,0.22,0.06814204149898993,-0.3746042483126253,0.47040598558875046
condition,4c,4d,True,True,0.5771795817448936,23.0,two-sided,0.5694253374073042,0.8149121626570297,fdr_bh,0.25,0.16290373946573897,-0.305909468115309,0.5415420456533093
