Contrast,A,B,Paired,Parametric,T,dof,alternative,p-unc,p-corr,p-adjust,BF10,cohen,ci_lower,ci_upper
condition,4a,4b,True,True,3.0,1.0,two-sided,0.20483276469913345,0.3072491470487002,fdr_bh,1.299,4.024922359499621,-1.148362178947631,1.3407009936813692
condition,4a,4c,True,True,1.0,1.0,two-sided,0.49999999999999956,0.5999999999999994,fdr_bh,0.73,1.414213562373095,-0.8998161174744163,1.2117834250135813
condition,4a,4d,True,True,3.0,1.0,two-sided,0.20483276469913345,0.3072491470487002,fdr_bh,1.299,1.3416407864998738,-1.670482467611602,0.9027105716616874
condition,4b,4c,True,True,-5.0,1.0,two-sided,0.12566591637800234,0.3072491470487002,fdr_bh,1.666,-2.23606797749979,-1.5415120028402582,0.6574875673454952
condition,4b,4d,True,True,-3.0,1.0,two-sided,0.20483276469913345,0.3072491470487002,fdr_bh,1.299,-4.242640687119285,-0.9658352565553774,0.5853484928651442
condition,4c,4d,True,True,-0.3333333333333333,1.0,two-sided,0.7951672353008665,0.7951672353008665,fdr_bh,0.553,-0.4472135954999579,-1.5133998529163253,0.1850385692184109
