Contrast,A,B,Paired,Parametric,T,dof,alternative,p-unc,p-corr,p-adjust,BF10,cohen,ci_lower,ci_upper
condition,4a,4b,True,True,-0.6990496925134456,23.0,two-sided,0.49153029387041647,0.5898363526444997,fdr_bh,0.268,-0.16641964909949442,-0.5670998969725363,0.28171405505463304
condition,4a,4c,True,True,-0.8477912478906585,23.0,two-sided,0.40529075365725387,0.5898363526444997,fdr_bh,0.297,-0.1330684244350215,-0.5984673571903971,0.25235802956881065
condition,4a,4d,True,True,-1.448503467754724,23.0,two-sided,0.16097309344551014,0.5898363526444997,fdr_bh,0.539,-0.3912770013657144,-0.7270677106673087,0.13571864622546542
condition,4b,4c,True,True,0.1154923733614424,23.0,two-sided,0.9090572841553017,0.9090572841553017,fdr_bh,0.216,0.025970883764690443,-0.3987468507445213,0.4458964147309443
condition,4b,4d,True,True,-0.924356629318618,23.0,two-sided,0.36489771305580776,0.5898363526444997,fdr_bh,0.315,-0.24265597597221025,-0.6146881906108733,0.23732117691260882
condition,4c,4d,True,True,-1.0021787507104294,23.0,two-sided,0.32668505390100244,0.5898363526444997,fdr_bh,0.337,-0.2553576211165897,-0.6312267367151186,0.2220889749983758
