Contrast,A,B,Paired,Parametric,T,dof,alternative,p-unc,p-corr,p-adjust,BF10,cohen,ci_lower,ci_upper
condition,4a,4b,True,True,0.8951151150580161,23.0,two-sided,0.379998010041217,0.7196032609745103,fdr_bh,0.308,0.16800204019943088,-0.24305804617420376,0.6084872616650029
condition,4a,4c,True,True,0.5322324078409707,23.0,two-sided,0.5996693841454253,0.7196032609745103,fdr_bh,0.244,0.12648392872660502,-0.31486563782354215,0.532148608454084
condition,4a,4d,True,True,-0.6854115503353836,23.0,two-sided,0.499934810929182,0.7196032609745103,fdr_bh,0.266,-0.16356897166605866,-0.5642333828133101,0.28441528912470376
condition,4b,4c,True,True,-0.1426374471981189,23.0,two-sided,0.8878187151717455,0.8878187151717455,fdr_bh,0.217,-0.03702851625824296,-0.45146819491089923,0.39323670093613766
condition,4b,4d,True,True,-1.5739062512344555,23.0,two-sided,0.12916554889154186,0.7196032609745103,fdr_bh,0.631,-0.36656269798960467,-0.7542942284280083,0.11174969201115459
condition,4c,4d,True,True,-0.9489748824076943,23.0,two-sided,0.35249890877758816,0.7196032609745103,fdr_bh,0.322,-0.3096784250687073,-0.6199143953526748,0.23249702191658808
