Contrast,A,B,Paired,Parametric,T,dof,alternative,p-unc,p-corr,p-adjust,BF10,cohen,ci_lower,ci_upper
condition,4a,4b,True,True,-0.6706279603198634,5.0,two-sided,0.5321831878020923,0.9306814991835552,fdr_bh,0.447,-0.4628368712163902,-0.5589863510690672,0.4698295067834239
condition,4a,4c,True,True,-0.18798806887325617,5.0,two-sided,0.8582772112750354,0.9306814991835552,fdr_bh,0.379,-0.09164275602956491,-0.7651391788525721,0.7722017038501643
condition,4a,4d,True,True,-0.23290379761384133,5.0,two-sided,0.8250699962652654,0.9306814991835552,fdr_bh,0.382,-0.12247318338352373,-0.8176677663160179,0.4037906207781532
condition,4b,4c,True,True,0.9225329652100392,5.0,two-sided,0.398581807605533,0.9306814991835552,fdr_bh,0.519,0.4569599796671606,-0.3268824840855742,1.1653759689352972
condition,4b,4d,True,True,0.5348312596180026,5.0,two-sided,0.6156857549562977,0.9306814991835552,fdr_bh,0.42,0.2560391130564869,-0.40079562524853163,0.7634218839987568
condition,4c,4d,True,True,-0.09145573825216814,5.0,two-sided,0.9306814991835552,0.9306814991835552,fdr_bh,0.375,-0.05658782937485207,-0.7126381974162761,0.9661039812279497
