Source,SS,DF,MS,F,p-unc,ng2,eps
condition,6.736842105263314,2,3.368421052631657,0.0899625156184944,0.9141702559049057,0.0017551557700746347,0.8086503181338751
Error,1347.9298245614032,36,37.442495126705644,,,,
