Source,SS,DF,MS,F,p-unc,ng2,eps
condition,33.777777777777686,2,16.888888888888843,0.7251908396946545,0.5080426620707827,0.04993429697766084,0.5824791256533866
Error,232.8888888888889,10,23.28888888888889,,,,
