Source,SS,DF,MS,F,p-unc,ng2,eps
condition,146.0,2,73.0,0.3391843056272586,0.715047513356438,0.00750874305698416,0.8712734569326999
Error,6456.666666666668,30,215.22222222222226,,,,
