Source,SS,DF,MS,F,p-unc,ng2,eps
condition,12.118455983776888,2,6.059227991888444,5.070699093950983,0.08000834378662512,0.6082572888170423,0.5162780288178808
Error,4.779796931051745,4,1.1949492327629363,,,,
