Source,SS,DF,MS,F,p-unc,p-GG-corr,ng2,eps,sphericity,W-spher,p-spher
condition,12.888158638618847,2,6.444079319309424,0.915788376409349,0.4093219670949799,0.3849911537492744,0.026108875574551264,0.7386521362694942,False,0.6461827551864631,0.024435464085895534
Error,253.3192836588737,36,7.036646768302047,,,,,,,,
