condition,count,mean,std,min,25%,50%,75%,max,sem
Large Ratio 0.67 (4:6),24.0,102.33333333333333,10.478411208254588,88.0,92.0,102.0,112.0,116.0,2.138896731273659
Large Ratio 0.8 (4:5),24.0,103.5,9.084147683213587,88.0,96.0,104.0,109.0,116.0,1.8542938809966054
Large Ratio 0.83 (5:6),19.0,102.52631578947368,9.996490612280068,88.0,94.0,104.0,110.0,116.0,2.293352229946414
