condition,count,mean,std,min,25%,50%,75%,max,sem
Large Ratio 0.67 (4:6),18.0,516.0,13.01582746911937,504.0,504.0,510.0,524.0,540.0,3.0678599553894843
Large Ratio 0.8 (4:5),19.0,518.3157894736842,13.7479397712245,504.0,506.0,512.0,528.0,540.0,3.153993691823752
Large Ratio 0.83 (5:6),12.0,527.6666666666666,13.151794439151525,504.0,523.0,530.0,540.0,540.0,3.796596029885376
