condition,count,mean,std,min,25%,50%,75%,max,sem
Large Ratio 0.67 (4:6),17.0,-2.320289118676856,1.2801536122253012,-5.48082612151073,-3.097322653782715,-1.9618264066070257,-1.6839058609636075,-0.1375860393527262,0.31048285648358287
Large Ratio 0.8 (4:5),15.0,-3.4259378120174016,2.361674898756636,-8.41411226813287,-4.219170537512732,-2.163086679434292,-1.696114197134388,-1.2331877147800083,0.6097818368027025
Large Ratio 0.83 (5:6),14.0,-3.0534106118534807,1.5739580295022453,-6.399168720718136,-4.000733933063737,-3.0625075972409594,-2.2878760764950004,-0.4673753353005563,0.4206579776828024
