condition,count,mean,std,min,25%,50%,75%,max,sem
Large Ratio 0.67 (4:6),17.0,104.94117647058823,8.663649550242194,88.0,100.0,104.0,112.0,116.0,2.1012436587637358
Large Ratio 0.8 (4:5),15.0,101.6,7.375635565834309,88.0,96.0,104.0,104.0,116.0,1.9043809142780936
Large Ratio 0.83 (5:6),14.0,100.85714285714286,9.820364577731342,88.0,93.0,100.0,107.0,116.0,2.6246028330772595
