condition,count,mean,std,min,25%,50%,75%,max,sem
Large Ratio 0.67 (4:6),24.0,172.83333333333334,20.463470458072496,144.0,152.0,174.0,190.0,204.0,4.177088415732931
Large Ratio 0.8 (4:5),24.0,172.5,19.2489412469994,140.0,159.0,174.0,185.0,204.0,3.9291736786634215
Large Ratio 0.83 (5:6),19.0,176.42105263157896,22.30673986208773,140.0,156.0,180.0,198.0,204.0,5.1175170957205705
