Contrast,Coef,Std.Err.,z,P>|z|,P>|z| (adj)
Large Ratio 0.67 (4:6) - Large Ratio 0.8 (4:5),0.24131247530415284,1.0179178479120543,0.23706478454929467,0.8126065315605331,0.8126065315605331
Large Ratio 0.67 (4:6) - Large Ratio 0.83 (5:6),-2.6933927331911325,1.2610311677856243,-2.135865315621612,0.03269039341446933,0.06431212500734589
Large Ratio 0.8 (4:5) - Large Ratio 0.83 (5:6),-2.934705208495285,1.0404703183051536,-2.820556393454544,0.0047940446353342825,0.014313295494981814
