Contrast,Coef,Std.Err.,z,P>|z|,P>|z| (adj)
Large Ratio 0.67 (4:6) - Large Ratio 0.8 (4:5),-1.526681778266935,1.889027221880511,-0.8081841069220463,0.4189846054748123,0.8038614688129697
Large Ratio 0.67 (4:6) - Large Ratio 0.83 (5:6),-1.2016071766957908,2.0583721054596604,-0.5837657698083976,0.5593779109691335,0.8058521746580751
Large Ratio 0.8 (4:5) - Large Ratio 0.83 (5:6),0.3250746015711443,2.019406282003912,0.16097533441787848,0.872112827545992,0.872112827545992
