Contrast,Coef,Std.Err.,z,P>|z|,P>|z| (adj)
Large Ratio 0.67 (4:6) - Large Ratio 0.8 (4:5),-2.449837281590551,3.856996338290715,-0.635167126623779,0.5253194207805456,0.5253194207805456
Large Ratio 0.67 (4:6) - Large Ratio 0.83 (5:6),-11.455911943927866,4.265854790291921,-2.685490366432261,0.007242346254808574,0.021570063899100822
Large Ratio 0.8 (4:5) - Large Ratio 0.83 (5:6),-9.006074662337316,4.187656187479029,-2.150624181914747,0.03150587505815117,0.062019129953122504
