Contrast,Coef,Std.Err.,z,P>|z|,P>|z| (adj)
Large Ratio 0.67 (4:6) - Large Ratio 0.8 (4:5),0.3454224486760575,0.3456374805016725,0.9993778689009569,0.3176116765425392,0.477277495684466
Large Ratio 0.67 (4:6) - Large Ratio 0.83 (5:6),0.7801063025573599,0.39515551876130556,1.974175395557577,0.0483618026752195,0.13818192782888875
Large Ratio 0.8 (4:5) - Large Ratio 0.83 (5:6),0.43468385388130243,0.3998662484570306,1.087073128974058,0.2770044921885517,0.477277495684466
