Contrast,Coef,Std.Err.,z,P>|z|,P>|z| (adj)
Large Ratio 0.67 (4:6) - Large Ratio 0.8 (4:5),0.4562590506971765,1.490222496561188,0.3061684089121135,0.7594764241925753,0.7594764241925753
Large Ratio 0.67 (4:6) - Large Ratio 0.83 (5:6),-3.4250745922092056,1.7633137907611987,-1.9424078743980375,0.05208774278775996,0.10492476698259956
Large Ratio 0.8 (4:5) - Large Ratio 0.83 (5:6),-3.881333642906382,1.8536979946730094,-2.0938327894080966,0.03627487814271846,0.10492476698259956
