Contrast,Coef,Std.Err.,z,P>|z|,P>|z| (adj)
Large Ratio 0.67 (4:6) - Large Ratio 0.8 (4:5),-0.02716444183549869,0.5384307811584518,-0.050451130927272554,0.9597628916451029,0.9597628916451029
Large Ratio 0.67 (4:6) - Large Ratio 0.83 (5:6),-0.5235575032497394,0.4030995976601746,-1.2988291387259445,0.19400257234203355,0.4763983972419682
Large Ratio 0.8 (4:5) - Large Ratio 0.83 (5:6),-0.49639306141424067,0.6127612141452814,-0.810092169600913,0.41788720436755344,0.6611446931609775
