Contrast,Coef,Std.Err.,z,P>|z|,P>|z| (adj)
Large Ratio 0.67 (4:6) - Large Ratio 0.8 (4:5),1.94310382016414,2.2751556483266993,0.8540531376801529,0.39307554762008046,0.7764349529423907
Large Ratio 0.67 (4:6) - Large Ratio 0.83 (5:6),1.6453615249165463,2.416746426982186,0.6808167818297449,0.49598742989156275,0.7764349529423907
Large Ratio 0.8 (4:5) - Large Ratio 0.83 (5:6),-0.29774229524759366,2.5078120973613234,-0.11872591872448217,0.9054925016066127,0.9054925016066127
