Contrast,Coef,Std.Err.,z,P>|z|,P>|z| (adj)
Large Ratio 0.67 (4:6) - Large Ratio 0.8 (4:5),-0.12306805319247006,1.0204921946909968,-0.12059676088922448,0.9040104345541162,0.9040104345541162
Large Ratio 0.67 (4:6) - Large Ratio 0.83 (5:6),-1.6545795793779403,1.2206457997651878,-1.3554952466114472,0.17525982202433799,0.32088718810593186
Large Ratio 0.8 (4:5) - Large Ratio 0.83 (5:6),-1.5315115261854702,0.9877403367441311,-1.5505203839642323,0.12101666484963802,0.32088718810593186
