Contrast,Coef,Std.Err.,z,P>|z|,P>|z| (adj)
Large Ratio 0.67 (4:6) - Large Ratio 0.8 (4:5),-1.2617535540741571,1.748371387491553,-0.7216736461721884,0.47049514849252705,0.851539871932522
Large Ratio 0.67 (4:6) - Large Ratio 0.83 (5:6),-1.197804951428235,2.019830351027956,-0.5930225530172046,0.5531660590249967,0.851539871932522
Large Ratio 0.8 (4:5) - Large Ratio 0.83 (5:6),0.06394860264592217,2.0441448946413505,0.03128379148345161,0.9750432166042273,0.9750432166042273
