Contrast,Coef,Std.Err.,z,P>|z|,P>|z| (adj)
Large Ratio 0.67 (4:6) - Large Ratio 0.8 (4:5),-1.2918136260881483,2.067463705741104,-0.6248301348656974,0.5320825502290722,0.5320825502290722
Large Ratio 0.67 (4:6) - Large Ratio 0.83 (5:6),-4.316376535568848,2.5379259865671164,-1.7007495720579793,0.08899002220299934,0.2439171263781175
Large Ratio 0.8 (4:5) - Large Ratio 0.83 (5:6),-3.0245629094806996,2.0834368072150182,-1.4517180933957425,0.14658000627578938,0.2716743143117683
