Contrast,A,B,Paired,Parametric,T,dof,alternative,p-unc,p-corr,p-adjust,BF10,cohen,ci_lower,ci_upper
condition,Large Ratio 0.67 (4:6),Large Ratio 0.8 (4:5),True,True,0.4296953680292129,15.0,two-sided,0.6735259248298527,0.6754383846360166,fdr_bh,0.277,0.12238640063044033,-0.4519811034667926,0.4347856066888948
condition,Large Ratio 0.67 (4:6),Large Ratio 0.83 (5:6),True,True,-0.4270092377330988,15.0,two-sided,0.6754383846360166,0.6754383846360166,fdr_bh,0.277,-0.08286799843613048,-0.619264523160688,0.411803037810495
condition,Large Ratio 0.8 (4:5),Large Ratio 0.83 (5:6),True,True,-0.7751332793988405,15.0,two-sided,0.45030856038577094,0.6754383846360166,fdr_bh,0.332,-0.2065688329127211,-0.7316249511321944,0.3440583114327742
