Contrast,A,B,Paired,Parametric,T,dof,alternative,p-unc,p-corr,p-adjust,BF10,cohen,ci_lower,ci_upper
condition,Large Ratio 0.67 (4:6),Large Ratio 0.8 (4:5),True,True,0.025658629072030276,18.0,two-sided,0.9798119470571538,0.9798119470571538,fdr_bh,0.238,0.006023770334366176,-0.4773610111210184,0.3677982894373701
condition,Large Ratio 0.67 (4:6),Large Ratio 0.83 (5:6),True,True,-1.048853214172093,18.0,two-sided,0.30812524312419154,0.4872092827126302,fdr_bh,0.385,-0.3072125523303561,-0.7295349087144206,0.24828804901084403
condition,Large Ratio 0.8 (4:5),Large Ratio 0.83 (5:6),True,True,-1.012307401109018,18.0,two-sided,0.3248061884750868,0.4872092827126302,fdr_bh,0.372,-0.3123809648310601,-0.7206795502849659,0.2562010596289127
