Contrast,A,B,Paired,Parametric,T,dof,alternative,p-unc,p-corr,p-adjust,BF10,cohen,ci_lower,ci_upper
condition,Large Ratio 0.67 (4:6),Large Ratio 0.8 (4:5),True,True,-0.2237034219064544,5.0,two-sided,0.8318410480065814,0.8318410480065814,fdr_bh,0.381,-0.10052192535241714,-0.7771159528312201,0.7602474771881051
condition,Large Ratio 0.67 (4:6),Large Ratio 0.83 (5:6),True,True,-1.7509387233470612,5.0,two-sided,0.14035248110148904,0.2729508560896977,fdr_bh,1.004,-0.8637394071612258,-1.8906925569896194,0.46105707596278644
condition,Large Ratio 0.8 (4:5),Large Ratio 0.83 (5:6),True,True,-1.5494222716067094,5.0,two-sided,0.18196723739313178,0.2729508560896977,fdr_bh,0.842,-0.7441974216953272,-1.8449725718513692,0.27163161488245147
