{
  "analysis_id": "cardinality_all",
  "date_analyzed": "2025-10-13T19:56:11.515016",
  "baseline_ms": [
    -100,
    0
  ],
  "response_filter": "ALL",
  "fal_fraction": 0.5,
  "n_subjects_total": 24,
  "n_evokeds_included": 29,
  "conditions": [
    "Cardinality1",
    "Cardinality2",
    "Cardinality3",
    "Cardinality4",
    "Cardinality5",
    "Cardinality6"
  ],
  "components": {
    "P1": {
      "peak_latency_ms": 112.0,
      "peak_gfp_amplitude": 0.48851407323971496,
      "fwhm_ms": 31.450460520696055,
      "window_start_ms": 94.61731914184665,
      "window_end_ms": 126.0677796625427,
      "search_range_ms": [
        60.0,
        120.0
      ],
      "method": "GFP_collapsed_localizer",
      "n_subjects": 29,
      "n_conditions": 6
    },
    "N1": {
      "peak_latency_ms": 168.0,
      "peak_gfp_amplitude": -4.012626071743473,
      "fwhm_ms": 52.85866775790501,
      "window_start_ms": 141.24301191040465,
      "window_end_ms": 194.10167966830966,
      "search_range_ms": [
        125.0,
        200.0
      ],
      "method": "GFP_collapsed_localizer",
      "n_subjects": 29,
      "n_conditions": 6
    },
    "P3b": {
      "peak_latency_ms": 356.0,
      "peak_gfp_amplitude": 0.4022398039846981,
      "fwhm_ms": 27.412430842026993,
      "window_start_ms": 339.41933274097295,
      "window_end_ms": 366.83176358299994,
      "search_range_ms": [
        320.0,
        590.0
      ],
      "method": "GFP_collapsed_localizer",
      "n_subjects": 29,
      "n_conditions": 6
    }
  }
}