Source,SS,DF,MS,F,p-unc,ng2,eps
condition,10.555583573888851,1,10.555583573888851,2.019751860920737,0.16868199504437495,0.01765139155455572,1.0
Error,120.20210348451866,23,5.226178412370376,,,,
