Source,SS,DF,MS,F,p-unc,ng2,eps
condition,1496.3333333333385,1,1496.3333333333385,9.232495752481475,0.005837068889109461,0.12292231441167646,1.0
Error,3727.666666666668,23,162.072463768116,,,,
