Source,SS,DF,MS,F,p-unc,ng2,eps
condition,288.79999999999956,1,288.79999999999956,1.6670087224217527,0.2288348427940051,0.06661745709540497,1.0
Error,1559.1999999999994,9,173.24444444444438,,,,
