Source,SS,DF,MS,F,p-unc,ng2,eps
condition,705.3333333333342,1,705.3333333333342,4.156815852408616,0.053121847968292786,0.058163826278174895,1.0
Error,3902.666666666665,23,169.6811594202898,,,,
