Source,SS,DF,MS,F,p-unc,ng2,eps
condition,14.482572792980308,1,14.482572792980308,8.6770670360924,0.011365669602543942,0.13215968803227848,1.0
Error,21.697820879522723,13,1.669063144578671,,,,
