Source,SS,DF,MS,F,p-unc,ng2,eps
condition,1104.5,1,1104.5,1.121281851713986,0.30639738756337404,0.031764519793509055,1.0
Error,14775.5,15,985.0333333333333,,,,
