condition,count,mean,std,min,25%,50%,75%,max,sem
Decreasing 2 to 1,17.0,-3.074813697939227,1.4061849127528039,-6.411816168992805,-3.6001444901297446,-2.835713214255108,-2.220953133733946,-0.4281232369911069,0.34104993673116263
Increasing 1 to 2,9.0,-2.5669341840413717,1.6602807164372995,-6.4138768291307,-2.906792529373543,-2.3867113046130624,-1.4534354786098873,-0.7264083057254102,0.5534269054790999
