condition,count,mean,std,min,25%,50%,75%,max,sem
Decreasing 2 to 1,24.0,4.8691607150360525,3.3231309436383833,-2.327637835739232,2.5453190746914784,5.393439134341824,6.892068923234835,11.07871891230127,0.678331263363967
Increasing 1 to 2,24.0,3.9312737471711956,3.807622484115391,-3.511377206593195,1.8878515000487208,3.194192521668699,5.32563049953033,11.519447670842077,0.777227684935938
