condition,count,mean,std,min,25%,50%,75%,max,sem
Decreasing 2 to 1,7.0,3.676979877823705,2.29727904843928,0.991207192622589,2.2045675137363734,3.3936717898572453,4.895986881573118,7.15287137166712,0.8682898648984914
Increasing 1 to 2,15.0,3.040465890490864,1.7851024990738844,0.6765196220124049,1.51904470608312,3.166572102550192,4.160490001674655,6.14677570596815,0.46091148334575965
