condition,count,mean,std,min,25%,50%,75%,max,sem
Decreasing 2 to 1,16.0,180.5,11.854675589544124,160.0,172.0,180.0,188.0,204.0,2.9636688973860315
Increasing 1 to 2,20.0,169.4,14.173362710603147,148.0,163.0,170.0,176.0,196.0,3.1692602490669315
