Contrast,Coef,Std.Err.,z,P>|z|,P>|z| (adj)
Decreasing 2 to 1 - Increasing 1 to 2,6.228423448454524,3.6450497213702318,1.708734838907262,0.08750007763283563,0.08750007763283563
