Contrast,Coef,Std.Err.,z,P>|z|,P>|z| (adj)
Decreasing 2 to 1 - Increasing 1 to 2,0.5149030908983697,0.39443957411546243,1.3054042360050935,0.19175523673541006,0.1917552367354101
