Contrast,Coef,Std.Err.,z,P>|z|,P>|z| (adj)
Decreasing 2 to 1 - Increasing 1 to 2,0.13750470402125745,0.5349515751402085,0.25704140414058607,0.7971468106880639,0.7971468106880639
