Contrast,Coef,Std.Err.,z,P>|z|,P>|z| (adj)
Decreasing 2 to 1 - Increasing 1 to 2,1.1951648818736813,0.5165066877348576,2.3139388322638808,0.020671077641630786,0.02067107764163079
