Contrast,Coef,Std.Err.,z,P>|z|,P>|z| (adj)
Decreasing 2 to 1 - Increasing 1 to 2,9.742769246056687,3.329790964728167,2.925940201430048,0.0034341694093744657,0.0034341694093744657
