Contrast,Coef,Std.Err.,z,P>|z|,P>|z| (adj)
Decreasing 2 to 1 - Increasing 1 to 2,0.5695986753849479,0.32198748682689626,1.769008730737322,0.07689241759953114,0.07689241759953112
