Contrast,Coef,Std.Err.,z,P>|z|,P>|z| (adj)
Decreasing 2 to 1 - Increasing 1 to 2,0.07340139499715213,0.3959000647915389,0.18540384689202216,0.8529122913471221,0.8529122913471221
