Contrast,Coef,Std.Err.,z,P>|z|,P>|z| (adj)
Decreasing 2 to 1 - Increasing 1 to 2,5.584633866075515,1.6976178300701816,3.2896885077159204,0.001002983478677999,0.001002983478677999
