Contrast,Coef,Std.Err.,z,P>|z|,P>|z| (adj)
Decreasing 2 to 1 - Increasing 1 to 2,-0.49201179568395226,0.43041961426081343,-1.1430979894559752,0.2529979089655958,0.2529979089655958
