Contrast,Coef,Std.Err.,z,P>|z|,P>|z| (adj)
Decreasing 2 to 1 - Increasing 1 to 2,2.959477567811176,4.987720955190756,0.5933526743775084,0.5529451539206425,0.5529451539206425
