Contrast,Coef,Std.Err.,z,P>|z|,P>|z| (adj)
Decreasing 2 to 1 - Increasing 1 to 2,0.3156765361467371,0.4874466018589975,0.6476125486213812,0.517235578971553,0.517235578971553
