Source,SS,DF,MS,F,p-unc,ng2,eps
condition,9.438635540496467,1,9.438635540496467,2.5825252229001614,0.12169215863689437,0.013753670361165303,1.0
Error,84.06059910138242,23,3.6548086565818445,,,,
