Source,SS,DF,MS,F,p-unc,ng2,eps
condition,9.41172600685928,1,9.41172600685928,7.463310251753131,0.012847260362690469,0.07510520332339882,1.0
Error,25.221317858649826,20,1.2610658929324914,,,,
