Source,SS,DF,MS,F,p-unc,ng2,eps
condition,5.3248466759128235,1,5.3248466759128235,1.355965704475208,0.26369785323644535,0.016529327950727157,1.0
Error,54.977683592396886,14,3.9269773994569204,,,,
