Source,SS,DF,MS,F,p-unc,ng2,eps
condition,193.14285714285649,1,193.14285714285649,7.681818181818148,0.03235359609323153,0.25413533834586394,1.0
Error,150.857142857143,6,25.142857142857167,,,,
