Source,SS,DF,MS,F,p-unc,ng2,eps
condition,4.0,1,4.0,0.30434782608695654,0.5983311559987456,0.019230769230769232,1.0
Error,92.0,7,13.142857142857142,,,,
