Source,SS,DF,MS,F,p-unc,ng2,eps
condition,0.0018240481156612672,1,0.0018240481156612672,0.0006829495954160012,0.9799985120224888,4.774043624177218e-05,1.0
Error,16.02503137482814,6,2.6708385624713564,,,,
