Source,SS,DF,MS,F,p-unc,ng2,eps
condition,193.14285714285649,1,193.14285714285649,7.681818181818153,0.03235359609323149,0.25413533834586405,1.0
Error,150.8571428571429,6,25.14285714285715,,,,
