Source,SS,DF,MS,F,p-unc,ng2,eps
condition,2.118537569477094,1,2.118537569477094,0.7072527476895387,0.4090158837258858,0.011295975188339828,1.0
Error,68.89526305433665,23,2.9954462197537675,,,,
