Source,SS,DF,MS,F,p-unc,ng2,eps
condition,21.43995182197003,1,21.43995182197003,10.720325619774796,0.003330669704534928,0.07050149996065658,1.0
Error,45.99849942950425,23,1.9999347578045326,,,,
