condition,count,mean,std,min,25%,50%,75%,max,sem
1 to 2,16.0,3.5613681099874204,2.813858579867547,0.0350462547465902,1.7039453474715096,3.185138641546975,4.407229946936086,10.5475630333714,0.7034646449668868
1 to 3,20.0,3.9215440524121155,3.274827090297743,0.0554669962482409,1.5928173686128893,2.8348876768654643,5.471697229664731,12.666668789249078,0.7322735988463598
