condition,count,mean,std,min,25%,50%,75%,max,sem
1 to 2,24.0,-0.28287428742037235,1.9386776113989197,-3.399191812827398,-1.5899767991939313,-0.3528032313468292,0.67778240657388,4.433986300067653,0.3957309103070872
1 to 3,24.0,0.36556772621288225,1.9950591986490294,-3.619231966936699,-0.535518130579911,0.0832483092402231,1.6824116839964407,4.086750909879442,0.4072397536113354
