condition,count,mean,std,min,25%,50%,75%,max,sem
1 to 2,12.0,2.169836221517527,1.4773171157950142,0.6399568112916482,1.2690034496228948,1.7054520358617085,2.367390031262132,5.601658898007744,0.42646471724134655
1 to 3,14.0,1.985325424675679,1.2347344926066255,0.2941113306954469,0.7993620373569787,2.073481048491141,2.8711902817678987,4.288624275904471,0.3299966739261539
