condition,count,mean,std,min,25%,50%,75%,max,sem
Increasing 1 to 2,21.0,168.0,15.17893276880822,144.0,160.0,168.0,176.0,196.0,3.3123146848433
Increasing 1 to 3,24.0,168.5,22.911929681699235,136.0,154.0,166.0,182.0,216.0,4.676878061890977
