condition,count,mean,std,min,25%,50%,75%,max,sem
Decreasing 1 to 3,4.0,485.00581276279763,4.329727849688704,479.1370720712103,483.3014831231856,485.82706855037827,487.5313981899902,489.2320418792237,2.164863924844356
Increasing 1 to 2,1.0,451.917124400729,,451.917124400729,451.917124400729,451.917124400729,451.917124400729,451.917124400729,
