condition,count,mean,std,min,25%,50%,75%,max,sem
1 to 2,12.0,-1.6669265031447464,1.03533352745938,-3.399191812827398,-2.3635049027566444,-1.5893705675146075,-0.9276571630278556,-0.3375959082017269,0.2988750453898589
1 to 3,10.0,-1.3817961968068602,1.3975160179405834,-3.619231966936699,-2.4311432446784433,-0.7667459576888735,-0.3216670051098482,-0.2440995219622637,0.441933368326098
