Contrast,Coef,Std.Err.,z,P>|z|,P>|z| (adj)
1 to 2 - 1 to 3,-28.93090253332365,15.195002193986474,-1.9039748835820012,0.0569134553480537,0.0569134553480537
