Contrast,Coef,Std.Err.,z,P>|z|,P>|z| (adj)
1 to 2 - 1 to 3,0.046475727626430895,0.4746581802612429,0.09791409810076702,0.9220005051157882,0.9220005051157882
