Contrast,Coef,Std.Err.,z,P>|z|,P>|z| (adj)
1 to 2 - 1 to 3,-1.4874786940460207,2.701547558448139,-0.5506024461403446,0.5819062316481771,0.5819062316481771
