Contrast,Coef,Std.Err.,z,P>|z|,P>|z| (adj)
1 to 2 - 1 to 3,0.2802611096304211,0.6862954936829025,0.4083679875653002,0.6830035321032086,0.6830035321032086
