Contrast,Coef,Std.Err.,z,P>|z|,P>|z| (adj)
1 to 2 - 1 to 3,-1.4874786940460443,2.701547558448135,-0.550602446140354,0.5819062316481707,0.5819062316481707
