Contrast,Coef,Std.Err.,z,P>|z|,P>|z| (adj)
1 to 2 - 1 to 3,0.44591989957197276,0.287559291505232,1.5507059335060973,0.12097217193371379,0.12097217193371378
