Contrast,Coef,Std.Err.,z,P>|z|,P>|z| (adj)
1 to 2 - 1 to 3,0.5921203441589261,0.3541967444586419,1.6717272347150711,0.094578121151625,0.094578121151625
