{
  "analysis_id": "12_13_ACC1",
  "date_analyzed": "2025-10-20T23:07:41.782667",
  "baseline_ms": [
    -100,
    0
  ],
  "response_filter": "ACC1",
  "fal_fraction": 0.5,
  "n_subjects_total": 24,
  "n_evokeds_included": 48,
  "conditions": [
    "1 to 2",
    "1 to 3"
  ],
  "components": {
    "P1": {
      "collapsed_peak_latency_ms": 80.0,
      "peak_gfp_amplitude": 0.19542261962138122,
      "fwhm_ms": 17.363830188863943,
      "window_start_ms": 70.70953472866088,
      "window_end_ms": 88.07336491752483,
      "search_range_ms": [
        60.0,
        120.0
      ],
      "method": "GFP_collapsed_localizer",
      "n_subjects": 48,
      "n_conditions": 2
    },
    "N1": {
      "collapsed_peak_latency_ms": 164.0,
      "peak_gfp_amplitude": -4.031324361623881,
      "fwhm_ms": 83.40513067293602,
      "window_start_ms": 134.24296892113466,
      "window_end_ms": 217.6480995940707,
      "search_range_ms": [
        125.0,
        200.0
      ],
      "method": "GFP_collapsed_localizer",
      "n_subjects": 48,
      "n_conditions": 2
    },
    "P3b": {
      "collapsed_peak_latency_ms": 496.0,
      "peak_gfp_amplitude": 2.9595855033614584,
      "fwhm_ms": 151.9211694691935,
      "window_start_ms": 386.1433174207376,
      "window_end_ms": 538.0644868899311,
      "search_range_ms": [
        320.0,
        590.0
      ],
      "method": "GFP_collapsed_localizer",
      "n_subjects": 48,
      "n_conditions": 2
    }
  }
}