{
  "analysis_id": "12_13_ACC1",
  "date_analyzed": "2025-10-13T19:55:24.605629",
  "baseline_ms": [
    -100,
    0
  ],
  "response_filter": "ACC1",
  "fal_fraction": 0.5,
  "n_subjects_total": 24,
  "n_evokeds_included": 3,
  "conditions": [
    "Increasing 1 to 2",
    "Decreasing 1 to 3"
  ],
  "components": {
    "P1": {
      "peak_latency_ms": 80.0,
      "peak_gfp_amplitude": 1.2145164787684346,
      "fwhm_ms": 58.66506258693744,
      "window_start_ms": 63.41917807959433,
      "window_end_ms": 122.08424066653177,
      "search_range_ms": [
        60.0,
        120.0
      ],
      "method": "GFP_collapsed_localizer",
      "n_subjects": 3,
      "n_conditions": 2
    },
    "N1": {
      "peak_latency_ms": 168.0,
      "peak_gfp_amplitude": -4.163383106796237,
      "fwhm_ms": 53.996035849700945,
      "window_start_ms": 144.68430405530853,
      "window_end_ms": 198.68033990500948,
      "search_range_ms": [
        125.0,
        200.0
      ],
      "method": "GFP_collapsed_localizer",
      "n_subjects": 3,
      "n_conditions": 2
    },
    "P3b": {
      "peak_latency_ms": 508.0,
      "peak_gfp_amplitude": 2.3627989176587065,
      "fwhm_ms": 92.27451024147479,
      "window_start_ms": 433.58586339276644,
      "window_end_ms": 525.8603736342412,
      "search_range_ms": [
        320.0,
        590.0
      ],
      "method": "GFP_collapsed_localizer",
      "n_subjects": 3,
      "n_conditions": 2
    }
  }
}