{
  "analysis_id": "ratio_within_small_ACC1",
  "date_analyzed": "2025-10-30T19:19:25.400707",
  "baseline_ms": [
    -100,
    0
  ],
  "response_filter": "ACC1",
  "fal_fraction": 0.5,
  "n_subjects_total": 24,
  "n_evokeds_included": 72,
  "conditions": [
    "Small Ratio 0.33 (1:3)",
    "Small Ratio 0.5 (1:2)",
    "Small Ratio 0.67 (2:3)"
  ],
  "components": {
    "P1": {
      "collapsed_peak_latency_ms": 116.0,
      "peak_gfp_amplitude": 0.6558659418932961,
      "fwhm_ms": 32.43431265843276,
      "window_start_ms": 95.10100774163078,
      "window_end_ms": 127.53532040006354,
      "search_range_ms": [
        60.0,
        120.0
      ],
      "method": "GFP_collapsed_localizer",
      "n_subjects": 72,
      "n_conditions": 3
    },
    "N1": {
      "collapsed_peak_latency_ms": 172.0,
      "peak_gfp_amplitude": -3.509084108177932,
      "fwhm_ms": 74.71589399137716,
      "window_start_ms": 141.2080251563901,
      "window_end_ms": 215.92391914776726,
      "search_range_ms": [
        125.0,
        200.0
      ],
      "method": "GFP_collapsed_localizer",
      "n_subjects": 72,
      "n_conditions": 3
    },
    "P3b": {
      "collapsed_peak_latency_ms": 472.0,
      "peak_gfp_amplitude": 3.20484791716455,
      "fwhm_ms": 114.84986487791286,
      "window_start_ms": 419.97673338599384,
      "window_end_ms": 534.8265982639067,
      "search_range_ms": [
        320.0,
        590.0
      ],
      "method": "GFP_collapsed_localizer",
      "n_subjects": 72,
      "n_conditions": 3
    }
  }
}