Source,SS,DF,MS,F,p-unc,ng2,eps
condition,69.14285714285822,1,69.14285714285822,0.06592347345040124,0.8013860854741497,0.002074937837606137,1.0
Error,13634.857142857149,13,1048.8351648351652,,,,
