Source,SS,DF,MS,F,p-unc,ng2,eps
condition,71.74003374068786,1,71.74003374068786,10.23480312045284,0.02401696187287883,0.3391173528106673,1.0
Error,35.04710002546376,5,7.009420005092752,,,,
