condition,count,mean,std,min,25%,50%,75%,max,sem
Decrease by 3 (Correct),24.0,177.0,15.024617480481245,152.0,167.0,176.0,189.0,208.0,3.066887200639971
Decrease by 3 (Incorrect),9.0,181.33333333333334,17.320508075688775,160.0,168.0,180.0,184.0,212.0,5.773502691896257
