condition,count,mean,std,min,25%,50%,75%,max,sem
Decrease by 3 (Correct),18.0,104.88888888888889,8.519105786330677,88.0,101.0,106.0,111.0,116.0,2.007972490386659
Decrease by 3 (Incorrect),7.0,99.42857142857143,8.772250620700536,92.0,94.0,96.0,104.0,112.0,3.3155990829579443
