Contrast,Coef,Std.Err.,z,P>|z|,P>|z| (adj)
Decrease by 3 (Correct) - Decrease by 3 (Incorrect),-0.8053127748764197,12.280646653862066,-0.0655757630338759,0.9477155858663961,0.9477155858663961
