Contrast,Coef,Std.Err.,z,P>|z|,P>|z| (adj)
Decrease by 3 (Correct) - Decrease by 3 (Incorrect),4.641895262498898,3.342945621898334,1.3885643942550698,0.1649652507892787,0.1649652507892787
