Contrast,Coef,Std.Err.,z,P>|z|,P>|z| (adj)
Decrease by 3 (Correct) - Decrease by 3 (Incorrect),-4.300953688070142,12.44067635123476,-0.34571703070173226,0.7295553839558546,0.7295553839558546
