Contrast,Coef,Std.Err.,z,P>|z|,P>|z| (adj)
Decrease by 3 (Correct) - Decrease by 3 (Incorrect),0.14144636290275747,1.1346857219951612,0.12465686327139724,0.9007952090583187,0.9007952090583187
