Contrast,Coef,Std.Err.,z,P>|z|,P>|z| (adj)
Decrease by 3 (Correct) - Decrease by 3 (Incorrect),4.582180758260795,0.9382198150800978,4.883909596249152,1.0400277337119235e-06,1.0400277337119235e-06
