Source,SS,DF,MS,F,p-unc,ng2,eps
condition,406.6666666666667,5,81.33333333333334,2.699115044247788,0.14990235530658122,0.7279236276849641,0.19999999999999998
Error,150.66666666666666,5,30.133333333333333,,,,
