Source,SS,DF,MS,F,p-unc,p-GG-corr,ng2,eps,sphericity,W-spher,p-spher
condition,580.6666666666671,5,116.13333333333341,1.0573888091822095,0.39393047331499537,0.3719374718207331,0.03229155081006935,0.47730549198801864,False,0.0594941741633913,0.03309469831253172
Error,6040.6666666666715,55,109.83030303030311,,,,,,,,
