Source,SS,DF,MS,F,p-unc,ng2,eps
condition,48.44315395125834,5,9.688630790251668,1.9731184022367738,0.08781464956934905,0.029169482283749614,0.8162558189068879
Error,564.686102778154,115,4.910313937201339,,,,
