Source,SS,DF,MS,F,p-unc,ng2,eps
condition,444.8888888888894,5,88.97777777777789,1.6812227074235833,0.17591593781342701,0.21784548422198066,0.4656468792566488
Error,1323.1111111111109,25,52.92444444444443,,,,
