condition,count,mean,std,min,25%,50%,75%,max,sem
Cardinality1,8.0,4.297787137600239,2.3749693543927384,0.7775805252397852,3.058603656466757,4.189899785561685,5.203337447078667,8.242028585737144,0.839678467800671
Cardinality2,7.0,2.706271951681526,1.0596504033598637,1.2281684160815802,1.8255975152661128,3.1730010503217434,3.4873789694254897,3.916781225984155,0.400510206279926
Cardinality3,8.0,2.9517236189984173,1.1435501344205634,1.692991595339847,1.9643879390133296,2.928652857353802,3.353880500636485,4.868379463473526,0.4043060273377842
Cardinality4,7.0,2.669324427939235,1.7657639022964382,0.9315700749198388,1.2137871185466422,2.0902287482404533,4.130136955376535,4.975624024568002,0.6673960227901897
Cardinality5,7.0,2.72387548098001,1.3812163285025845,1.229951164484635,1.7698048842514762,2.3487794077333746,3.582598027311206,4.783591971516695,0.522050701714219
Cardinality6,6.0,3.644443770511673,1.258817656717303,2.711993454529376,2.9116599438530453,2.965176957258403,4.091699159779569,5.863287754019305,0.5139101563605649
