condition,count,mean,std,min,25%,50%,75%,max,sem
Cardinality1,16.0,-3.0017419799894185,1.900402974145442,-7.821290736763977,-3.1541023085342754,-2.389329725040375,-1.9681892279485012,-0.7348823470072318,0.4751007435363605
Cardinality2,14.0,-2.3456843166271666,1.3308845982267212,-5.941564856010966,-2.802373843644776,-2.3044003843142162,-1.3385165227767328,-0.6812525571210145,0.3556938705641915
Cardinality3,12.0,-3.6643946176816953,1.8334933136245914,-8.809577621901047,-3.8935892736460653,-3.6035260018342754,-3.071370367529015,-1.480480172107801,0.5292839290892685
Cardinality4,16.0,-2.5827726736111822,1.483190906657056,-6.843577137777803,-2.99028276487344,-2.579235491642935,-1.7315346274723002,-0.645594010648389,0.370797726664264
Cardinality5,14.0,-3.224026804827795,2.0272076022775978,-7.368179213570046,-4.616445598267492,-2.6108329422684244,-1.8348898001792704,-0.3609854004443658,0.5417940213990189
Cardinality6,15.0,-3.536645796239858,1.8305543052547464,-7.149755325060925,-4.139633561880878,-3.907155416820334,-2.116075614331473,-1.1518565059083608,0.47264708923866144
