condition,count,mean,std,min,25%,50%,75%,max,sem
Cardinality1,9.0,176.18966802066032,6.7526989306221115,162.6664362686395,174.0410273260338,176.61445605825418,181.1158840576384,183.4615887262398,2.250899643540704
Cardinality2,14.0,174.61473518260306,9.343461891636162,160.21246065142637,169.04079614050528,173.86551778378544,178.99852357233044,194.9336373413252,2.4971452289200893
Cardinality3,15.0,172.4164145537907,6.336567546134742,157.04157691333754,171.89100420265058,172.95907405549744,176.20883952401658,182.5898243124921,1.6360947052198818
Cardinality4,18.0,172.33290435684228,9.54493822819358,153.56534022192946,165.89160860081603,172.8188994764427,179.53361739849555,186.41542262182645,2.2497635157207974
Cardinality5,16.0,172.55727828185707,7.292778381907232,164.1524512365362,166.90456675478475,171.56041244475784,175.8345665607952,187.3100742942542,1.8231945954768098
Cardinality6,16.0,172.39301803839055,7.853483499581937,161.74242758461202,165.80805824254045,171.35034108205951,175.99121658786612,193.2252242121361,1.9633708748954863
