condition,count,mean,std,min,25%,50%,75%,max,sem
Cardinality1,14.0,3.04142367246326,1.841715812909323,1.0513113879414606,1.5443651607338131,2.71295778855561,3.8024682094972255,7.062379147074598,0.49221925540789585
Cardinality2,13.0,3.7778454583444616,2.079588541963446,0.4080121933122388,3.0522754691255973,3.298986700082863,4.820389692593302,8.486869204416374,0.5767740861474308
Cardinality3,16.0,4.487138068668031,2.2299362534901515,1.2987059143210842,3.3004425826033916,4.084427893168854,5.165694507514242,9.60470479909227,0.5574840633725379
Cardinality4,11.0,4.179118574559503,2.5747840236216186,0.6496240369218232,2.581477784566724,3.211570324825737,5.459222149489094,8.960205249442375,0.7763265929594985
Cardinality5,14.0,2.6413769931130773,1.3608292481106006,0.345475053220805,1.8077149961339416,2.636159915232443,3.4907604739297162,5.394100404090085,0.36369691488078976
Cardinality6,14.0,4.547199064518263,2.341180386854639,1.8518066319529247,3.1028530079076555,4.277381176877825,5.3095962162675985,9.606170970036066,0.6257067777317812
