condition,count,mean,std,min,25%,50%,75%,max,sem
Cardinality1,19.0,2.6528186914806353,2.505768433555344,0.1725528686277523,0.9273648076103883,2.099087388811759,3.4132350472224937,10.401516987295317,0.5748627040937873
Cardinality2,12.0,2.0821733984285635,1.7690963263124082,0.4554446529677179,0.8544748406268049,1.4265395459846921,2.9092011109748004,6.44157282371508,0.5106941201094235
Cardinality3,14.0,2.195676187796216,2.0663420691906675,0.1037724124602429,0.778211526218337,1.4015097955774563,3.1046104752497583,7.309160206963297,0.5522531476277865
Cardinality4,12.0,2.1346715334298874,1.5152985190454829,0.2401316246369169,0.8208378571266636,2.1418078417245505,2.9133083401547455,4.818037093923702,0.4374290039367753
Cardinality5,14.0,1.8980021914081229,1.5269918702283882,-0.0417344044243081,0.8478854383177519,1.4945378164437464,2.5570577511784887,4.568991701516937,0.40810574362741464
Cardinality6,12.0,1.9261465133974698,1.867079575892107,0.120557358749968,0.526915433654619,1.522998661950473,2.681895392929573,6.891128491669626,0.5389794478698802
