Source,SS,DF,MS,F,p-unc,ng2,eps
condition,675.0,3,225.0,1.0674749604638905,0.41027550865160406,0.1684552033940604,0.38374835231009274
Error,1897.0,9,210.77777777777777,,,,
