Source,SS,DF,MS,F,p-unc,ng2,eps
condition,694.0,3,231.33333333333334,1.0743034055727554,0.4772005874220431,0.5171385991058122,0.3333333333333333
Error,646.0,3,215.33333333333334,,,,
