Source,SS,DF,MS,F,p-unc,ng2,eps
condition,19.994444583077048,3,6.6648148610256825,1.9164165143383296,0.16311332155676214,0.13171906562908156,0.7428219082421916
Error,62.59947490584139,18,3.4777486058800773,,,,
