condition,count,mean,std,min,25%,50%,75%,max,sem
1a,13.0,6.717859649595086,3.577096608665832,2.6333120558014227,3.364413291753272,7.315569253882112,8.414441967337385,15.318041120143336,0.9921080953717695
1b,17.0,6.012526579497494,3.1426866093591914,2.134261099633042,4.111283782912486,5.994818061189202,7.144461739811865,13.335610308395085,0.7622134610942456
1c,16.0,6.050042829755267,3.885630947665832,1.4157490184015458,3.5493636775957853,4.573181225207641,7.331319304182241,15.744908410992402,0.9714077369164579
1d,14.0,6.208172837619192,2.9883771382058106,1.3375841398257529,4.340195773377534,5.958304417820008,8.51619734509815,10.496993260176064,0.7986773852595815
