Contrast,Coef,Std.Err.,z,P>|z|,P>|z| (adj)
1a - 1b,-1.7564634308169507,0.6600403092738591,-2.6611456999487157,0.0077875250689167785,0.04582485779071183
1a - 1c,-1.4283548419397776,0.6407853845205478,-2.2290690088203395,0.025809313565896552,0.09930885501502966
1a - 1d,-1.5813639782566677,0.6156819863030538,-2.568475306143327,0.010214698962304647,0.05004069776411503
1b - 1c,0.3281085888771731,0.5903463606465982,0.5557899747494002,0.5783544397146585,0.9250377531265338
1b - 1d,0.17509945256028292,0.5597760426431055,0.31280269111466863,0.7544305707035959,0.9396956553950384
1c - 1d,-0.15300913631689017,0.5592584365163913,-0.27359289789168095,0.784397492489497,0.9396956553950384
