Contrast,Coef,Std.Err.,z,P>|z|,P>|z| (adj)
1a - 1b,-0.21049792885108523,0.8448941389980168,-0.24914118720331108,0.8032515709088424,0.8741824531091977
1a - 1c,1.2404340957237834,0.8361964859251547,1.4834241910875605,0.1379617441014942,0.523971781789329
1a - 1d,0.3828994795668314,0.8318260252698545,0.4603119738200234,0.6452923078212114,0.8741824531091977
1b - 1c,1.4509320245748687,0.8331300184205847,1.7415433275654728,0.08158838541288826,0.399899202300307
1b - 1d,0.5933974084179167,0.838996724063651,0.7072702328846021,0.4793985602959223,0.858903547596134
1c - 1d,-0.8575346161569519,0.8328881253659208,-1.0295915982476074,0.30320176092481077,0.764262769043025
