Contrast,Coef,Std.Err.,z,P>|z|,P>|z| (adj)
1a - 1b,0.440364599508032,0.7477500613357407,0.5889195097107558,0.5559152695239058,0.9124214961552201
1a - 1c,0.39323039168498436,0.738194941551213,0.5326917993486462,0.5942469438113631,0.9124214961552201
1a - 1d,-0.6159315242403125,0.7641284459528562,-0.8060575777574351,0.4202096506304587,0.8869985727211007
1b - 1c,-0.047134207823047614,0.6977435645730058,-0.06755233615360118,0.9461419989138959,0.9461419989138959
1b - 1d,-1.0562961237483446,0.7084005213938962,-1.491100150053399,0.13593520295105121,0.5838231955996486
1c - 1d,-1.009161915925297,0.7252131865275514,-1.3915382878755171,0.16406225762623028,0.5918031304615932
