Contrast,Coef,Std.Err.,z,P>|z|,P>|z| (adj)
1a - 1b,-2.7930096933891346,3.688523990214487,-0.7572160844822706,0.4489204154216573,0.9077731683058907
1a - 1c,-1.1503453766170757,3.651462640340844,-0.3150368742399888,0.7527336566920237,0.9577261897315814
1a - 1d,-4.359139414399994,3.6328433021739897,-1.1999249766130484,0.23016847874608914,0.7918510916417577
1b - 1c,1.642664316772059,3.6383984138716006,0.45148005521036616,0.6516435966585792,0.9577261897315814
1b - 1d,-1.5661297210108596,3.663393654664391,-0.42750789804333356,0.6690094337242378,0.9577261897315814
1c - 1d,-3.2087940377829183,3.637367914625533,-0.8821747244430905,0.3776823280689632,0.9066615318602044
