Contrast,Coef,Std.Err.,z,P>|z|,P>|z| (adj)
1a - 1b,15.86570987769073,6.9001164294718995,2.2993394444657236,0.021485671646217952,0.12218471973739799
1a - 1c,4.073893488898078,7.230509499624362,0.563431040248232,0.5731414054793487,0.8177917402838542
1a - 1d,12.309365093464262,7.766612646476006,1.5849078168008632,0.11298728025580318,0.3809590332637385
1b - 1c,-11.791816388792652,6.478535733228541,-1.8201360422096906,0.0687382900579998,0.29957968537024876
1b - 1d,-3.556344784226468,7.290719375833382,-0.48779065561276685,0.6256981308617615,0.8177917402838542
1c - 1d,8.235471604566184,7.42725631626079,1.1088174763183998,0.26750892970066786,0.606986920559885
