Contrast,A,B,Paired,Parametric,T,dof,alternative,p-unc,p-corr,p-adjust,BF10,cohen,ci_lower,ci_upper
condition,1a,1b,True,True,1.8571428571428572,1.0,two-sided,0.3144528418445152,0.6144982940974001,fdr_bh,1.001,2.4140393963016744,-0.3928052483040573,1.624716044109638
condition,1a,1c,True,True,1.3333333333333333,1.0,two-sided,0.40966552939826667,0.6144982940974001,fdr_bh,0.838,1.7888543819998317,-0.506566762701955,2.564549784412061
condition,1a,1d,True,True,2.0,1.0,two-sided,0.2951672353008664,0.6144982940974001,fdr_bh,1.043,1.2649110640673518,-0.693306683710117,1.4865438292137552
condition,1b,1c,True,True,-5.0,1.0,two-sided,0.12566591637800234,0.6144982940974001,fdr_bh,1.666,-0.7808688094430304,-0.8868470785812642,0.6556177533748323
condition,1b,1d,True,True,-0.45454545454545453,1.0,two-sided,0.7284005024398164,0.8740806029277796,fdr_bh,0.576,-0.6401843996644799,-1.0766094029852626,0.39505520188878473
condition,1c,1d,True,True,0.0,1.0,two-sided,1.0,1.0,fdr_bh,0.523,0.0,-0.7697480824264207,0.9041812969108869
