Contrast,A,B,Paired,Parametric,T,dof,alternative,p-unc,p-corr,p-adjust,BF10,cohen,ci_lower,ci_upper
condition,1a,1b,True,True,0.34207562485369264,3.0,two-sided,0.7548559815544402,0.9058271778653282,fdr_bh,0.449,0.29309822517920153,-1.1164876407055024,0.9846620376527425
condition,1a,1c,True,True,3.2251353447735993,3.0,two-sided,0.048394621160689294,0.14518386348206788,fdr_bh,2.435,1.9081429160973031,-0.6389103477817236,1.0507646662005743
condition,1a,1d,True,True,0.7585620587940121,3.0,two-sided,0.5032673280345147,0.7549009920517721,fdr_bh,0.534,0.3049956358505654,-1.1214837286523638,0.5808307702142232
condition,1b,1c,True,True,1.6912684078876725,3.0,two-sided,0.18936421814470822,0.37872843628941644,fdr_bh,0.968,1.6369188357918725,-0.264796239349789,1.3896539017776592
condition,1b,1d,True,True,0.0689142514393767,3.0,two-sided,0.9493941641020341,0.9493941641020341,fdr_bh,0.428,0.06583982092246303,-0.5490685351805995,0.7998195008682167
condition,1c,1d,True,True,-4.177953092522009,3.0,two-sided,0.02497756200849397,0.14518386348206788,fdr_bh,3.809,-1.4117787696900124,-0.7558308569222267,0.5900922142892064
