Contrast,A,B,Paired,Parametric,T,dof,alternative,p-unc,p-corr,p-adjust,BF10,cohen,ci_lower,ci_upper
condition,1a,1b,True,True,0.8265399668689247,23.0,two-sided,0.4169903788779993,0.9241134921954879,fdr_bh,0.292,0.24688876767532436,-0.25654055093092853,0.5939740794052251
condition,1a,1c,True,True,0.3270729951953333,23.0,two-sided,0.7465707890343857,0.9241134921954879,fdr_bh,0.225,0.08229625589177011,-0.355969754021933,0.4894967451673231
condition,1a,1d,True,True,0.29572364038556287,23.0,two-sided,0.7700945768295733,0.9241134921954879,fdr_bh,0.223,0.08229625589177011,-0.3622831221788993,0.4830117928160555
condition,1b,1c,True,True,-0.5691604887655424,23.0,two-sided,0.5747639985876496,0.9241134921954879,fdr_bh,0.249,-0.16372698863207716,-0.5398648584734552,0.3075060619353459
condition,1b,1d,True,True,-0.5264108981916501,23.0,two-sided,0.603642706947245,0.9241134921954879,fdr_bh,0.244,-0.16372698863207716,-0.5309332685741319,0.31602691930584415
condition,1c,1d,True,True,0.0,23.0,two-sided,1.0,1.0,fdr_bh,0.215,0.0,-0.42226296650431666,0.42226296650431666
