Contrast,A,B,Paired,Parametric,T,dof,alternative,p-unc,p-corr,p-adjust,BF10,cohen,ci_lower,ci_upper
condition,1a,1b,True,True,1.4770978917519928,3.0,two-sided,0.23615367738664056,0.43344313694010916,fdr_bh,0.837,0.4815434123430768,-0.6119135775241562,1.6150533026751945
condition,1a,1c,True,True,3.833394742814427,3.0,two-sided,0.03128863637076731,0.18773181822460386,fdr_bh,3.272,1.2205288696501548,-0.6166318817020529,1.0774567405820807
condition,1a,1d,True,True,1.2851791288604195,3.0,two-sided,0.2889620912934061,0.43344313694010916,fdr_bh,0.736,0.9062168892044163,-0.763187243819963,0.9111406200194923
condition,1b,1c,True,True,2.182820625326997,3.0,two-sided,0.11703903553951157,0.35111710661853474,fdr_bh,1.336,0.5057563382541147,-0.8526707094685255,0.687291063349581
condition,1b,1d,True,True,0.3950561531755324,3.0,two-sided,0.7192147813692905,0.8516562628142575,fdr_bh,0.456,0.31564378072435245,-0.8238953644676168,0.5270999180910194
condition,1c,1d,True,True,-0.2036532699906392,3.0,two-sided,0.8516562628142575,0.8516562628142575,fdr_bh,0.435,-0.17949810696976146,-1.0695276361100046,0.3204166778175133
