Contrast,A,B,Paired,Parametric,T,dof,alternative,p-unc,p-corr,p-adjust,BF10,cohen,ci_lower,ci_upper
condition,1a,1b,True,True,1.346379197125392,3.0,two-sided,0.2708713632253683,0.9026317642354406,fdr_bh,0.767,0.5827374242462279,-0.6059997364761006,1.624904925256521
condition,1a,1c,True,True,1.0378076233772209,3.0,two-sided,0.37566250855712424,0.9026317642354406,fdr_bh,0.627,0.6636237215929063,-0.7014291785953359,0.9786230878445958
condition,1a,1d,True,True,0.5357148324470031,3.0,two-sided,0.6293264266397287,0.9026317642354406,fdr_bh,0.48,0.2738936070496655,-1.0001091691835413,0.6824450388315346
condition,1b,1c,True,True,-0.13297458540197074,3.0,two-sided,0.9026317642354406,0.9026317642354406,fdr_bh,0.431,-0.0500806435804041,-1.2210151645978962,0.3824614188997956
condition,1b,1d,True,True,-0.3021261436782687,3.0,two-sided,0.7822906812801648,0.9026317642354406,fdr_bh,0.444,-0.2480434200519329,-0.8581140247649028,0.496444223189336
condition,1c,1d,True,True,-0.2721256182207354,3.0,two-sided,0.8031794815622888,0.9026317642354406,fdr_bh,0.441,-0.24202553168034815,-1.154729357141988,0.25520180425807804
