{
  "analysis_id": "ratio_without_1_ACC1",
  "date_analyzed": "2025-11-03T15:29:06.240971",
  "baseline_ms": [
    -100,
    0
  ],
  "response_filter": "ACC1",
  "fal_fraction": 0.5,
  "n_subjects_total": 24,
  "n_evokeds_included": 115,
  "conditions": [
    "Ratio 0.5 (1:2, no 1)",
    "Ratio 0.67 (2:3, no 1)",
    "Ratio 0.75 (3:4, no 1)",
    "Ratio 0.8 (4:5, no 1)",
    "Ratio 0.83 (5:6, no 1)"
  ],
  "components": {
    "P1": {
      "collapsed_peak_latency_ms": 108.0,
      "peak_gfp_amplitude": 0.5694830583220211,
      "fwhm_ms": 22.27798204275362,
      "window_start_ms": 94.73240486096978,
      "window_end_ms": 117.0103869037234,
      "search_range_ms": [
        60.0,
        120.0
      ],
      "method": "GFP_collapsed_localizer",
      "n_subjects": 115,
      "n_conditions": 5
    },
    "N1": {
      "collapsed_peak_latency_ms": 172.0,
      "peak_gfp_amplitude": -4.23133626520271,
      "fwhm_ms": 66.94134799095792,
      "window_start_ms": 139.39883701387168,
      "window_end_ms": 206.3401850048296,
      "search_range_ms": [
        125.0,
        200.0
      ],
      "method": "GFP_collapsed_localizer",
      "n_subjects": 115,
      "n_conditions": 5
    },
    "P3b": {
      "collapsed_peak_latency_ms": 524.0,
      "peak_gfp_amplitude": 2.401413317044146,
      "fwhm_ms": 103.53943035920793,
      "window_start_ms": 440.3795199541586,
      "window_end_ms": 543.9189503133665,
      "search_range_ms": [
        320.0,
        590.0
      ],
      "method": "GFP_collapsed_localizer",
      "n_subjects": 115,
      "n_conditions": 5
    },
    "Fz": {
      "collapsed_peak_latency_ms": 104.0,
      "peak_gfp_amplitude": -0.8344792853032252,
      "fwhm_ms": 26.300743873036936,
      "window_start_ms": 88.97596463679662,
      "window_end_ms": 115.27670850983355,
      "search_range_ms": [
        80.0,
        120.0
      ],
      "method": "GFP_collapsed_localizer",
      "n_subjects": 115,
      "n_conditions": 5
    }
  }
}