Source,SS,DF,MS,F,p-unc,ng2,eps
condition,1.4399882145967322,2,0.7199941072983661,1.7442056526232148,0.2162948792378672,0.056590810802358664,0.8693223825894716
Error,4.953503776682691,12,0.41279198139022427,,,,
