Source,SS,DF,MS,F,p-unc,ng2,eps
condition,0.7171899460290881,2,0.35859497301454407,1.358429174667602,0.354639906171225,0.2053417820708684,0.573770571345265
Error,1.0559106936209308,4,0.2639776734052327,,,,
