Source,SS,DF,MS,F,p-unc,ng2,eps
condition,14.825114369488269,2,7.412557184744134,5.191080065782726,0.009271943636543916,0.03697197683668322,0.9413489206637119
Error,65.68529596486133,46,1.4279412166274201,,,,
