condition,count,mean,std,min,25%,50%,75%,max,sem
Increase by 1,23.0,-5.124218195071256,2.1561540448736856,-9.567401338501982,-6.571574195475607,-5.223586738568325,-4.117943839930947,-0.8057097442629285,0.4495891972836283
Increase by 2,24.0,-5.500200716481686,2.435478666115017,-11.276764908925202,-6.48369571884089,-4.837961282690122,-4.118840472150606,-1.2212220111918013,0.49714000095133254
Increase by 3,23.0,-6.310696516941433,2.515344916308479,-12.85510194308798,-7.182787567817446,-5.888502870093322,-4.839670671458649,-2.170193959736006,0.5244856713755042
