condition,count,mean,std,min,25%,50%,75%,max,sem
Increase by 1,17.0,4.809701588626098,2.658865005623195,1.472648951091287,2.8317920465160147,4.57768373072559,6.6585054612753805,10.194875096766202,0.6448694860260545
Increase by 2,18.0,5.526314150502522,2.6030020886588128,1.3053842216905234,3.6643717941723977,4.871711564475461,7.455405158737458,10.548437227738374,0.6135334761111311
Increase by 3,19.0,4.880459323594121,2.4792884848264163,1.2538976341025418,2.8573448749811288,4.189425017501274,6.874569187321624,10.146411878887168,0.5687877872232853
