condition,count,mean,std,min,25%,50%,75%,max,sem
Increase by 1,17.0,488.70588235294116,43.59438711847311,396.0,460.0,504.0,524.0,536.0,10.573191927854737
Increase by 2,18.0,486.0,36.30588997750673,396.0,477.0,492.0,504.0,536.0,8.55738033336924
Increase by 3,19.0,473.05263157894734,43.59086765241154,400.0,450.0,472.0,506.0,536.0,10.000430892532522
