Contrast,Coef,Std.Err.,z,P>|z|,P>|z| (adj)
Increase by 1 - Increase by 2,-0.9526894186659546,3.2738681505586373,-0.2909981022001122,0.7710527709578114,0.9133956383654884
Increase by 1 - Increase by 3,1.2556833782390096,3.325267274474222,0.37761878206844385,0.7057138099833573,0.9133956383654884
Increase by 2 - Increase by 3,2.208372796904964,3.342225249332169,0.6607492410471834,0.5087731395830897,0.8814650779709164
