Contrast,Coef,Std.Err.,z,P>|z|,P>|z| (adj)
Increase by 1 - Increase by 2,-0.9201635590082915,0.31191429206030963,-2.9500525703079195,0.0031771986362207905,0.0063443026812675775
Increase by 1 - Increase by 3,-1.0392201964535428,0.31703358852134306,-3.277949826390655,0.001045639797628839,0.003133640448390794
Increase by 2 - Increase by 3,-0.1190566374452513,0.32311906920776023,-0.36846057317867503,0.7125298384226575,0.7125298384226575
