Contrast,Coef,Std.Err.,z,P>|z|,P>|z| (adj)
Increase by 1 - Increase by 2,0.500284021358231,4.788636748456227,0.10447316170296564,0.9167938655692871,0.9167938655692871
Increase by 1 - Increase by 3,8.6209092852433,4.610464157830561,1.869857131543094,0.06150366016947828,0.1733955297742066
Increase by 2 - Increase by 3,8.120625263885069,4.728938355486493,1.7172195223191176,0.08593906985329958,0.1733955297742066
