Contrast,Coef,Std.Err.,z,P>|z|,P>|z| (adj)
Increase by 1 - Increase by 2,-0.051379585003226286,0.22981489590207319,-0.2235694287855028,0.8230923538367982,0.9944634425318251
Increase by 1 - Increase by 3,-0.04111435708858946,0.23452179480606417,-0.1753114550508563,0.8608349113312725,0.9944634425318251
Increase by 2 - Increase by 3,0.010265227914636826,0.22748052308581065,0.04512574428521319,0.9640070813479062,0.9944634425318251
