Contrast,Coef,Std.Err.,z,P>|z|,P>|z| (adj)
Increase by 1 - Increase by 2,-0.48082034802583096,1.732169534499283,-0.27758272989417365,0.7813326908840359,0.9413048269563021
Increase by 1 - Increase by 3,-1.012208122417162,1.7186660005338765,-0.5889498728099208,0.5558949005136671,0.9124094446086843
Increase by 2 - Increase by 3,-0.531387774391331,1.7226886121447031,-0.30846420568704336,0.7577291329034836,0.9413048269563021
