Contrast,Coef,Std.Err.,z,P>|z|,P>|z| (adj)
Increase by 1 - Increase by 2,-0.797625541318584,3.110940522025273,-0.2563936969130213,0.7976468543735586,0.7976468543735586
Increase by 1 - Increase by 3,-3.553187790485066,3.124886614062448,-1.1370613495207154,0.25551263994449025,0.587359371732936
Increase by 2 - Increase by 3,-2.7555622491664824,3.1166855769227113,-0.884132255614701,0.3766248227711291,0.6114033884148737
