Contrast,Coef,Std.Err.,z,P>|z|,P>|z| (adj)
Increase by 1 - Increase by 2,-1.6343538529844077,3.238948666184243,-0.5045939350776484,0.6138440704942987,0.7698952687368685
Increase by 1 - Increase by 3,-3.7193614119429728,3.262380073871262,-1.1400760572723336,0.2542546158546535,0.5852640123195871
Increase by 2 - Increase by 3,-2.085007558958565,3.2432741085067125,-0.6428712126088401,0.5203076702060669,0.7698952687368685
