Contrast,Coef,Std.Err.,z,P>|z|,P>|z| (adj)
Increase by 1 - Increase by 2,-0.007100666925197278,0.18328399395730202,-0.03874133671951439,0.9690966161959174,0.9690966161959174
Increase by 1 - Increase by 3,0.2061842342603343,0.18625249524872226,1.1070146146766793,0.26828760970086263,0.6082389749131851
Increase by 2 - Increase by 3,0.2132849011855316,0.19267461879030673,1.106969369004724,0.26830717191842623,0.6082389749131851
