Contrast,Coef,Std.Err.,z,P>|z|,P>|z| (adj)
Increase by 1 - Increase by 2,0.45561562454123344,0.33119284989261466,1.3756807391492945,0.16892049762388783,0.16892049762388783
Increase by 1 - Increase by 3,1.2920432846374328,0.3337368977269603,3.8714427246054477,0.00010819308126186478,0.0003245441278235759
Increase by 2 - Increase by 3,0.8364276600961993,0.33154914183402034,2.522786382342472,0.011642910391066907,0.0231502634197594
