Contrast,A,B,Paired,Parametric,T,dof,alternative,p-unc,p-corr,p-adjust,BF10,cohen,ci_lower,ci_upper
condition,Increase by 1,Increase by 2,True,True,-2.4199914044299677,15.0,two-sided,0.028680874322484114,0.08604262296745235,fdr_bh,2.326,-0.3094107066799161,-1.184572650455039,-0.02542305175994486
condition,Increase by 1,Increase by 3,True,True,-1.7890598468796415,15.0,two-sided,0.0938135142257527,0.14072027133862905,fdr_bh,0.933,-0.13574597646842032,-1.0058443161054498,0.07654166808736834
condition,Increase by 2,Increase by 3,True,True,1.4029011024862277,15.0,two-sided,0.18100541103127318,0.18100541103127318,fdr_bh,0.583,0.18449067536867636,-0.12151605666599741,0.9110861192420023
