Contrast,A,B,Paired,Parametric,T,dof,alternative,p-unc,p-corr,p-adjust,BF10,cohen,ci_lower,ci_upper
condition,Increase by 1,Increase by 2,True,True,1.2914566748363723,23.0,two-sided,0.20937400362042485,0.20937400362042485,fdr_bh,0.449,0.17849397972173553,-0.16591903716390827,0.6931540168740022
condition,Increase by 1,Increase by 3,True,True,2.856274586783446,23.0,two-sided,0.008932796318777358,0.026798388956332075,fdr_bh,5.324,0.4717747785274413,0.1262942700470735,1.039774947102645
condition,Increase by 2,Increase by 3,True,True,2.0914984711104347,23.0,two-sided,0.04772153521712835,0.07158230282569253,fdr_bh,1.349,0.2788939165689134,-0.014159129692954187,0.8680098050315723
