Contrast,A,B,Paired,Parametric,T,dof,alternative,p-unc,p-corr,p-adjust,BF10,cohen,ci_lower,ci_upper
condition,Increase by 1,Increase by 2,True,True,1.6722578716092964,22.0,two-sided,0.10863716571813271,0.10863716571813271,fdr_bh,0.729,0.23183640870893257,-0.09669292403516133,0.794072664537048
condition,Increase by 1,Increase by 3,True,True,3.28146363670225,22.0,two-sided,0.0034086196601450557,0.010225858980435168,fdr_bh,12.235,0.5030066114841122,0.20384557549366428,1.1646193594194703
condition,Increase by 2,Increase by 3,True,True,2.250265419721881,22.0,two-sided,0.03476403991302685,0.05214605986954028,fdr_bh,1.763,0.28024066763496575,0.013600460536818126,0.9248250903955928
