Contrast,A,B,Paired,Parametric,T,dof,alternative,p-unc,p-corr,p-adjust,BF10,cohen,ci_lower,ci_upper
condition,Increase by 1,Increase by 2,True,True,0.7539181768343486,8.0,two-sided,0.4725026581783761,0.4725026581783761,fdr_bh,0.407,0.22203589051671876,-0.4996516032357303,0.949005181418245
condition,Increase by 1,Increase by 3,True,True,-0.8678244372744287,8.0,two-sided,0.41076554483082106,0.4725026581783761,fdr_bh,0.438,-0.22162603421483834,-1.1508551222842394,0.3377975023134599
condition,Increase by 2,Increase by 3,True,True,-2.1004831532751647,8.0,two-sided,0.06888573259792886,0.2066571977937866,fdr_bh,1.438,-0.43391803389759587,-1.2773353304174004,0.09922902062477734
