Contrast,A,B,Paired,Parametric,T,dof,alternative,p-unc,p-corr,p-adjust,BF10,cohen,ci_lower,ci_upper
condition,Increase by 1,Increase by 2,True,True,0.579205757932763,8.0,two-sided,0.5783904778450975,0.5783904778450975,fdr_bh,0.37,0.16359976119357433,-0.5478232299921025,0.8935382949387763
condition,Increase by 1,Increase by 3,True,True,-1.2552546747414004,8.0,two-sided,0.2448106120218394,0.3672159180327591,fdr_bh,0.595,-0.3472676989032212,-1.2482586063184773,0.26623568091360056
condition,Increase by 2,Increase by 3,True,True,-2.7969768844593017,8.0,two-sided,0.023306211351378118,0.06991863405413436,fdr_bh,3.272,-0.4739547439157538,-1.3687221609648648,0.036013441344844965
