Source,SS,DF,MS,F,p-unc,ng2,eps
condition,4.747996747732007,1,4.747996747732007,0.773372025666437,0.3940204970789238,0.012748860254748673,1.0
Error,85.95081314321823,14,6.139343795944159,,,,
