Source,SS,DF,MS,F,p-unc,ng2,eps
condition,16.415990617293122,1,16.415990617293122,3.3817123182271467,0.12531779406057708,0.14853100376047426,1.0
Error,24.271713665311367,5,4.854342733062273,,,,
