Source,SS,DF,MS,F,p-unc,ng2,eps
condition,49.0,1,49.0,0.11623178583531008,0.7431617840585842,0.008414906405632836,1.0
Error,2951.0,7,421.57142857142856,,,,
