Source,SS,DF,MS,F,p-unc,ng2,eps
condition,48.0,1,48.0,1.0,0.36321746764912255,0.10344827586206896,1.0
Error,240.0,5,48.0,,,,
