Source,SS,DF,MS,F,p-unc,ng2,eps
condition,2.1409132074553945,1,2.1409132074553945,0.41545807951833746,0.5397519489223009,0.02502292872593122,1.0
Error,36.07197257918844,7,5.153138939884063,,,,
