Source,SS,DF,MS,F,p-unc,ng2,eps
condition,8.5333333333335,1,8.5333333333335,0.12348401323043233,0.7305185117308539,0.0028797696184305823,1.0
Error,967.4666666666672,14,69.10476190476194,,,,
