condition,count,mean,std,min,25%,50%,75%,max,sem
64 Correct,23.0,-6.0384406980964895,2.8178796334878107,-12.202282649501134,-7.968355286586682,-5.490550263330483,-4.056972158811222,-1.785962535938865,0.5875685206600754
64 Incorrect,9.0,-6.209366309601511,2.731590121278705,-9.60463975945789,-7.836943064336949,-7.14833447335432,-4.137329935176228,-1.5833122685367862,0.9105300404262352
