condition,count,mean,std,min,25%,50%,75%,max,sem
64 Correct,24.0,2.627497863524255,2.7166154089110335,-2.7064113282130693,0.46423371304151134,2.632267795550746,4.026700508179353,7.454496966872363,0.5545267982678589
64 Incorrect,15.0,2.5165450278970765,4.516654517669455,-5.036096591288721,0.02876971469747669,1.7732656929991202,4.248938089508649,10.88895813205561,1.1661951818337526
