condition,count,mean,std,min,25%,50%,75%,max,sem
64 Correct,19.0,5.330160457199295,2.4175313755573775,1.717631986218766,3.926349587163239,4.963824985614628,6.481201051228432,10.89204066460935,0.5546197346786045
64 Incorrect,9.0,8.378850837896369,5.945353953745956,1.839809641568652,4.996017869190692,6.566538396896217,10.692828224834196,20.389017477830716,1.981784651248652
