condition,count,mean,std,min,25%,50%,75%,max,sem
64 Correct,24.0,-5.7969915402459025,2.9990587793834433,-12.202282649501134,-7.510030875413017,-5.399972073332201,-4.005620738322415,-0.24366090968241,0.6121803098419653
64 Incorrect,15.0,-4.586075274637182,3.143158631187703,-9.60463975945789,-7.3325363785554325,-4.137329935176228,-1.676466014258458,0.3586601757036816,0.8115600688718716
