Contrast,Coef,Std.Err.,z,P>|z|,P>|z| (adj)
64 Correct - 64 Incorrect,-0.6071874136279262,5.563881294384235,-0.10913018835264794,0.9130992310340444,0.9130992310340444
