Contrast,Coef,Std.Err.,z,P>|z|,P>|z| (adj)
64 Correct - 64 Incorrect,1.1960378194026582,0.9284637405415267,1.2881901222174479,0.1976797896001654,0.19767978960016544
