Contrast,Coef,Std.Err.,z,P>|z|,P>|z| (adj)
64 Correct - 64 Incorrect,1.0372357857044785,1.098286114290473,0.9444130925524494,0.34495859358248193,0.34495859358248193
