Contrast,Coef,Std.Err.,z,P>|z|,P>|z| (adj)
64 Correct - 64 Incorrect,-3.0618046089846556,5.935536970116974,-0.5158429008865756,0.605964136505794,0.605964136505794
