Contrast,Coef,Std.Err.,z,P>|z|,P>|z| (adj)
64 Correct - 64 Incorrect,-0.18973906433492077,0.9607881249303307,-0.19748273257298976,0.8434497927762306,0.8434497927762306
