Contrast,Coef,Std.Err.,z,P>|z|,P>|z| (adj)
64 Correct - 64 Incorrect,-0.22549851135062424,4.370763111370132,-0.05159248067322864,0.9588534109157165,0.9588534109157165
