Contrast,Coef,Std.Err.,z,P>|z|,P>|z| (adj)
64 Correct - 64 Incorrect,6.956695645257352,10.378029569903013,0.6703291408450252,0.5026479945055915,0.5026479945055915
