Contrast,Coef,Std.Err.,z,P>|z|,P>|z| (adj)
64 Correct - 64 Incorrect,-0.04940479538931821,1.3568545331796749,-0.03641126899104078,0.970954428783275,0.970954428783275
