Contrast,Coef,Std.Err.,z,P>|z|,P>|z| (adj)
64 Correct - 64 Incorrect,-1.5014641766265842,0.6325037390065504,-2.373842372829095,0.017604063904912426,0.017604063904912426
