Contrast,Coef,Std.Err.,z,P>|z|,P>|z| (adj)
64 Correct - 64 Incorrect,7.571084195625281,7.797287109430214,0.9709895364079439,0.3315534891779075,0.33155348917790745
