Source,SS,DF,MS,F,p-unc,ng2,eps
condition,3.7404874015821505,2,1.8702437007910753,0.965498506005412,0.388375194153585,0.010596071981065703,0.8281975203752154
Error,89.10548250595349,46,1.9370757066511628,,,,
