Source,SS,DF,MS,F,p-unc,ng2,eps
condition,5.616588431732305,2,2.8082942158661526,4.659022221135485,0.031812902667092954,0.1403416422074493,0.6609449180846408
Error,7.233176617513678,12,0.6027647181261399,,,,
