Contrast,Coef,Std.Err.,z,P>|z|,P>|z| (adj)
Decreasing Crossover (no 1) - Decreasing Large (no 1),-15.807815623613779,7.549685234264381,-2.093837707547028,0.036274439878882125,0.10492354584824833
Decreasing Crossover (no 1) - Decreasing Small (no 1),-5.658562402147313,7.812987255011884,-0.7242508169352831,0.46891176578134,0.4689117657813399
Decreasing Large (no 1) - Decreasing Small (no 1),10.149253221466466,7.090830591918682,1.4313207867401916,0.15233829913012387,0.28146964087838866
