Contrast,Coef,Std.Err.,z,P>|z|,P>|z| (adj)
Decreasing Crossover (no 1) - Decreasing Large (no 1),1.2621207606673779,1.8210634190290111,0.693067988450583,0.4882668856729633,0.8659920500464193
Decreasing Crossover (no 1) - Decreasing Small (no 1),0.6916187577295183,1.9677769430603516,0.3514721321278874,0.7252341758817913,0.9245037418966416
Decreasing Large (no 1) - Decreasing Small (no 1),-0.5705020029378596,1.9188766864896591,-0.29731040402680614,0.7662295393145901,0.9245037418966416
