Contrast,Coef,Std.Err.,z,P>|z|,P>|z| (adj)
Decreasing Crossover (no 1) - Decreasing Large (no 1),1.015369043050391,1.6379267008161242,0.6199111611920524,0.5353162771700377,0.5353162771700377
Decreasing Crossover (no 1) - Decreasing Small (no 1),5.664314492238548,1.991906145941866,2.843665352295098,0.004459786180444736,0.013319778166785323
Decreasing Large (no 1) - Decreasing Small (no 1),4.648945449188156,2.162166741947004,2.1501327159448578,0.03154471843751527,0.06209436761372843
