Contrast,Coef,Std.Err.,z,P>|z|,P>|z| (adj)
Decreasing Crossover (no 1) - Decreasing Large (no 1),-0.10396535732187488,0.5057408199946828,-0.2055704289856768,0.8371264784038486,0.8371264784038486
Decreasing Crossover (no 1) - Decreasing Small (no 1),-1.8627310082743285,0.521075963544076,-3.5747782254338554,0.00035052488932763026,0.0007009269109572225
Decreasing Large (no 1) - Decreasing Small (no 1),-1.7587656509524536,0.4672415758725076,-3.7641463041216046,0.00016711902378863108,0.0005012732897289855
