Contrast,Coef,Std.Err.,z,P>|z|,P>|z| (adj)
Decreasing Crossover (no 1) - Decreasing Large (no 1),-4.25577272389583,1.7652609526247154,-2.410846236398106,0.015915556770181194,0.046990786957898004
Decreasing Crossover (no 1) - Decreasing Small (no 1),0.4019425988960141,1.6742206853642696,0.24007742970190407,0.8102702310842766,0.8102702310842766
Decreasing Large (no 1) - Decreasing Small (no 1),4.6577153227918435,2.007230745075481,2.320468304014889,0.02031555762812287,0.046990786957898004
