Contrast,Coef,Std.Err.,z,P>|z|,P>|z| (adj)
Decreasing Crossover (no 1) - Decreasing Large (no 1),0.00663274344936938,0.40006925699223117,0.016578988096298986,0.9867724873256347,0.9867724873256347
Decreasing Crossover (no 1) - Decreasing Small (no 1),0.35879887486041345,0.43985645889689007,0.8157180998552123,0.41466138452087575,0.7937370324285161
Decreasing Large (no 1) - Decreasing Small (no 1),0.3521661314110441,0.42667046916277396,0.8253820146073746,0.4091547425327473,0.7937370324285161
