Contrast,Coef,Std.Err.,z,P>|z|,P>|z| (adj)
Decreasing Crossover (no 1) - Decreasing Large (no 1),0.26162329332119305,0.31742416133103735,0.8242072444143584,0.40982181145051966,0.40982181145051966
Decreasing Crossover (no 1) - Decreasing Small (no 1),1.206176770663066,0.3131550998817141,3.851691290094483,0.00011730484495098281,0.0003518732551871662
Decreasing Large (no 1) - Decreasing Small (no 1),0.9445534773418729,0.35875376935161096,2.6328740156486705,0.008466574625056067,0.01686146636423049
