Contrast,Coef,Std.Err.,z,P>|z|,P>|z| (adj)
Decreasing Crossover (no 1) - Decreasing Large (no 1),1.0124537377476834,0.8689011570928452,1.1652116348137158,0.24393333719781252,0.2631342995371132
Decreasing Crossover (no 1) - Decreasing Small (no 1),2.6855686560849232,1.0364727333244688,2.591065418065565,0.009567930160667926,0.02843003051824343
Decreasing Large (no 1) - Decreasing Small (no 1),1.6731149183372398,1.1382575395568488,1.469891356035844,0.14159118104315427,0.2631342995371132
