Contrast,Coef,Std.Err.,z,P>|z|,P>|z| (adj)
Decreasing Crossover (no 1) - Decreasing Large (no 1),-1.1817343015850443,0.6058358196571485,-1.950585064867583,0.051106425273176104,0.09960098384214948
Decreasing Crossover (no 1) - Decreasing Small (no 1),-1.9463625371238393,0.5524216838861558,-3.5233275483171473,0.000426164330027623,0.0012779482193725816
Decreasing Large (no 1) - Decreasing Small (no 1),-0.764628235538795,0.44086894920471686,-1.7343662712425252,0.08285311566189857,0.09960098384214948
