Contrast,Coef,Std.Err.,z,P>|z|,P>|z| (adj)
Decreasing Crossover (no 1) - Decreasing Large (no 1),-0.17758475424949652,0.31204777383562243,-0.5690947641339141,0.5692918314195279,0.8144904735180556
Decreasing Crossover (no 1) - Decreasing Small (no 1),0.16942073244075587,0.3389109270432014,0.4998975215076485,0.6171472375483382,0.8144904735180556
Decreasing Large (no 1) - Decreasing Small (no 1),0.3470054866902524,0.29368056517357166,1.1815745672008107,0.237374549898014,0.5564588859528993
