Contrast,A,B,Paired,Parametric,T,dof,alternative,p-unc,p-corr,p-adjust,BF10,cohen,ci_lower,ci_upper
condition,Decreasing Crossover (no 1),Decreasing Large (no 1),True,True,1.92878876733704,23.0,two-sided,0.06618793508110765,0.06618793508110765,fdr_bh,1.045,0.29581346019233035,-0.04460894926236314,0.8320336661936113
condition,Decreasing Crossover (no 1),Decreasing Small (no 1),True,True,-2.790683759274142,23.0,two-sided,0.010389947303574181,0.015584920955361273,fdr_bh,4.689,-0.31556129534169086,-1.0248775822463905,-0.11441429170254452
condition,Decreasing Large (no 1),Decreasing Small (no 1),True,True,-3.022894097748292,23.0,two-sided,0.006055574891673014,0.015584920955361273,fdr_bh,7.397,-0.5576974904274731,-1.0777523123029797,-0.15633903535606208
