{
  "analysis_id": "decrease_by_123_without_1_ACC1",
  "date_analyzed": "2025-11-03T15:05:05.193844",
  "baseline_ms": [
    -100,
    0
  ],
  "response_filter": "ACC1",
  "fal_fraction": 0.5,
  "n_subjects_total": 24,
  "n_evokeds_included": 72,
  "conditions": [
    "Decrease by 1 (no 1)",
    "Decrease by 2 (no 1)",
    "Decrease by 3 (no 1)"
  ],
  "components": {
    "P1": {
      "collapsed_peak_latency_ms": 112.0,
      "peak_gfp_amplitude": 0.5335369800307725,
      "fwhm_ms": 22.94375995105412,
      "window_start_ms": 98.35277676080341,
      "window_end_ms": 121.29653671185753,
      "search_range_ms": [
        60.0,
        120.0
      ],
      "method": "GFP_collapsed_localizer",
      "n_subjects": 72,
      "n_conditions": 3
    },
    "N1": {
      "collapsed_peak_latency_ms": 172.0,
      "peak_gfp_amplitude": -4.705568052234961,
      "fwhm_ms": 74.31832939425706,
      "window_start_ms": 141.018816611294,
      "window_end_ms": 215.33714600555106,
      "search_range_ms": [
        125.0,
        200.0
      ],
      "method": "GFP_collapsed_localizer",
      "n_subjects": 72,
      "n_conditions": 3
    },
    "P3b": {
      "collapsed_peak_latency_ms": 464.0,
      "peak_gfp_amplitude": 2.928588527143836,
      "fwhm_ms": 116.77181672808968,
      "window_start_ms": 423.5987353855214,
      "window_end_ms": 540.3705521136111,
      "search_range_ms": [
        320.0,
        590.0
      ],
      "method": "GFP_collapsed_localizer",
      "n_subjects": 72,
      "n_conditions": 3
    },
    "Fz": {
      "collapsed_peak_latency_ms": 104.0,
      "peak_gfp_amplitude": -0.9554383277577114,
      "fwhm_ms": 26.092433385365894,
      "window_start_ms": 91.18787427323443,
      "window_end_ms": 117.28030765860032,
      "search_range_ms": [
        80.0,
        120.0
      ],
      "method": "GFP_collapsed_localizer",
      "n_subjects": 72,
      "n_conditions": 3
    }
  }
}