Source,SS,DF,MS,F,p-unc,ng2,eps
condition,1.1170531996404063,1,1.1170531996404063,0.2976072918217159,0.5917340341109151,0.004435099769541036,1.0
Error,71.31549318987163,19,3.7534470099932435,,,,
