Source,SS,DF,MS,F,p-unc,ng2,eps
condition,26.133333333333546,1,26.133333333333546,0.17744438696327106,0.6799743889455927,0.0031400192246075235,1.0
Error,2061.866666666666,14,147.2761904761904,,,,
