Source,SS,DF,MS,F,p-unc,ng2,eps
condition,912.6666666666638,1,912.6666666666638,1.2951750236518405,0.2792770471234015,0.05779541520665326,1.0
Error,7751.333333333336,11,704.6666666666669,,,,
