Source,SS,DF,MS,F,p-unc,ng2,eps
condition,3.839013242565394,1,3.839013242565394,0.304135005075408,0.5877295743799451,0.004325755435566793,1.0
Error,239.83181939434178,19,12.622727336544305,,,,
