Source,SS,DF,MS,F,p-unc,ng2,eps
condition,25.637765229765794,1,25.637765229765794,1.8969133911178377,0.1958027346112076,0.05851323315052345,1.0
Error,148.67068725854375,11,13.515517023503977,,,,
