Source,SS,DF,MS,F,p-unc,ng2,eps
condition,72.0,1,72.0,1.1612903225806455,0.31261689651737273,0.04984615384615385,1.0
Error,495.9999999999999,8,61.999999999999986,,,,
