condition,count,mean,std,min,25%,50%,75%,max,sem
Decrease by 2 (Correct),19.0,4.889274580774035,1.9993134030023079,1.6867248097693612,3.3258494637198552,4.763402145259385,6.316651285263243,8.684905237926909,0.45867395158702456
Decrease by 2 (Incorrect),12.0,7.36656137556815,5.759681975256327,0.9233467897782114,3.331268543582437,6.748722510954153,8.493303231563615,20.389017477830716,1.662676969430438
