condition,count,mean,std,min,25%,50%,75%,max,sem
Decrease by 2 (Correct),24.0,-5.134431101350153,2.1009830653415116,-9.59439443372487,-6.073542789479966,-4.978975685097713,-3.69887657717358,-1.5266395470413532,0.4288613723595994
Decrease by 2 (Incorrect),15.0,-5.832853688214438,2.53823015073745,-10.772905116902638,-7.2455616018421845,-6.655390414346019,-4.235767112485304,-1.5833122685367862,0.6553682068431791
