condition,count,mean,std,min,25%,50%,75%,max,sem
Decrease by 2 (Correct),24.0,110.33333333333333,9.93310961716756,96.0,103.0,112.0,120.0,124.0,2.0275875100994067
Decrease by 2 (Incorrect),20.0,110.2,10.501127758985048,96.0,103.0,112.0,121.0,124.0,2.3481235509500595
