condition,count,mean,std,min,25%,50%,75%,max,sem
Decrease by 2 (Correct),19.0,-1.81768736428638,1.0291186628135398,-4.301290484376712,-2.301525003131153,-1.6070447583626313,-1.1614680845469993,-0.4473672052434042,0.2360960132692594
Decrease by 2 (Incorrect),12.0,-4.047569771090709,2.6325894889665555,-9.55592558895924,-4.760062881146077,-3.5108870298603443,-2.0129893337106672,-1.325053530501007,0.7599631250603102
