Contrast,Coef,Std.Err.,z,P>|z|,P>|z| (adj)
Decrease by 2 (Correct) - Decrease by 2 (Incorrect),1.241597062940605,0.6073686058075022,2.044223311953851,0.04093149120523365,0.04093149120523366
