Contrast,Coef,Std.Err.,z,P>|z|,P>|z| (adj)
Decrease by 2 (Correct) - Decrease by 2 (Incorrect),-2.8032213674834714,1.3732248543150272,-2.0413418521191384,0.04121685982238388,0.04121685982238388
