Contrast,Coef,Std.Err.,z,P>|z|,P>|z| (adj)
Decrease by 2 (Correct) - Decrease by 2 (Incorrect),0.836344228938472,0.7177147374112565,1.1652878021637165,0.24390251490911075,0.24390251490911072
