Contrast,Coef,Std.Err.,z,P>|z|,P>|z| (adj)
Decrease by 2 (Correct) - Decrease by 2 (Incorrect),5.68899450697551,8.927598099929057,0.6372368517597938,0.5239705768612231,0.5239705768612231
