Source,SS,DF,MS,F,p-unc,ng2,eps
condition,5.345764388134622,1,5.345764388134622,2.780208306841594,0.14648229655072453,0.20905912273845167,1.0
Error,11.536756526436502,6,1.9227927544060837,,,,
