Source,SS,DF,MS,F,p-unc,ng2,eps
condition,14.285714285714043,1,14.285714285714043,0.03874120872571158,0.8470060767500762,0.0010967317394165203,1.0
Error,4793.714285714286,13,368.7472527472528,,,,
