Source,SS,DF,MS,F,p-unc,ng2,eps
condition,2.1673150589827967,1,2.1673150589827967,0.2397936793352059,0.6310012295417564,0.005961454644846775,1.0
Error,144.6119891060596,16,9.038249319128726,,,,
