Source,SS,DF,MS,F,p-unc,ng2,eps
condition,24.95836312734572,1,24.95836312734572,1.1305833783493895,0.32856067989844456,0.10380539003975041,1.0
Error,132.45390090795792,6,22.075650151326318,,,,
