Source,SS,DF,MS,F,p-unc,ng2,eps
condition,0.08767193617215607,1,0.08767193617215607,0.01164417195419854,0.915410134255494,0.00040043322371663734,1.0
Error,120.46807486802075,16,7.529254679251297,,,,
