Source,SS,DF,MS,F,p-unc,ng2,eps
condition,1.7783309076121254,1,1.7783309076121254,0.18355086027846004,0.6784101080539288,0.008942890865383236,1.0
Error,87.19642143996715,9,9.688491271107461,,,,
