condition,count,mean,std,min,25%,50%,75%,max,sem
46 Correct,24.0,1.788507145854118,2.7249745537114864,-3.106208335404457,-0.31198482532839794,2.110366658992715,3.5548471564527397,7.490573079679369,0.5562331015551213
46 Incorrect,17.0,1.8261034511320584,2.161938181579643,-1.0718536239565517,0.7827983054042872,1.0170670872165044,2.7481997303676278,6.3521925593009145,0.524347028159332
