condition,count,mean,std,min,25%,50%,75%,max,sem
46 Correct,13.0,2.582206073006949,1.2284399413953453,0.6242857134380086,1.6193387715154195,2.274946176214343,2.979598023254295,4.537813576478308,0.3407079382714535
46 Incorrect,10.0,1.5528255001883058,1.5574581303288804,-0.2139860013909038,0.23037301504612634,1.1546979424238972,2.7046635545197835,4.180355861389425,0.4925115052186631
