condition,count,mean,std,min,25%,50%,75%,max,sem
46 Correct,24.0,4.713519794095075,3.6560314612513327,-0.7104991700244854,1.8891809410934943,3.6731916712883956,7.168088041956553,12.371546635073862,0.7462842969689778
46 Incorrect,17.0,3.16562052997693,3.9268484579390486,-5.773612195544132,1.3136908508669978,2.704152453595295,5.071747006856507,9.704745106278482,0.9524006451692074
