condition,count,mean,std,min,25%,50%,75%,max,sem
46 Correct,13.0,96.92307692307692,7.686151382644184,84.0,92.0,96.0,104.0,104.0,2.131754840084772
46 Incorrect,10.0,94.0,7.60116950066092,84.0,88.0,96.0,99.0,104.0,2.4037008503093262
