condition,count,mean,std,min,25%,50%,75%,max,sem
46 Correct,9.0,3.1780196143210357,1.4731497084006147,1.712338360527946,1.7431942069736142,2.939650552432451,4.797199396145562,5.286329272564354,0.4910499028002049
46 Incorrect,8.0,4.165079276235092,1.7966934366024059,2.1779088676465266,2.775910566950394,3.716532770765212,5.5451554460778265,7.120061566136093,0.6352270563674618
