condition,count,mean,std,min,25%,50%,75%,max,sem
46 Correct,19.0,474.7368421052632,26.56823940401847,444.0,444.0,484.0,500.0,504.0,6.095172140521677
46 Incorrect,10.0,471.6,20.260525385312416,444.0,462.0,470.0,481.0,504.0,6.406940680924783
