Contrast,Coef,Std.Err.,z,P>|z|,P>|z| (adj)
46 Correct - 46 Incorrect,4.154452102785474,2.949239736325885,1.4086518812339832,0.15893812983542022,0.15893812983542022
