Contrast,Coef,Std.Err.,z,P>|z|,P>|z| (adj)
46 Correct - 46 Incorrect,0.20692705890813837,0.5886311278168396,0.35153944317488844,0.7251836869138089,0.7251836869138089
