Contrast,Coef,Std.Err.,z,P>|z|,P>|z| (adj)
46 Correct - 46 Incorrect,-1.2435739287566214,0.7830663906577495,-1.5880823689956365,0.1122677145779385,0.1122677145779385
