Contrast,Coef,Std.Err.,z,P>|z|,P>|z| (adj)
46 Correct - 46 Incorrect,-0.4054100896475492,7.547832035119591,-0.05371212392660586,0.9571645232504258,0.9571645232504258
