Contrast,Coef,Std.Err.,z,P>|z|,P>|z| (adj)
46 Correct - 46 Incorrect,-0.5027552184551907,0.6268058682657541,-0.802090797021753,0.42250043810574933,0.4225004381057493
