Contrast,Coef,Std.Err.,z,P>|z|,P>|z| (adj)
46 Correct - 46 Incorrect,-2.3933630117904707,0.35448747222184657,-6.751615217286573,1.462074905589361e-11,1.462074905589361e-11
