Contrast,Coef,Std.Err.,z,P>|z|,P>|z| (adj)
46 Correct - 46 Incorrect,0.7399968673407977,0.8869684795331217,0.8342989456968232,0.4041125458157042,0.40411254581570427
