Contrast,A,B,Paired,Parametric,T,dof,alternative,p-unc,BF10,cohen,ci_lower,ci_upper
condition,46 Correct,46 Incorrect,True,True,-0.3319530651546462,16.0,two-sided,0.7442334580438759,0.262,-0.13290870380481618,-0.5954955023511121,0.4344746140710949
