Contrast,A,B,Paired,Parametric,T,dof,alternative,p-unc,BF10,cohen,ci_lower,ci_upper
condition,46 Correct,46 Incorrect,True,True,0.1596816170617057,6.0,two-sided,0.8783717850840684,0.357,0.06961101496951941,-0.8653335983472616,0.9860415548312393
