Contrast,A,B,Paired,Parametric,T,dof,alternative,p-unc,BF10,cohen,ci_lower,ci_upper
condition,46 Correct,46 Incorrect,True,True,0.6584269219592206,6.0,two-sided,0.5346977142506728,0.422,0.41739193556483967,-0.690194046201601,1.1879180153484097
