Source,SS,DF,MS,F,p-unc,ng2,eps
condition,20.602197540914897,4,5.150549385228724,1.746647528359799,0.14916668852729442,0.0438000341631321,0.8702373723908265
Error,212.31504909562807,72,2.9488201263281675,,,,
