Source,SS,DF,MS,F,p-unc,p-GG-corr,ng2,eps,sphericity,W-spher,p-spher
condition,12.253051163781018,5,2.450610232756204,0.5542116766240762,0.7348306611956728,0.6835588953247542,0.017469898118109888,0.7423366322280253,False,0.265348398561694,0.014782859196231447
Error,508.50638601417097,115,4.421794660992791,,,,,,,,
