Source,SS,DF,MS,F,p-unc,ng2,eps
condition,247.47063936216279,5,49.49412787243256,7.309647824601955,5.575982777610004e-06,0.09234627768357553,0.7842507430701453
Error,778.672904893293,115,6.771068738202548,,,,
