Source,SS,DF,MS,F,p-unc,p-GG-corr,ng2,eps,sphericity,W-spher,p-spher
condition,309.41140925505033,4,77.35285231376258,0.38569559904657474,0.8177961615022271,0.7243693682580505,0.023619722482837318,0.6123073520168951,False,0.17341077500023747,0.03438134056773346
Error,9626.59911142063,48,200.55414815459645,,,,,,,,
