Source,SS,DF,MS,F,p-unc,ng2,eps
condition,1775.4915339243398,5,355.098306784868,1.5192625502897978,0.20902539619889354,0.14377893565656985,0.5878375701220033
Error,8180.574670980777,35,233.73070488516507,,,,
