Source,SS,DF,MS,F,p-unc,ng2,eps
condition,24.520831233631718,5,4.904166246726343,1.3675352030280008,0.24464624082128997,0.029378779895622,0.7184470429803335
Error,304.82149932867503,85,3.5861352862197062,,,,
