Source,SS,DF,MS,F,p-unc,ng2,eps
condition,67.76735967783293,5,13.553471935566586,2.506197572133997,0.048463080801304105,0.13184270681393112,0.7882687534476602
Error,189.27937805833437,35,5.407982230238125,,,,
