Source,SS,DF,MS,F,p-unc,ng2,eps
condition,26.174350195738583,4,6.543587548934646,1.629488688655263,0.1821704898306188,0.059207492845326996,0.6822976314273846
Error,192.75506760839676,48,4.015730575174932,,,,
