Source,SS,DF,MS,F,p-unc,ng2,eps
condition,925.1851851851858,5,185.03703703703715,1.2511637773561344,0.2926936112204809,0.03155012402810969,0.7205562739467283
Error,12570.814814814814,85,147.89193899782134,,,,
