Source,SS,DF,MS,F,p-unc,ng2,eps
condition,363.5373285858848,4,90.8843321464712,3.4236407905137423,0.012798277384130311,0.06587873259506621,0.7548584019199811
Error,1911.3196491516273,72,26.546106238217046,,,,
