Source,SS,DF,MS,F,p-unc,ng2,eps
condition,11.238980999522475,5,2.247796199904495,0.47340461638598885,0.795436383589579,0.008625675320423937,0.765586050644291
Error,546.0372671529942,115,4.748150149156471,,,,
