condition,count,mean,std,min,25%,50%,75%,max,sem
1 to 4,22.0,-6.842462723685052,2.9564763566881482,-13.143479122970906,-7.587070602410697,-6.04826163352438,-5.245156723685378,-2.673303875676658,0.6303228771343383
2 to 4,21.0,-6.7807827431513585,2.5990691056829505,-15.658396953449513,-7.552570389393452,-6.253665974715704,-5.142619862777173,-3.827901512877049,0.567163376819681
3 to 4,23.0,-5.903489377153568,2.048727467895515,-10.52746699154644,-7.007854285271531,-5.471889650986123,-4.157605353815254,-2.952926874381673,0.4271892075308679
4 to 4,22.0,-5.949607271185214,3.122471031546776,-13.091968087172674,-6.4003817679049515,-5.551044450967042,-3.748474469779893,-1.82017324593553,0.6657130607254145
5 to 4,22.0,-6.214066513722003,2.9553441742206616,-14.146635073252382,-8.456871091141853,-6.2589656846089134,-3.6890416980316107,-1.5067436689414002,0.630081495021225
6 to 4,23.0,-6.018973873416327,2.8437550685734085,-12.202282649501134,-7.968355286586682,-5.490550263330483,-4.056972158811222,-1.785962535938865,0.5929639218454207
