condition,count,mean,std,min,25%,50%,75%,max,sem
1 to 4,12.0,106.33333333333333,7.714606374608592,96.0,99.0,108.0,112.0,116.0,2.2270150335361367
2 to 4,15.0,105.33333333333333,7.952238379104039,96.0,100.0,104.0,114.0,116.0,2.053259120489427
3 to 4,15.0,106.93333333333334,7.629516617029141,96.0,100.0,108.0,116.0,116.0,1.969932719824441
4 to 4,14.0,106.85714285714286,7.594098344789175,96.0,100.0,108.0,112.0,116.0,2.0296081548334417
5 to 4,17.0,106.11764705882354,7.227398848662432,96.0,100.0,108.0,112.0,116.0,1.7529016971472169
6 to 4,18.0,108.66666666666667,7.029350233548074,96.0,104.0,112.0,115.0,116.0,1.6568337391590275
