Source,SS,DF,MS,F,p-unc,ng2,eps
condition,72.80114635149492,3,24.26704878383164,2.7183829855271866,0.07505555029499572,0.15573864500625978,0.7331854856364904
Error,160.68629050231414,18,8.927016139017452,,,,
