Source,SS,DF,MS,F,p-unc,ng2,eps
condition,121.69656400882526,3,40.56552133627509,0.708028866953391,0.5596750146482088,0.08551376409013227,0.7175829402274498
Error,1031.2847655419378,18,57.293598085663206,,,,
