Source,SS,DF,MS,F,p-unc,ng2,eps
condition,718.6666666666657,3,239.55555555555523,0.6723249633928076,0.5719206081047981,0.017533016719796995,0.7776502663012393
Error,24585.33333333334,69,356.30917874396147,,,,
