condition,count,mean,std,min,25%,50%,75%,max,sem
5a,24.0,6.6585420094497545,5.346534796821397,-1.9120326137041583,3.617570166100598,5.098554066508515,10.25298882458881,21.05478038566848,1.0913568453539464
5b,24.0,4.254204489198546,2.7356518970231103,0.1216958548744356,2.134733633651409,3.867425113499081,6.1310833044212565,9.315790747791846,0.5584126051319542
5c,24.0,4.192625393078232,3.373991308061368,-1.5556993803062225,2.156390959943786,3.9102992987540297,7.7031528554101145,8.614899875473139,0.6887130917779932
5d,24.0,3.6995556011638544,2.3945127401870856,-0.3067695633874837,1.8741475694575453,3.9444029555956748,5.140436383119189,8.701630511598514,0.48877786633765896
