condition,count,mean,std,min,25%,50%,75%,max,sem
5a,11.0,-10.141681554343064,4.4997523257656,-21.46724206584021,-11.068232390448994,-8.371970424174506,-7.82042721263376,-5.274955255253499,1.3567263740085052
5b,20.0,-6.873994067664573,2.8894236917526186,-13.577850139770575,-8.82474095300135,-6.87219547599612,-4.540160881900009,-2.2042657143877973,0.6460947790557254
5c,19.0,-8.676125351570722,3.8285052149710643,-17.27072241491079,-10.009892675770221,-8.29282142544769,-5.795892120551588,-3.995915421500375,0.8783193335198596
5d,22.0,-7.530769002430608,2.8606027788945094,-13.121631423938236,-8.907122274186452,-7.361976324855327,-5.943490708901055,-1.347392971301305,0.6098825616691593
