condition,count,mean,std,min,25%,50%,75%,max,sem
5a,24.0,-5.615544572257701,6.200770589174266,-19.031826868888047,-8.938291989160575,-6.425978861730531,-3.5140652634404974,6.698767220677641,1.2657269962944975
5b,24.0,-5.134307803781313,3.53128097129271,-12.773156823521026,-7.540734058234361,-5.7422848368341075,-2.6766275738157312,1.5428958210485186,0.7208197098389094
5c,24.0,-7.187304038696836,3.1345170876891575,-12.796032453690446,-8.881608992508546,-7.104405446743716,-5.948022275947485,1.9728826902214351,0.6398306212394327
5d,24.0,-6.445083124899966,3.0109872115370804,-13.37049510547376,-8.070932787855533,-6.2050162146257275,-5.238539752130087,0.3542747636608593,0.6146151908592834
