condition,count,mean,std,min,25%,50%,75%,max,sem
5a,8.0,95.5,10.783585409580354,84.0,84.0,96.0,105.0,108.0,3.81257318430929
5b,13.0,97.23076923076923,10.377490433255417,84.0,88.0,96.0,108.0,108.0,2.8781979898261083
5c,12.0,95.66666666666667,9.71721371712295,84.0,87.0,94.0,105.0,108.0,2.805117977677031
5d,13.0,100.0,7.483314773547883,88.0,96.0,100.0,108.0,108.0,2.075498086651083
