Contrast,Coef,Std.Err.,z,P>|z|,P>|z| (adj)
5a - 5b,0.35131299860020876,2.2788479988271924,0.15416254124057935,0.8774815768151849,0.9849892359803065
5a - 5c,3.0584698653175533,2.280473767973517,1.341155468775851,0.1798699810993054,0.6957039947844244
5a - 5d,2.7686066301836414,2.2841318438667324,1.2121045628858085,0.2254723573277222,0.721269424755437
5b - 5c,2.7071568667173445,2.279539417410234,1.1875894077729627,0.23499521294739845,0.721269424755437
5b - 5d,2.4172936315834326,2.282379128184332,1.0591113464599664,0.2895490731346073,0.721269424755437
5c - 5d,-0.2898632351339119,2.2796708249087287,-0.1271513553477692,0.8988206055918984,0.9849892359803065
