Contrast,Coef,Std.Err.,z,P>|z|,P>|z| (adj)
5a - 5b,-0.45404517989672105,3.355367676901817,-0.13531905401078556,0.892359620714867,0.9884135487473527
5a - 5c,3.362111320967578,3.351327282768704,1.0032178409594077,0.31575576672789607,0.83188241030139
5a - 5d,3.0336376372034,3.369129894914282,0.9004216910077261,0.36789588176498267,0.83188241030139
5b - 5c,3.816156500864299,3.367316254953772,1.1332931664052115,0.257091160526163,0.83188241030139
5b - 5d,3.487682817100121,3.3520696408225272,1.0404565509696024,0.2981278401723517,0.83188241030139
5c - 5d,-0.32847368376417796,3.387535440221523,-0.0969653866536959,0.9227538823300319,0.9884135487473527
