Contrast,Coef,Std.Err.,z,P>|z|,P>|z| (adj)
5a - 5b,-0.486187830591895,0.5847699440571612,-0.8314172702151912,0.40573794610416636,0.9258877500332994
5a - 5c,0.12035292461122869,0.6424791665978464,0.18732580115949882,0.8514051946377874,0.9581429878903732
5a - 5d,-0.15061770804257485,0.580881198058913,-0.25929175973655666,0.7954101368356028,0.9581429878903732
5b - 5c,0.6065407552031237,0.5119875395812243,1.18467874374294,0.2361444899052323,0.8013597310220055
5b - 5d,0.33557012254932017,0.49841280529894494,0.6732774900276635,0.5007707706443836,0.9378844951065697
5c - 5d,-0.27097063265380356,0.5329435895729602,-0.5084414897849289,0.6111437623397025,0.9412013696668883
