Contrast,Coef,Std.Err.,z,P>|z|,P>|z| (adj)
5a - 5b,2.3955017436498456,0.9676749674586547,2.4755231086952727,0.013304115172995346,0.05216385176584579
5a - 5c,2.545074661208624,0.9692066419733404,2.625936050156196,0.008641105026798046,0.042465262544706325
5a - 5d,2.877325348707206,0.9693061955523566,2.9684380043269707,0.0029931747505627104,0.017825197197269244
5b - 5c,0.14957291755877833,0.9695718600574863,0.1542669746519975,0.8773992359759899,0.9446979548975661
5b - 5d,0.48182360505736055,0.9689685632496772,0.4972541146654389,0.6190098649288223,0.9446979548975661
5c - 5d,0.3322506874985822,0.9740414714196404,0.341105278622619,0.7330243275242669,0.9446979548975661
