Contrast,Coef,Std.Err.,z,P>|z|,P>|z| (adj)
5a - 5b,-0.6273068016859437,6.059133468750777,-0.10353077794394198,0.9175417234680443,0.9175417234680443
5a - 5c,2.4064234199465417,6.013559954740534,0.4001661974035098,0.6890341097664887,0.9033002151112799
5a - 5d,-5.167680720879165,6.011589308322737,-0.8596197204830304,0.3899987007278396,0.8734893697552408
5b - 5c,3.0337302216324855,4.957617228502695,0.6119331287197289,0.5405820018691936,0.9030329875415808
5b - 5d,-4.540373919193222,4.745284233017385,-0.9568181158889472,0.33865906681347013,0.8734893697552408
5c - 5d,-7.574104140825707,4.85066523343895,-1.5614567850636716,0.11841601262928036,0.5305577651492885
