Contrast,Coef,Std.Err.,z,P>|z|,P>|z| (adj)
5a - 5b,4.227611869732475,5.1499582077002755,0.8209021703149556,0.4117019947471592,0.9295328220858929
5a - 5c,-0.27908602703538854,5.580858185933898,-0.05000772600507971,0.9601162315650358,0.9799609050163899
5a - 5d,1.3955917018618198,5.375441581098285,0.2596236385061186,0.7951541005322063,0.9799609050163899
5b - 5c,-4.5066978967678635,4.756948699232298,-0.9473925790907054,0.34343877115488697,0.9198965171135004
5b - 5d,-2.832020167870655,4.218712275499944,-0.6712996722524868,0.5020296434137115,0.9385086592333445
5c - 5d,1.6746777288972083,4.822278898267372,0.34727931839423765,0.7283814866052472,0.9799609050163899
