Contrast,Coef,Std.Err.,z,P>|z|,P>|z| (adj)
5a - 5b,3.580872872064201,8.802290877510599,0.40681146782062694,0.684146463389744,0.9684893594118354
5a - 5c,-2.72452470470725,8.81756496935853,-0.3089883334202931,0.7573304014654609,0.9684893594118354
5a - 5d,-6.252565482142771,8.818557652477244,-0.7090235987045281,0.47830983253502346,0.9600145650321474
5b - 5c,-6.305397576771451,8.821206637103446,-0.7147998948635793,0.4747327001542918,0.9600145650321474
5b - 5d,-9.833438354206972,8.815190964465039,-1.115510531064681,0.26463170815408477,0.8418644919364503
5c - 5d,-3.5280407774355207,8.865763476473447,-0.39793987137122194,0.6906745087899986,0.9684893594118354
