Contrast,Coef,Std.Err.,z,P>|z|,P>|z| (adj)
5a - 5b,-0.5300907447369468,3.555667942888918,-0.14908330959224989,0.8814878957212984,0.9685032346733419
5a - 5c,2.0780480124536194,3.543727793005879,0.5864017029059015,0.5576056002190226,0.9640808444701364
5a - 5d,1.435924796777987,3.497846131865112,0.41051685598655163,0.6814268411353681,0.9676683740610557
5b - 5c,2.608138757190566,2.936598856802739,0.8881494832529533,0.3744603480581814,0.9400858965793666
5b - 5d,1.9660155415149339,2.821176045549486,0.6968780075303699,0.4858791421254023,0.9640808444701364
5c - 5d,-0.6421232156756325,2.862834048194459,-0.22429634581180447,0.8225267194007557,0.9685032346733419
