Contrast,Coef,Std.Err.,z,P>|z|,P>|z| (adj)
5a - 5b,4.454463060422374,5.339527188150559,0.8342429776006549,0.4041440772967706,0.8739435587986597
5a - 5c,7.101437373627295,5.344860220144084,1.328647912411797,0.18396415700637858,0.7047054654327954
5a - 5d,1.5286107799212556,5.380916901843134,0.2840799826136802,0.7763490868503278,0.9284399481220335
5b - 5c,2.646974313204921,5.335401788116579,0.49611527272425243,0.6198130843658884,0.9284399481220335
5b - 5d,-2.9258522805011187,5.355369869990654,-0.5463399077058004,0.5848323087754985,0.9284399481220335
5c - 5d,-5.57282659370604,5.347422712688431,-1.0421518726175822,0.2973412721616715,0.828713858864296
