Contrast,Coef,Std.Err.,z,P>|z|,P>|z| (adj)
5a - 5b,-1.9574006119095382,1.2760360288284769,-1.533969705938961,0.12503710569941195,0.48719980862860035
5a - 5c,-1.3396172079509054,1.3834495642644111,-0.9683166214036782,0.3328862661595655,0.742780558097994
5a - 5d,-0.2044134007283355,1.3646849198236428,-0.149787982382594,0.8809318910538637,0.8809318910538637
5b - 5c,0.6177834039586327,1.0788653662325454,0.5726232607836554,0.566899806644309,0.812424222515263
5b - 5d,1.7529872111812026,1.0608284688619032,1.6524699917432206,0.09843877758519781,0.4630036392795602
5c - 5d,1.1352038072225699,1.0680590816219024,1.0628661155136705,0.2878426713104165,0.742780558097994
