Contrast,Coef,Std.Err.,z,P>|z|,P>|z| (adj)
5a - 5b,-2.2190431780878708,0.8287291176716629,-2.6776459650921076,0.007414153977051141,0.04366848455695598
5a - 5c,-0.6540211383281231,0.8338869322465693,-0.7843043379587795,0.43286155469136256,0.5921292071164379
5a - 5d,-1.6150166852212537,0.8191321880560202,-1.9716191217610939,0.048653102647010726,0.18086473271214487
5b - 5c,1.5650220397597476,0.6868658427641688,2.2784974041824473,0.02269695898329216,0.10844887838741152
5b - 5d,0.604026492866617,0.6617356723865903,0.9127911915163323,0.3613523718954543,0.5921292071164379
5c - 5d,-0.9609955468931306,0.6733811134097271,-1.427119840096259,0.15354535466680952,0.39352754847751653
