Contrast,Coef,Std.Err.,z,P>|z|,P>|z| (adj)
5a - 5b,2.4352768133853293,1.6565241567529825,1.4701124661887275,0.1415312965946529,0.5997357502818512
5a - 5c,2.6093692629369105,1.8323629628704388,1.4240460628222225,0.15443313837786588,0.5997357502818512
5a - 5d,0.6916048722748519,1.6612366900328728,0.41631928576123994,0.6771763820800671,0.8957849117130852
5b - 5c,0.1740924495515812,1.4498645484975756,0.12007497509473197,0.9044237559232624,0.9044237559232624
5b - 5d,-1.7436719411104775,1.405624609466984,-1.2404961675875052,0.21479193083112147,0.5997357502818512
5c - 5d,-1.9177643906620587,1.5079929587207066,-1.271732987592315,0.20346800578335666,0.5997357502818512
