Contrast,Coef,Std.Err.,z,P>|z|,P>|z| (adj)
5a - 5b,0.8859096123249093,3.456598286485299,0.2562952182753381,0.7977228892438628,0.8943321721447437
5a - 5c,3.8310826310281447,3.8368831398947645,0.9984882237339189,0.3180426720757541,0.8525020439536493
5a - 5d,-1.4551163403968166,3.469635711216023,-0.41938591296284344,0.6749341176695771,0.8943321721447437
5b - 5c,2.9451730187032354,3.0264525866425815,0.9731436176142068,0.3304819284607743,0.8525020439536493
5b - 5d,-2.3410259527217256,2.905813406811934,-0.8056353333747415,0.4204531461743475,0.8525020439536493
5c - 5d,-5.2861989714249615,3.112261402304075,-1.6985073835737168,0.08941204031455507,0.4299257545121765
