Contrast,A,B,Paired,Parametric,T,dof,alternative,p-unc,p-corr,p-adjust,BF10,cohen,ci_lower,ci_upper
condition,5a,5b,True,True,-2.2565217848728514,6.0,two-sided,0.06485732725112518,0.24347047776366132,fdr_bh,1.639,-0.7187423037547628,-1.8683048372973108,-0.01988197584014806
condition,5a,5c,True,True,-1.1497195873871382,6.0,two-sided,0.2940148663903159,0.35281783966837904,fdr_bh,0.584,-0.33942027975882666,-1.1186482064001935,0.3623318889922898
condition,5a,5d,True,True,-2.0939226230448864,6.0,two-sided,0.08115682592122044,0.24347047776366132,fdr_bh,1.394,-1.1341709029706601,-1.6435133436995661,0.10622123173059095
condition,5b,5c,True,True,1.1846549960564063,6.0,two-sided,0.28094767863329684,0.35281783966837904,fdr_bh,0.601,0.3146824380490097,0.11121555797246063,1.252860172290378
condition,5b,5d,True,True,-0.8949689736038134,6.0,two-sided,0.4052732627955492,0.4052732627955492,fdr_bh,0.485,-0.5060172075025597,-0.348880375975939,0.6513677017395804
condition,5c,5d,True,True,-1.3681798565784336,6.0,two-sided,0.22027695505601988,0.35281783966837904,fdr_bh,0.7,-0.6843493612483189,-0.6321854062143956,0.3995908209835991
