Contrast,A,B,Paired,Parametric,T,dof,alternative,p-unc,p-corr,p-adjust,BF10,cohen,ci_lower,ci_upper
condition,5a,5b,True,True,1.985501326389686,23.0,two-sided,0.059137005728087756,0.11827401145617551,fdr_bh,1.14,0.5661637019070247,-0.03397220321014077,0.8445497254224625
condition,5a,5c,True,True,1.987000212240259,23.0,two-sided,0.05896001593011928,0.11827401145617551,fdr_bh,1.143,0.5516077715149167,-0.03369142074193132,0.84488086054035
condition,5a,5d,True,True,2.637574654525194,23.0,two-sided,0.014715048599379518,0.08829029159627712,fdr_bh,3.507,0.7143151497437417,0.08656472018462241,0.990220623496102
condition,5b,5c,True,True,0.07201098907419241,23.0,two-sided,0.9432157057314674,0.9432157057314674,fdr_bh,0.215,0.020048868990290476,-0.40758659345738,0.43698495664153103
condition,5b,5d,True,True,0.719272622291769,23.0,two-sided,0.47921807984048703,0.5750616958085845,fdr_bh,0.271,0.21575395790266275,-0.27771157353721476,0.5713533919652893
condition,5c,5d,True,True,0.7629618095239498,23.0,two-sided,0.4532410743099021,0.5750616958085845,fdr_bh,0.279,0.16854004924921698,-0.26907677940521696,0.5805546338325849
