Contrast,A,B,Paired,Parametric,T,dof,alternative,p-unc,p-corr,p-adjust,BF10,cohen,ci_lower,ci_upper
condition,5a,5b,True,True,-2.1574126769724837,6.0,two-sided,0.07434181044948808,0.2506820138677538,fdr_bh,1.485,-0.5898863321029727,-1.8740812402890044,-0.02297685432141683
condition,5a,5c,True,True,-0.49044579044248543,6.0,two-sided,0.6412366051188741,0.6412366051188741,fdr_bh,0.39,-0.14899502483938315,-0.939724233107704,0.5075913688964828
condition,5a,5d,True,True,-1.68424732504017,6.0,two-sided,0.14311741660175517,0.2506820138677538,fdr_bh,0.934,-0.99399198654022,-1.2988271449111881,0.32676531452333346
condition,5b,5c,True,True,1.9092285574940866,6.0,two-sided,0.1048199770094911,0.2506820138677538,fdr_bh,1.161,0.4406420880995897,0.032796064633038635,1.1469686109095352
condition,5b,5d,True,True,-0.7479793083070597,6.0,two-sided,0.4827490765433474,0.5792988918520169,fdr_bh,0.443,-0.4394024054090905,-0.4677558211387386,0.5270392226134462
condition,5c,5d,True,True,-1.5715131007682979,6.0,two-sided,0.1671213425785025,0.2506820138677538,fdr_bh,0.841,-0.8492010834154576,-0.6220041892401886,0.4092070885918369
