Contrast,A,B,Paired,Parametric,T,dof,alternative,p-unc,p-corr,p-adjust,BF10,cohen,ci_lower,ci_upper
condition,5a,5b,True,True,-0.8300131130807937,6.0,two-sided,0.43830154011720834,0.8766030802344167,fdr_bh,0.465,-0.4617942506690087,-1.2485167875774692,0.3624849465561187
condition,5a,5c,True,True,0.2003692370357412,6.0,two-sided,0.8478108622735699,0.9238560840324838,fdr_bh,0.359,0.11901737854632444,-0.5489882405006307,0.8922215138984854
condition,5a,5d,True,True,0.2954368465739382,6.0,two-sided,0.7776173984174533,0.9238560840324838,fdr_bh,0.366,0.17316832056362683,-0.45128889616920115,1.1296432748188374
condition,5b,5c,True,True,0.9873775462545115,6.0,two-sided,0.36158648455186165,0.8766030802344167,fdr_bh,0.517,0.5985219338542371,-0.34687733005400323,0.6889195149368222
condition,5b,5d,True,True,1.9619479399890043,6.0,two-sided,0.09743169484570902,0.5845901690742541,fdr_bh,1.223,0.6374689023938007,-0.3710509572558821,0.6276088225167281
condition,5c,5d,True,True,0.09966606897136374,6.0,two-sided,0.9238560840324838,0.9238560840324838,fdr_bh,0.355,0.0666384968344761,-0.7412794693659421,0.2994937483095921
