Source,SS,DF,MS,F,p-unc,ng2,eps
condition,11.087083436831115,3,3.695694478943705,0.7656872618288216,0.519705788514208,0.024038044780488987,0.800094955468161
Error,202.71875457990404,42,4.826637013807239,,,,
