Source,SS,DF,MS,F,p-unc,ng2,eps
condition,48.59840087611499,3,16.199466958704996,3.9029942574901355,0.01232346552461327,0.10181838273101303,0.932904263048341
Error,286.3860785871192,69,4.150522878074191,,,,
