Source,SS,DF,MS,F,p-unc,ng2,eps
condition,452.50000000000045,3,150.83333333333348,0.7062875369006828,0.5515133608559364,0.010716696336587169,0.9209676845715468
Error,14735.5,69,213.55797101449275,,,,
