Source,SS,DF,MS,F,p-unc,ng2,eps
condition,14.631192173625266,3,4.877064057875089,0.7676684488557944,0.5186030412297702,0.02040447943450393,0.788863650318151
Error,266.8296329438336,42,6.353086498662704,,,,
