Source,SS,DF,MS,F,p-unc,ng2,eps
condition,14.431322925366983,3,4.810440975122328,1.2917901842478032,0.2841787527807753,0.03508160347518029,0.8894744274583314
Error,256.9460825224606,69,3.7238562684414576,,,,
