condition,count,mean,std,min,25%,50%,75%,max,sem
1 to 3,24.0,0.03417662164601065,2.521670345278797,-5.857562979053741,-1.0558650959649971,0.14716696952223804,1.9834660934158672,4.11611884733143,0.514733803786744
2 to 4,24.0,-1.722628800686311,1.8328576800954306,-6.043144722207426,-2.5008953077413802,-1.673046070768138,-0.3556200971766431,1.3604185281704524,0.37413050728126074
3 to 5,24.0,-1.6931267883087333,2.037455249301156,-4.947375182615543,-2.7988456409907307,-2.0426134976626,-0.7571747958275556,2.6436190391078878,0.41589381121191044
4 to 6,24.0,-1.0850958590874098,2.1840318987880583,-4.446391563921792,-2.55630401879857,-1.6377329917754444,0.48299962379239936,2.9234141021298625,0.4458136444993847
