condition,count,mean,std,min,25%,50%,75%,max,sem
1 to 3,24.0,5.029259204484166,3.9619619751305604,-1.0726013030976989,2.3278745045687304,4.367862582879157,6.336569896162056,15.567573757001798,0.8087321016149407
2 to 4,24.0,5.589328853096025,4.815076848462131,-4.772434760275855,2.79581289509316,4.992578534916303,8.169572863723536,17.43030802984083,0.9828734459183953
3 to 5,24.0,4.55010869423997,3.8675323102897767,-2.9894699608306,2.4764179305144487,3.664686215976954,6.728196502108208,15.273922702411372,0.7894567269947779
4 to 6,24.0,4.601953685110897,3.494066467660445,-1.4176883510541545,1.8116099450893606,3.7321793152761193,8.678896981757878,9.745606927756096,0.7132233310947427
