Contrast,Coef,Std.Err.,z,P>|z|,P>|z| (adj)
1 to 3 - 2 to 4,0.36151709923323533,0.3102786502788753,1.1651368823098445,0.24396358960716613,0.8132518670113169
1 to 3 - 3 to 5,0.061728450705816236,0.3226637425035074,0.1913089156744819,0.8482835763990499,0.9619685704346527
1 to 3 - 4 to 6,0.17970595281327353,0.3070691032346645,0.5852296793140431,0.5583932910743385,0.9619685704346527
2 to 4 - 3 to 5,-0.2997886485274191,0.31400136207085844,-0.9547367774148953,0.33971082639326244,0.8744921522442357
2 to 4 - 4 to 6,-0.1818111464199618,0.31333762278341604,-0.5802403963013166,0.5617525154771581,0.9619685704346527
3 to 5 - 4 to 6,0.1179775021074573,0.317261903360792,0.37186154674641986,0.7099959365410871,0.9619685704346527
