Contrast,Coef,Std.Err.,z,P>|z|,P>|z| (adj)
1 to 3 - 2 to 4,-2.473860170745956,3.561242453663555,-0.694662102604394,0.4872670832192112,0.9687892915658043
1 to 3 - 3 to 5,-1.8610292183390285,3.95106232267133,-0.47101996029280013,0.6376264810341794,0.9827564844285567
1 to 3 - 4 to 6,-2.8922973480931087,3.7364578992765716,-0.7740746519994501,0.4388866462836285,0.9687892915658043
2 to 4 - 3 to 5,0.6128309524069278,3.3397394885561966,0.18349663334724972,0.8544083601282564,0.9867921666097659
2 to 4 - 4 to 6,-0.41843717734715247,3.218483386881499,-0.13001066870585617,0.8965579859277395,0.9867921666097659
3 to 5 - 4 to 6,-1.0312681297540802,3.4292118049240354,-0.30073036849846174,0.763620109408983,0.9867921666097659
