Contrast,Coef,Std.Err.,z,P>|z|,P>|z| (adj)
1 to 3 - 2 to 4,-5.129057026151793,4.241309134586089,-1.2093098765960004,0.22654381783035715,0.7305727975893552
1 to 3 - 3 to 5,0.23121097728579051,4.377006887787946,0.05282399210539969,0.9578721452490426,0.9967553627087139
1 to 3 - 4 to 6,-0.5502521155236094,4.186439564011713,-0.13143677511883697,0.8954297986553204,0.9967553627087139
2 to 4 - 3 to 5,5.360268003437584,4.14863432843179,1.2920560307526066,0.19633774133019077,0.7305727975893552
2 to 4 - 4 to 6,4.578804910628183,4.13022491413709,1.108609096554446,0.26759885220848867,0.7305727975893552
3 to 5 - 4 to 6,-0.7814630928094,4.187402741957212,-0.1866223864686444,0.8519567132447188,0.9967553627087139
