Contrast,Coef,Std.Err.,z,P>|z|,P>|z| (adj)
1 to 3 - 2 to 4,0.47353337553083064,0.4359192831851682,1.086286828311022,0.2773521126325047,0.7350157587918564
1 to 3 - 3 to 5,-0.11015086734958464,0.4497314077548057,-0.2449258945455708,0.8065138112758905,0.9927564758900056
1 to 3 - 4 to 6,-0.03260200759404447,0.4303355410656237,-0.0757595050441647,0.9396104337876114,0.9927564758900056
2 to 4 - 3 to 5,-0.5836842428804153,0.42648875966001515,-1.368580600683854,0.171130411401063,0.675722188454528
2 to 4 - 4 to 6,-0.5061353831248752,0.4246156832560386,-1.1919846653890103,0.2332672581160069,0.7350157587918564
3 to 5 - 4 to 6,0.07754885975554017,0.4304335515473151,0.18016453289193854,0.8570234014312976,0.9927564758900056
