Contrast,Coef,Std.Err.,z,P>|z|,P>|z| (adj)
1 to 3 - 2 to 4,-0.4563110500384051,0.5086944107081858,-0.8970239114739742,0.3697061578342118,0.8421762869102013
1 to 3 - 3 to 5,0.1599633769241507,0.5105931297182119,0.31328932493163764,0.754060859688102,0.9694849179787521
1 to 3 - 4 to 6,0.20494104102613472,0.5095013224172998,0.4022384869460273,0.6875085202664424,0.9694849179787521
2 to 4 - 3 to 5,0.6162744269625557,0.5121922855100931,1.2032091157890188,0.22889540820127774,0.7286379432322956
2 to 4 - 4 to 6,0.6612520910645399,0.5106862188713606,1.2948304979248053,0.1953787086785428,0.7286379432322956
3 to 5 - 4 to 6,0.04497766410198403,0.5086653644046316,0.08842289499036017,0.9295405649936432,0.9694849179787521
