Contrast,Coef,Std.Err.,z,P>|z|,P>|z| (adj)
1 to 3 - 2 to 4,-0.7132393159319877,0.49517839930130075,-1.4403683943774044,0.14976320059983506,0.6222196302364437
1 to 3 - 3 to 5,-0.33195425602920897,0.5025238779657566,-0.6605740952509112,0.5088854863785481,0.9159138660309627
1 to 3 - 4 to 6,-0.1586888721675395,0.49018605351556926,-0.3237319198076679,0.7461410026154032,0.9292689552075911
2 to 4 - 3 to 5,0.3812850599027788,0.5177902371998692,0.7363697352903184,0.46150571770485316,0.9159138660309627
2 to 4 - 4 to 6,0.5545504437644483,0.5101511963259282,1.087031546251935,0.2770228683086766,0.8024746671682599
3 to 5 - 4 to 6,0.17326538386166948,0.5099832559889041,0.33974720116191276,0.7340469124217415,0.9292689552075911
