Contrast,Coef,Std.Err.,z,P>|z|,P>|z| (adj)
1 to 3 - 2 to 4,0.06254290390110454,2.1107818943044077,0.0296302067351753,0.9763619743939589,0.9763619743939589
1 to 3 - 3 to 5,2.9280440698054435,2.2031584712017334,1.329021088622969,0.1838410124634713,0.6945717827310536
1 to 3 - 4 to 6,2.072987828356535,2.08729364283294,0.9931462377008973,0.3206386937789607,0.7869884119974533
2 to 4 - 3 to 5,2.865501165904339,2.134099478569748,1.3427214591818226,0.17936218344054522,0.6945717827310536
2 to 4 - 4 to 6,2.01044492445543,2.1294969058853486,0.9440938462503086,0.34512169370348866,0.7869884119974533
3 to 5 - 4 to 6,-0.8550562414489087,2.157822070141007,-0.3962589192504799,0.6919140297157023,0.9050830349139828
