Contrast,Coef,Std.Err.,z,P>|z|,P>|z| (adj)
1 to 3 - 2 to 4,-0.7744481107273129,7.952068185544367,-0.0973895208966065,0.9224170662829616,0.9922078603398421
1 to 3 - 3 to 5,1.3145819155145966,8.058665938434038,0.16312649333743776,0.8704188405163928,0.9922078603398421
1 to 3 - 4 to 6,-6.795810579981028,7.939801273086455,-0.8559169614253177,0.3920437123364682,0.9169457669607902
2 to 4 - 3 to 5,2.0890300262419093,8.319968360069879,0.251086294542635,0.8017473919293829,0.9922078603398421
2 to 4 - 4 to 6,-6.021362469253715,8.208715345411806,-0.7335328630465066,0.4632334917652572,0.916987854215999
3 to 5 - 4 to 6,-8.110392495495624,8.250266533469233,-0.9830461188852293,0.3255847409471109,0.9059054808090842
