Contrast,Coef,Std.Err.,z,P>|z|,P>|z| (adj)
1 to 3 - 2 to 4,0.24719116087949738,0.3443419468157484,0.7178653752915128,0.4728402988797882,0.9227730625933331
1 to 3 - 3 to 5,0.24151774589958036,0.367585412801657,0.6570384391991619,0.5111562005007553,0.9227730625933331
1 to 3 - 4 to 6,-0.138561975841415,0.35998144582818864,-0.38491421557195377,0.7003009733578998,0.9227730625933331
2 to 4 - 3 to 5,-0.005673414979917024,0.3235982958178914,-0.017532277064616564,0.9860119834259073,0.9860119834259073
2 to 4 - 4 to 6,-0.3857531367209124,0.3192785560198546,-1.2082024597258703,0.2269693958844874,0.7866070204971588
3 to 5 - 4 to 6,-0.38007972174099536,0.3342366438233385,-1.1371575462021672,0.2554724307953615,0.7866070204971588
