Contrast,Coef,Std.Err.,z,P>|z|,P>|z| (adj)
1 to 3 - 2 to 4,-2.435221789176318,3.9818196421626566,-0.6115851565425674,0.5408122612798554,0.9906256384835799
1 to 3 - 3 to 5,-0.7086178500684204,3.960605360890703,-0.17891655075401375,0.8580032268560034,0.9960506731879303
1 to 3 - 4 to 6,-1.3434418237011734,3.9461055140576917,-0.3404475169037592,0.7335195400875332,0.9960506731879303
2 to 4 - 3 to 5,1.7266039391078976,4.043820253222469,0.42697346345500614,0.6693986560382841,0.9960506731879303
2 to 4 - 4 to 6,1.0917799654751446,3.994061377538298,0.2733508232034363,0.7845835510607757,0.9960506731879303
3 to 5 - 4 to 6,-0.634823973632753,3.9540872669820537,-0.16054880197858676,0.8724487817462865,0.9960506731879303
