Contrast,Coef,Std.Err.,z,P>|z|,P>|z| (adj)
1 to 3 - 2 to 4,-4.96920092848401,4.463079275602939,-1.113401896230646,0.2655358609653451,0.786276154954547
1 to 3 - 3 to 5,1.5079145423670042,4.6439466225976656,0.3247053992889195,0.7454040478676385,0.9629751159189132
1 to 3 - 4 to 6,-0.4548028815709331,4.40666670725575,-0.10320791468573792,0.9177979584486722,0.9629751159189132
2 to 4 - 3 to 5,6.477115470851015,4.503551058074006,1.4382240563785293,0.150370491670196,0.6238357449426458
2 to 4 - 4 to 6,4.514398046913077,4.4984133708911775,1.0035534031010434,0.31559392409611187,0.786276154954547
3 to 5 - 4 to 6,-1.9627174239379372,4.557282376879761,-0.43067715836422515,0.6667031295229915,0.9629751159189132
