Contrast,Coef,Std.Err.,z,P>|z|,P>|z| (adj)
1 to 3 - 2 to 4,1.9394548343977962,0.5949963794803477,3.2596077913812835,0.0011156637704856642,0.006675339788413304
1 to 3 - 3 to 5,1.784936620659274,0.577659063626917,3.0899482636908493,0.002001913632915242,0.009969571732220963
1 to 3 - 4 to 6,1.188163469508255,0.5784928887704008,2.0538946849177737,0.03998588587455543,0.15060348979888835
2 to 4 - 3 to 5,-0.15451821373852215,0.5848245445778661,-0.26421294244764537,0.7916158386940566,0.7916158386940566
2 to 4 - 4 to 6,-0.7512913648895412,0.5832670462854777,-1.2880744243552287,0.19772005725060904,0.48361002253625296
3 to 5 - 4 to 6,-0.596773151151019,0.575784424430364,-1.0364524044592203,0.2999911330752718,0.5099875862267582
