Contrast,Coef,Std.Err.,z,P>|z|,P>|z| (adj)
1 to 3 - 2 to 4,0.07973472766437069,2.181626765567894,0.03654828998378883,0.9708451745692825,0.9994470717307061
1 to 3 - 3 to 5,-0.527430511277402,2.1150069185602303,-0.24937531251029904,0.8030704797979646,0.9994470717307061
1 to 3 - 4 to 6,0.46721135224987714,2.1182131785036717,0.22056861745139372,0.8254283388793975,0.9994470717307061
2 to 4 - 3 to 5,-0.6071652389417728,2.1425524493732455,-0.28338407263700127,0.7768824363895648,0.9994470717307061
2 to 4 - 4 to 6,0.38747662458550647,2.1365665448168762,0.1813548122456054,0.8560890852823655,0.9994470717307061
3 to 5 - 4 to 6,0.9946418635272791,2.107797625011784,0.4718867939334159,0.6370075947427256,0.9977123729069497
