Contrast,Coef,Std.Err.,z,P>|z|,P>|z| (adj)
1 to 3 - 2 to 4,1.2893027117826705,4.663133185577447,0.2764885025738361,0.7821728892253723,0.9525513498115781
1 to 3 - 3 to 5,-5.051721659149412,5.410010934870575,-0.9337729109914018,0.3504210457562418,0.725908329875598
1 to 3 - 4 to 6,-5.501692822090367,4.97896283869376,-1.1049877254222982,0.26916490785159053,0.7147158983305024
2 to 4 - 3 to 5,-6.341024370932082,4.485042675385336,-1.4138158385276207,0.1574159819066372,0.575315816925039
2 to 4 - 4 to 6,-6.790995533873037,4.214443425004173,-1.611362367230333,0.10710076457727613,0.49322555521878464
3 to 5 - 4 to 6,-0.4499711629409546,4.4849776030130055,-0.1003285195089189,0.920083516422777,0.9525513498115781
