Contrast,A,B,Paired,Parametric,T,dof,alternative,p-unc,p-corr,p-adjust,BF10,cohen,ci_lower,ci_upper
condition,1 to 3,2 to 4,True,True,-1.1034202963853945,23.0,two-sided,0.2812561844064969,0.5625123688129938,fdr_bh,0.37,-0.24193416934192968,-0.6528195768021652,0.20235012713969885
condition,1 to 3,3 to 5,True,True,0.14420700411618834,23.0,two-sided,0.8865931422663476,0.9411363889894582,fdr_bh,0.217,0.029587837010548252,-0.3929182963672365,0.45179055927058565
condition,1 to 3,4 to 6,True,True,-0.07465290006589242,23.0,two-sided,0.9411363889894582,0.9411363889894582,fdr_bh,0.215,-0.014969295620812196,-0.4375259386968456,0.4070490198667754
condition,2 to 4,3 to 5,True,True,1.3779675731685836,23.0,two-sided,0.18147313074217306,0.5625123688129938,fdr_bh,0.496,0.2708940924492651,-0.14925749642772157,0.711810402488434
condition,2 to 4,4 to 6,True,True,1.3583679252215566,23.0,two-sided,0.18752243854244527,0.5625123688129938,fdr_bh,0.484,0.2248900263328008,-0.15302682671700918,0.7075782100096542
condition,3 to 5,4 to 6,True,True,-0.22717411337141444,23.0,two-sided,0.8222954988721854,0.9411363889894582,fdr_bh,0.22,-0.04432611390394368,-0.4688616291067779,0.3761181856852542
