Contrast,A,B,Paired,Parametric,T,dof,alternative,p-unc,p-corr,p-adjust,BF10,cohen,ci_lower,ci_upper
condition,1 to 3,2 to 4,True,True,-0.8444309017274938,14.0,two-sided,0.4126265234224604,0.8252530468449208,fdr_bh,0.357,-0.24228168849205384,-0.7241250966888916,0.31488774316465407
condition,1 to 3,3 to 5,True,True,0.21412127913072687,14.0,two-sided,0.8335397114296902,0.9708451462581719,fdr_bh,0.268,0.06285114949452157,-0.41918464997832966,0.6114945932245877
condition,1 to 3,4 to 6,True,True,0.37064186734454024,14.0,two-sided,0.7164521116262512,0.9708451462581719,fdr_bh,0.279,0.07405596693286377,-0.37480243083997994,0.6236150009342242
condition,2 to 4,3 to 5,True,True,1.188693869076296,14.0,two-sided,0.25433300820930443,0.7629990246279134,fdr_bh,0.477,0.3146335071178331,-0.19029288267841654,0.9093299692479746
condition,2 to 4,4 to 6,True,True,1.3908145296875563,14.0,two-sided,0.18599357932655583,0.7629990246279134,fdr_bh,0.587,0.33400247601124,-0.21780021268521865,0.8764378227706976
condition,3 to 5,4 to 6,True,True,0.03720718874862682,14.0,two-sided,0.9708451462581719,0.9708451462581719,fdr_bh,0.263,0.009185000991718999,-0.4961344463082808,0.5699532247014091
