{
  "analysis_id": "decrease_by_3",
  "date_analyzed": "2025-10-17T00:57:21.307743",
  "baseline_ms": [
    -100,
    0
  ],
  "response_filter": "ALL",
  "fal_fraction": 0.5,
  "n_subjects_total": 24,
  "n_evokeds_included": 72,
  "conditions": [
    "4 to 1",
    "5 to 2",
    "6 to 3"
  ],
  "components": {
    "P1": {
      "collapsed_peak_latency_ms": 112.0,
      "peak_gfp_amplitude": 1.2609369762150286,
      "fwhm_ms": 33.387821512498476,
      "window_start_ms": 95.78266521523119,
      "window_end_ms": 129.17048672772967,
      "search_range_ms": [
        60.0,
        120.0
      ],
      "method": "GFP_collapsed_localizer",
      "n_subjects": 72,
      "n_conditions": 3
    },
    "N1": {
      "collapsed_peak_latency_ms": 180.0,
      "peak_gfp_amplitude": -4.042866533275102,
      "fwhm_ms": 75.14762935157322,
      "window_start_ms": 145.95305359742636,
      "window_end_ms": 221.10068294899958,
      "search_range_ms": [
        125.0,
        200.0
      ],
      "method": "GFP_collapsed_localizer",
      "n_subjects": 72,
      "n_conditions": 3
    },
    "P3b": {
      "collapsed_peak_latency_ms": 464.0,
      "peak_gfp_amplitude": 3.315694481928871,
      "fwhm_ms": 151.9638388663285,
      "window_start_ms": 379.1989174706738,
      "window_end_ms": 531.1627563370023,
      "search_range_ms": [
        320.0,
        590.0
      ],
      "method": "GFP_collapsed_localizer",
      "n_subjects": 72,
      "n_conditions": 3
    }
  }
}