Source,SS,DF,MS,F,p-unc,ng2,eps
condition,363.0,1,363.0,6.1525423728813555,0.02087461461319141,0.08050565535595476,1.0
Error,1357.0,23,59.0,,,,
