Source,SS,DF,MS,F,p-unc,ng2,eps
condition,174.22222222222177,1,174.22222222222177,7.192660550458699,0.027843311606420316,0.1999999999999996,1.0
Error,193.77777777777771,8,24.222222222222214,,,,
