Source,SS,DF,MS,F,p-unc,ng2,eps
condition,0.9947436809543284,1,0.9947436809543284,0.5114202091253768,0.4817215685455447,0.0039540738101350534,1.0
Error,44.73641098594257,23,1.9450613472148943,,,,
