Source,SS,DF,MS,F,p-unc,ng2,eps
condition,0.10709692639840937,1,0.10709692639840937,0.07224643650666154,0.7909905503086198,0.0008658053339136116,1.0
Error,28.165286759605834,19,1.4823835136634649,,,,
