Source,SS,DF,MS,F,p-unc,ng2,eps
condition,397.88672593334843,1,397.88672593334843,5.677021457223481,0.048692032241607314,0.1355525216294568,1.0
Error,490.61063138831764,7,70.08723305547394,,,,
