Source,SS,DF,MS,F,p-unc,ng2,eps
condition,507.0,1,507.0,0.3824156363755616,0.5423894670353733,0.009217343877829288,1.0
Error,30493.0,23,1325.7826086956522,,,,
