Source,SS,DF,MS,F,p-unc,ng2,eps
condition,161.33333333333377,1,161.33333333333377,3.180571428571439,0.08772173727165669,0.04390420899854874,1.0
Error,1166.666666666666,23,50.72463768115939,,,,
