Source,SS,DF,MS,F,p-unc,ng2,eps
condition,0.011273242901984278,1,0.011273242901984278,0.004607399148731022,0.9464695357292849,5.7326754036403656e-05,1.0
Error,56.275694459215885,23,2.4467693243137343,,,,
