Source,SS,DF,MS,F,p-unc,ng2,eps
condition,341.3333333333309,1,341.3333333333309,2.5869947275922476,0.1213865270010471,0.025457438345266332,1.0
Error,3034.666666666668,23,131.9420289855073,,,,
