Source,SS,DF,MS,F,p-unc,ng2,eps
condition,1.4935150867486149,1,1.4935150867486149,0.7100244220969631,0.4099179940527924,0.008081828918147385,1.0
Error,39.96593041745888,19,2.10347002197152,,,,
