condition,count,mean,std,min,25%,50%,75%,max,sem
Decrease by 1 (Correct),24.0,-0.9985248080569319,1.4038369353295002,-4.557464702801044,-2.15779916642233,-0.6722824471169204,-0.2509399459196825,1.1552820719050232,0.2865570144691485
Decrease by 1 (Incorrect),24.0,-1.0291750431049491,2.564898384962874,-8.15729506349936,-2.3072399245465176,-0.9042003696848059,0.6620441467549222,3.1557827155850515,0.5235576904373084
