condition,count,mean,std,min,25%,50%,75%,max,sem
Decrease by 1 (Correct),22.0,176.36363636363637,12.276750983815493,152.0,168.0,174.0,180.0,204.0,2.6174121042689076
Decrease by 1 (Incorrect),22.0,170.54545454545453,17.52475058643869,144.0,154.0,176.0,187.0,192.0,3.7362893789821334
