Contrast,Coef,Std.Err.,z,P>|z|,P>|z| (adj)
Decrease by 1 (Correct) - Decrease by 1 (Incorrect),1.6046456099110644,0.5576952498554608,2.8772803970034606,0.004011189943358584,0.004011189943358583
