Contrast,Coef,Std.Err.,z,P>|z|,P>|z| (adj)
Decrease by 1 (Correct) - Decrease by 1 (Incorrect),5.84570648088475,2.166577650959178,2.698129226200023,0.006973036644957853,0.006973036644957853
