Contrast,Coef,Std.Err.,z,P>|z|,P>|z| (adj)
Decrease by 1 (Correct) - Decrease by 1 (Incorrect),-8.226351652145159,4.2079464836644,-1.9549563389364726,0.05058822387064876,0.05058822387064877
