Contrast,Coef,Std.Err.,z,P>|z|,P>|z| (adj)
Decrease by 1 (Correct) - Decrease by 1 (Incorrect),-1.4720372069836076,0.42857966956435056,-3.4346874374137424,0.0005932376475294987,0.0005932376475294988
