Contrast,Coef,Std.Err.,z,P>|z|,P>|z| (adj)
Decrease by 1 (Correct) - Decrease by 1 (Incorrect),0.4120705188815481,2.1293166806479698,0.19352242089051377,0.8465498486029277,0.8465498486029277
