Source,SS,DF,MS,F,p-unc,ng2,eps
condition,10.947045902347881,2,5.4735229511739405,6.437398689133897,0.015966646891883162,0.24443176852252674,0.968084166936705
Error,8.502693736233947,10,0.8502693736233947,,,,
