Source,SS,DF,MS,F,p-unc,ng2,eps
condition,491.7894736842112,2,245.8947368421056,2.5080324479083878,0.09555934525947704,0.03165311653116535,0.7745521945150023
Error,3529.5438596491203,36,98.04288499025334,,,,
