Source,SS,DF,MS,F,p-unc,ng2,eps
condition,14.316466280149605,2,7.1582331400748025,4.746450147250001,0.013365013095529382,0.03709622436317895,0.9960277665900181
Error,69.37368227373429,46,1.508123527689876,,,,
