Source,SS,DF,MS,F,p-unc,ng2,eps
condition,738.6666666666667,2,369.33333333333337,8.393939393939398,0.01825332762851197,0.4162283996994741,0.7117647058823559
Error,263.9999999999999,6,43.99999999999998,,,,
