condition,count,mean,std,min,25%,50%,75%,max,sem
Small Ratio 0.33 (1:3),24.0,173.66666666666666,17.3322184702781,144.0,164.0,172.0,185.0,212.0,3.537924280218614
Small Ratio 0.5 (1:2),24.0,177.16666666666666,17.514383323097785,144.0,171.0,174.0,184.0,212.0,3.575108525091732
Small Ratio 0.67 (2:3),24.0,174.66666666666666,20.956822416509176,144.0,160.0,174.0,185.0,212.0,4.277793462547318
