condition,count,mean,std,min,25%,50%,75%,max,sem
Small Ratio 0.33 (1:3),24.0,105.83333333333333,12.426012920540895,88.0,95.0,110.0,117.0,120.0,2.5364492660463474
Small Ratio 0.5 (1:2),24.0,106.66666666666667,13.170014250649801,88.0,92.0,110.0,120.0,120.0,2.6883179016062475
Small Ratio 0.67 (2:3),24.0,103.5,11.332907067857551,88.0,95.0,100.0,113.0,120.0,2.3133199682193375
