condition,count,mean,std,min,25%,50%,75%,max,sem
Small Ratio 0.33 (1:3),8.0,-2.7289579667353454,1.4604938458738908,-4.259200141675066,-3.919550172048766,-3.1329524780492797,-1.5495498223034554,-0.4779449073555026,0.5163625511493243
Small Ratio 0.5 (1:2),12.0,-2.1822130125311987,1.407185920538383,-4.973864690156646,-2.7678946748691398,-1.900003456056538,-1.1209283949033415,-0.5916988125219761,0.4062195850113433
Small Ratio 0.67 (2:3),13.0,-2.2764528649322373,1.2176567738551256,-4.983573217685134,-2.3497054723941626,-2.068245206502551,-1.5070953703385206,-0.8277976346962624,0.3377172256962088
