Contrast,Coef,Std.Err.,z,P>|z|,P>|z| (adj)
Small Ratio 0.33 (1:3) - Small Ratio 0.5 (1:2),-0.4821274619348145,3.4888701674168265,-0.1381901414496555,0.890090146328371,0.890090146328371
Small Ratio 0.33 (1:3) - Small Ratio 0.67 (2:3),2.650114407123224,3.483106007619074,0.760848048071539,0.44674783192411116,0.7440285171599681
Small Ratio 0.5 (1:2) - Small Ratio 0.67 (2:3),3.1322418690580385,3.4581385452706415,0.905759508490977,0.36506315725997096,0.7440285171599681
