Contrast,Coef,Std.Err.,z,P>|z|,P>|z| (adj)
Small Ratio 0.33 (1:3) - Small Ratio 0.5 (1:2),-0.5410448689067664,0.3456411462737793,-1.5653369824153098,0.11750391599741317,0.31271263374418157
Small Ratio 0.33 (1:3) - Small Ratio 0.67 (2:3),-0.00919136854841711,0.34283207115261444,-0.026810118777730978,0.9786111825024888,0.9786111825024888
Small Ratio 0.5 (1:2) - Small Ratio 0.67 (2:3),0.5318535003583493,0.3567053953594049,1.49101613622208,0.1359572584707811,0.31271263374418157
