Contrast,Coef,Std.Err.,z,P>|z|,P>|z| (adj)
Small Ratio 0.33 (1:3) - Small Ratio 0.5 (1:2),-0.23627638162991782,0.3990819996233416,-0.5920497087137939,0.5538173022180635,0.5538173022180635
Small Ratio 0.33 (1:3) - Small Ratio 0.67 (2:3),0.576726030816944,0.399068798844306,1.445179458998371,0.14840748452499186,0.274790187586948
Small Ratio 0.5 (1:2) - Small Ratio 0.67 (2:3),0.8130024124468618,0.40095033990646445,2.027688547755123,0.04259204521229809,0.12241115416678985
