Contrast,Coef,Std.Err.,z,P>|z|,P>|z| (adj)
Small Ratio 0.33 (1:3) - Small Ratio 0.5 (1:2),-0.24297245872951,0.977117253429772,-0.24866254062821447,0.8036218270559132,0.8036218270559132
Small Ratio 0.33 (1:3) - Small Ratio 0.67 (2:3),2.2060423800170605,1.19059536546768,1.8528901119571393,0.06389811066514572,0.12371325278371623
Small Ratio 0.5 (1:2) - Small Ratio 0.67 (2:3),2.4490148387465704,1.0946629011514801,2.237231969924661,0.025271182888629617,0.07391378961548811
