Contrast,Coef,Std.Err.,z,P>|z|,P>|z| (adj)
Small Ratio 0.33 (1:3) - Small Ratio 0.5 (1:2),6.214119583285194,5.331019386306656,1.165653158052076,0.24375470606508887,0.567498064578539
Small Ratio 0.33 (1:3) - Small Ratio 0.67 (2:3),2.1618899025071197,5.2457159074974316,0.41212485400081267,0.6802479125225307,0.6802479125225307
Small Ratio 0.5 (1:2) - Small Ratio 0.67 (2:3),-4.052229680778074,4.089119260215635,-0.9909786002583805,0.3216960298041207,0.567498064578539
