Contrast,A,B,Paired,Parametric,T,dof,alternative,p-unc,p-corr,p-adjust,BF10,cohen,ci_lower,ci_upper
condition,Small Ratio 0.33 (1:3),Small Ratio 0.5 (1:2),True,True,-0.9458595057133129,3.0,two-sided,0.4140003890373278,0.6850370250956695,fdr_bh,0.593,-0.5733858706502588,-0.8928514572704029,0.6501346679868802
condition,Small Ratio 0.33 (1:3),Small Ratio 0.67 (2:3),True,True,-0.8522828685999511,3.0,two-sided,0.45669135006377964,0.6850370250956695,fdr_bh,0.562,-0.6547133068338015,-0.5907208339439728,0.959636988493206
condition,Small Ratio 0.5 (1:2),Small Ratio 0.67 (2:3),True,True,-0.12869736793594252,3.0,two-sided,0.9057403889930573,0.9057403889930573,fdr_bh,0.431,-0.12498013943641409,-1.0864935182653168,1.4133624071711357
