Contrast,A,B,Paired,Parametric,T,dof,alternative,p-unc,p-corr,p-adjust,BF10,cohen,ci_lower,ci_upper
condition,Small Ratio 0.33 (1:3),Small Ratio 0.5 (1:2),True,True,-0.233890134862494,23.0,two-sided,0.8171396038381316,0.8171396038381316,fdr_bh,0.22,-0.06508678174596463,-0.4702461439740573,0.3747608962600817
condition,Small Ratio 0.33 (1:3),Small Ratio 0.67 (2:3),True,True,0.6786486247420853,23.0,two-sided,0.504132457088118,0.7561986856321771,fdr_bh,0.265,0.19620990331716703,-0.28575538373566933,0.5628125246122774
condition,Small Ratio 0.5 (1:2),Small Ratio 0.67 (2:3),True,True,0.8710625039408632,23.0,two-sided,0.3927215289265297,0.7561986856321771,fdr_bh,0.302,0.2577491601164332,-0.24778240822199551,0.6033921863430248
