Contrast,A,B,Paired,Parametric,T,dof,alternative,p-unc,p-corr,p-adjust,BF10,cohen,ci_lower,ci_upper
condition,Small Ratio 0.33 (1:3),Small Ratio 0.5 (1:2),True,True,1.1028219331407116,5.0,two-sided,0.32033422940781897,0.45602111641350673,fdr_bh,0.588,0.6697051466046116,-0.46174845590739627,0.9940847445429266
condition,Small Ratio 0.33 (1:3),Small Ratio 0.67 (2:3),True,True,1.118033988749895,5.0,two-sided,0.3143726376470169,0.45602111641350673,fdr_bh,0.595,0.6123724356957945,-0.6463045281978168,1.5591754573730938
condition,Small Ratio 0.5 (1:2),Small Ratio 0.67 (2:3),True,True,-0.8075728530872482,5.0,two-sided,0.45602111641350673,0.45602111641350673,fdr_bh,0.483,-0.2005354761926085,-0.851388025766662,0.6884954332915882
