Contrast,A,B,Paired,Parametric,T,dof,alternative,p-unc,p-corr,p-adjust,BF10,cohen,ci_lower,ci_upper
condition,Small Ratio 0.33 (1:3),Small Ratio 0.5 (1:2),True,True,-1.298199580268644,23.0,two-sided,0.20708638796284046,0.4565851431294926,fdr_bh,0.452,-0.30753620838757323,-0.6946059064602532,0.1646181471346747
condition,Small Ratio 0.33 (1:3),Small Ratio 0.67 (2:3),True,True,-1.0505250381212914,23.0,two-sided,0.3043900954196617,0.4565851431294926,fdr_bh,0.352,-0.26059309328440544,-0.6415271833710081,0.21265213246850634
condition,Small Ratio 0.5 (1:2),Small Ratio 0.67 (2:3),True,True,0.22036245900278398,23.0,two-sided,0.8275331826253948,0.8275331826253948,fdr_bh,0.219,0.05423697092075207,-0.37749520690880783,0.4674578040791075
