Source,SS,DF,MS,F,p-unc,ng2,eps
condition,4.800000000000001,4,1.2000000000000002,0.2941176470588213,0.8806746239995334,0.015009380863039401,0.8749065630139032
Error,244.8000000000019,60,4.080000000000031,,,,
