condition,count,mean,std,min,25%,50%,75%,max,sem
3a,5.0,100.0,8.0,88.0,96.0,104.0,104.0,108.0,3.5777087639996634
3b,10.0,98.8,11.003029885748138,88.0,89.0,96.0,106.0,116.0,3.4794635601866366
3c,10.0,95.6,11.226951698677807,88.0,88.0,90.0,96.0,116.0,3.5502738548518256
3d,4.0,111.0,7.571877794400365,100.0,109.0,114.0,116.0,116.0,3.785938897200182
3e,12.0,99.66666666666667,10.848823424545618,88.0,91.0,96.0,109.0,116.0,3.1317855622760655
