condition,count,mean,std,min,25%,50%,75%,max,sem
3a,23.0,4.840025071912716,3.173757690802933,-3.488434010041699,2.7344055535684237,4.629105485663495,6.407835639537624,11.867946004709774,0.6617742252569081
3b,19.0,4.832123032307911,2.898977984123713,-0.3293356018852652,2.80494790912158,5.315090341560442,6.560890914826853,10.860187932724507,0.6650711617023435
3c,23.0,4.010268227336012,3.25848861264731,-1.51997032277354,1.6312405273255832,3.6817634833827926,6.038150763046911,11.339440316436336,0.6794418437778043
3d,20.0,6.527868811109698,4.506141735445179,-1.04641713383765,2.8510320352031053,5.927800116245463,10.018728375312174,17.68285696696785,1.0076039236704295
3e,24.0,5.16291171562839,4.888100158926536,-3.655209396823942,2.1620046362350194,4.682142361390655,8.101075272723419,16.5912060514479,0.9977792667489477
