condition,count,mean,std,min,25%,50%,75%,max,sem
3a,23.0,2.1780920506327526,4.171251138683687,-5.849457474490476,-0.17003270761063133,2.2043881420335665,5.039937322000095,10.371515612120858,0.8697659870675348
3b,19.0,2.63176229920322,5.881934849596303,-6.087578322827114,-0.7689833993529509,1.631766292063065,4.3707677095426,14.240844587105649,1.3494084000989681
3c,23.0,1.5578545639810915,3.3049367953979916,-5.031292411701783,0.14092147025633978,0.8580135135976854,3.87389148103937,8.410213360331692,0.6891269593880787
3d,20.0,1.6270317667706706,3.8620810898012157,-7.127574679873804,0.23454613399251473,1.7123444327501847,3.3394884761478227,10.32060214059248,0.8635875851411988
3e,24.0,2.5936176956287853,5.093119920667531,-10.80233720773766,0.05263791887807456,2.303964976766589,4.837628362127043,14.48852217203018,1.0396287503699826
