condition,count,mean,std,min,25%,50%,75%,max,sem
3a,9.0,7.396241470912347,2.4406684088637594,2.465225342795612,6.356255589985748,7.656905351619667,9.609054595684364,9.901430719423356,0.8135561362879198
3b,9.0,8.514391365002425,2.6337201988925854,4.164897671920423,7.948305403379322,8.139585935568713,9.502366300098512,13.794945363333124,0.8779067329641951
3c,15.0,8.574352057422924,5.177813658662881,2.3629945493781324,5.487098118963505,8.375092725084816,10.055984655915356,20.181017408155345,1.3369057379844422
3d,5.0,7.091710091114439,2.0706575326810155,4.364095383608679,6.673009938739184,6.925643019927041,7.329841932418152,10.16596018087914,0.9260262002393487
3e,15.0,10.621277445808433,5.679737041709765,2.752665435380194,6.522732183090301,8.972409756793551,14.463307024371021,22.08298465889923,1.4665017982252868
