Source,SS,DF,MS,F,p-unc,ng2,eps
condition,113.71575107206971,6,18.952625178678286,9.400897011803258,1.3101510780988968e-07,0.19799938517675394,0.49137531158626474
Error,145.15519222809615,72,2.0160443365013356,,,,
