condition,count,mean,std,min,25%,50%,75%,max,sem
Cardinality (no change),24.0,463.1666666666667,25.48941240844002,416.0,447.0,462.0,477.0,516.0,5.203004520337009
Decrease by 1,24.0,486.6666666666667,36.46399852465164,416.0,462.0,498.0,516.0,528.0,7.443182530582927
Decrease by 2,24.0,468.6666666666667,29.100525419829538,416.0,448.0,468.0,478.0,532.0,5.940119877122798
Decrease by 3,24.0,477.1666666666667,33.246989620724754,416.0,456.0,478.0,501.0,532.0,6.7865133378653395
Increase by 1,24.0,479.6666666666667,37.14913149744544,416.0,450.0,480.0,514.0,532.0,7.5830347130246745
Increase by 2,24.0,483.6666666666667,32.06334310415077,428.0,460.0,488.0,504.0,532.0,6.54490250441292
Increase by 3,24.0,474.0,38.69164610430615,416.0,446.0,470.0,505.0,532.0,7.8978991886578855
