condition,count,mean,std,min,25%,50%,75%,max,sem
Cardinality (no change),24.0,-1.2783099590839992,1.377175998858071,-4.829525362126649,-2.088500203428155,-1.010017973129833,-0.21644024381749552,0.552439405798367,0.2811148736008352
Decrease by 1,24.0,-0.9835661754150117,1.5184873115796027,-5.357427005178447,-1.7522507907590967,-0.8649843942107303,-0.10055867731823781,1.168908363982345,0.3099599245217201
Decrease by 2,24.0,-1.381577642186348,1.2873303624847456,-4.58377967098092,-1.8585780124839673,-1.2447222063108314,-0.9087348192860604,2.0401008053926835,0.2627752098733113
Decrease by 3,24.0,-1.7211821390390263,1.867593621184886,-6.667448426349377,-2.473900881477884,-1.4928812707786683,-0.9329529839820849,1.692152808138402,0.3812209515649726
Increase by 1,24.0,-0.9977477757440761,1.0051151766275972,-3.282802871572577,-1.5188121378907735,-0.884482195206466,-0.48062358697824925,0.4598761164581413,0.20516827628875015
Increase by 2,24.0,-0.9412787641963755,1.2693705271100535,-4.171886942862197,-1.245380868135515,-0.6521025207805532,-0.12999594370563444,0.9155488051392714,0.25910917382894605
Increase by 3,24.0,-0.9704686735244552,1.346924969849714,-3.8711103911926936,-1.5578483804658143,-0.9779320417411218,-0.24941032818587858,1.994544169629086,0.27493990816211794
