{
  "analysis_id": "increase_by_3_ACC0_ACC1",
  "date_analyzed": "2025-11-03T15:16:17.144317",
  "baseline_ms": [
    -100,
    0
  ],
  "response_filter": "MIXED",
  "fal_fraction": 0.5,
  "n_subjects_total": 24,
  "n_evokeds_included": 45,
  "conditions": [
    "Increase by 3 (Incorrect)",
    "Increase by 3 (Correct)"
  ],
  "components": {
    "P1": {
      "collapsed_peak_latency_ms": 100.0,
      "peak_gfp_amplitude": 0.2394763146679697,
      "fwhm_ms": 22.944751405505713,
      "window_start_ms": 87.79265527027252,
      "window_end_ms": 110.73740667577823,
      "search_range_ms": [
        60.0,
        120.0
      ],
      "method": "GFP_collapsed_localizer",
      "n_subjects": 45,
      "n_conditions": 2
    },
    "N1": {
      "collapsed_peak_latency_ms": 168.0,
      "peak_gfp_amplitude": -4.811036079651743,
      "fwhm_ms": 78.03025367170741,
      "window_start_ms": 134.58280979051293,
      "window_end_ms": 212.61306346222034,
      "search_range_ms": [
        125.0,
        200.0
      ],
      "method": "GFP_collapsed_localizer",
      "n_subjects": 45,
      "n_conditions": 2
    },
    "P3b": {
      "collapsed_peak_latency_ms": 480.0,
      "peak_gfp_amplitude": 2.337852748896802,
      "fwhm_ms": 194.95588170763847,
      "window_start_ms": 332.8542299250672,
      "window_end_ms": 527.8101116327057,
      "search_range_ms": [
        320.0,
        590.0
      ],
      "method": "GFP_collapsed_localizer",
      "n_subjects": 45,
      "n_conditions": 2
    },
    "Fz": {
      "collapsed_peak_latency_ms": 100.0,
      "peak_gfp_amplitude": -0.38098658240512573,
      "fwhm_ms": 24.942015692993095,
      "window_start_ms": 88.39496825498608,
      "window_end_ms": 113.33698394797918,
      "search_range_ms": [
        80.0,
        120.0
      ],
      "method": "GFP_collapsed_localizer",
      "n_subjects": 45,
      "n_conditions": 2
    }
  }
}