Source,SS,DF,MS,F,p-unc,p-GG-corr,ng2,eps,sphericity,W-spher,p-spher
condition,348.6666666666663,3,116.2222222222221,1.8638631503920147,0.1790788474376688,0.21125614945281498,0.14340553879901274,0.5915865500930331,False,0.005468049839978597,0.0023217856646040053
Error,935.3333333333335,15,62.35555555555557,,,,,,,,
