Source,SS,DF,MS,F,p-unc,ng2,eps
condition,258.0,3,86.0,0.8052434456928839,0.5103054464994238,0.08077645585472762,0.6766322831980109
Error,1602.0,15,106.8,,,,
