condition,count,mean,std,min,25%,50%,75%,max,sem
Crossover (with 1),17.0,99.52941176470588,10.380978079273307,84.0,92.0,100.0,108.0,112.0,2.517757006945023
Crossover (without 1),16.0,101.5,9.563820714895625,84.0,99.0,102.0,109.0,112.0,2.390955178723906
Small (with 1),11.0,94.9090909090909,10.894535744624875,84.0,84.0,92.0,102.0,112.0,3.2848261209123537
Small (without 1),13.0,96.92307692307692,11.905611691281962,84.0,84.0,92.0,112.0,112.0,3.302022570667743
