condition,count,mean,std,min,25%,50%,75%,max,sem
Crossover (with 1),19.0,4.551812417043359,2.426667346735358,0.980789538970647,2.7028286430157764,4.738481254741676,6.124789104307134,8.793061294838537,0.5567156702110211
Crossover (without 1),19.0,4.468498972666632,2.3514670095366506,0.9164524421109892,2.7228473699865234,4.509083217852881,6.3203765684405475,8.556999848635693,0.539463529665266
Small (with 1),19.0,4.932534711240304,2.9249456701592513,0.6265104490746631,2.893696394314718,3.9144477555399817,7.587704550396465,11.976561766815813,0.6710285574511068
Small (without 1),18.0,6.4870941740259935,3.295042614667105,1.817655573014439,4.112376470587253,6.289137833203862,8.720707563994877,13.696608421568234,0.7766489923765874
