Contrast,Coef,Std.Err.,z,P>|z|,P>|z| (adj)
Crossover (with 1) - Crossover (without 1),-0.014098684270058576,1.925907494096104,-0.007320540738990989,0.9941591057369061,0.9941591057369061
Crossover (with 1) - Small (with 1),1.927181698966611,2.0473372435351136,0.9413113081648281,0.3465453494439763,0.9134980371883328
Crossover (with 1) - Small (without 1),1.2038487652487904,2.1905500508107325,0.54956460127594,0.5826180439608224,0.9641268086890249
Crossover (without 1) - Small (with 1),1.9412803832366696,2.0134828174491366,0.9641405262628764,0.33497547699451324,0.9134980371883328
Crossover (without 1) - Small (without 1),1.217947449518849,2.1154765654351086,0.575731950624725,0.5647963757296672,0.9641268086890249
Small (with 1) - Small (without 1),-0.7233329337178207,2.1418291382333057,-0.3377173840834307,0.7355761730853583,0.9641268086890249
