Contrast,Coef,Std.Err.,z,P>|z|,P>|z| (adj)
Crossover (with 1) - Crossover (without 1),-0.7927643891012585,2.777292975734581,-0.28544499843109855,0.7753032370568678,0.9881085871359271
Crossover (with 1) - Small (with 1),1.2545349152398073,2.9417744021904855,0.42645517423282475,0.669776204718153,0.9881085871359271
Crossover (with 1) - Small (without 1),1.1314886201307939,3.1407831560550634,0.36025684165728405,0.7186550708064949,0.9881085871359271
Crossover (without 1) - Small (with 1),2.047299304341066,2.883156150241901,0.7100896370698806,0.47764855215797697,0.9796868714526886
Crossover (without 1) - Small (without 1),1.9242530092320522,3.044018317131359,0.6321423883695424,0.5272938390415476,0.9796868714526886
Small (with 1) - Small (without 1),-0.12304629510901344,3.1079311493894433,-0.03959106209067277,0.9684191532721074,0.9881085871359271
