Contrast,Coef,Std.Err.,z,P>|z|,P>|z| (adj)
Crossover (with 1) - Crossover (without 1),-0.07787229909516477,0.38410999892895287,-0.20273437117571227,0.8393426566857116,0.8393426566857116
Crossover (with 1) - Small (with 1),-0.493425864648136,0.38635626814760027,-1.2771265935813205,0.20155755746867077,0.49098469175381565
Crossover (with 1) - Small (without 1),-2.4600682760069255,0.42201253993394305,-5.829372455121821,5.563620231185951e-09,3.0207633347532464e-08
Crossover (without 1) - Small (with 1),-0.4155535655529712,0.3866396997697145,-1.0747824545706972,0.2824721375409194,0.49098469175381565
Crossover (without 1) - Small (without 1),-2.3821959769117607,0.4074899212797718,-5.846024287987746,5.034605621290211e-09,3.0207633347532464e-08
Small (with 1) - Small (without 1),-1.9666424113587895,0.4105095183440046,-4.790735228971608,1.6617128471008158e-06,6.6468348206841e-06
