Contrast,Coef,Std.Err.,z,P>|z|,P>|z| (adj)
Crossover (with 1) - Crossover (without 1),-0.1269764534981589,0.3074237904155364,-0.413033920785793,0.6795817615664514,0.8622977911202041
Crossover (with 1) - Small (with 1),-0.27654170674963846,0.30935639207138954,-0.8939259502542346,0.37136151222001823,0.7515706516018893
Crossover (with 1) - Small (without 1),-1.3092236356592082,0.3368421539840724,-3.886757106181891,0.00010159231675954672,0.0006093991065439975
Crossover (without 1) - Small (with 1),-0.14956525325147957,0.3094980640165601,-0.48325101394972503,0.6289175174172246,0.8622977911202041
Crossover (without 1) - Small (without 1),-1.1822471821610492,0.3258005546477027,-3.628745148821021,0.0002848022213972623,0.0014232002149099365
Small (with 1) - Small (without 1),-1.0326819289095697,0.3277154179225014,-3.151154545782706,0.001626264147078782,0.006489205375015392
