Contrast,Coef,Std.Err.,z,P>|z|,P>|z| (adj)
Crossover (with 1) - Crossover (without 1),-0.15979368724190918,0.25649633297530877,-0.6229862446309963,0.5332935611031258,0.5332935611031258
Crossover (with 1) - Small (with 1),-0.5329843375483636,0.27178127571157995,-1.9610782095010029,0.04986990022599458,0.14227270662071737
Crossover (with 1) - Small (without 1),-1.3652179975965342,0.27966747338661163,-4.881575898207012,1.0524140230394607e-06,6.314467524630938e-06
Crossover (without 1) - Small (with 1),-0.37319065030645443,0.2644464095034274,-1.4112146616292691,0.1581813283028719,0.29134132398208284
Crossover (without 1) - Small (without 1),-1.205424310354625,0.2683564595892536,-4.49187737906383,7.059806921061451e-06,3.529853620008829e-05
Small (with 1) - Small (without 1),-0.8322336600481706,0.2802921519259141,-2.969165045577672,0.0029861016368912807,0.011891012156060645
