Contrast,Coef,Std.Err.,z,P>|z|,P>|z| (adj)
Crossover (with 1) - Crossover (without 1),0.12451254863151476,0.23782277767233684,0.5235518222861875,0.6005902980594084,0.7389078111655141
Crossover (with 1) - Small (with 1),0.2964571358702384,0.2581814303633587,1.1482511947238472,0.2508648805508076,0.6850507133077788
Crossover (with 1) - Small (without 1),0.5560199463260079,0.3034325157542618,1.8324336300738018,0.06688684148369939,0.339905851857797
Crossover (without 1) - Small (with 1),0.17194458723872366,0.2485267977760646,0.6918553201399817,0.4890281917419652,0.7389078111655141
Crossover (without 1) - Small (without 1),0.4315073976944932,0.28710890707902764,1.5029397801849436,0.13285457363939335,0.5097024884358998
Small (with 1) - Small (without 1),0.2595628104557695,0.25777272874107326,1.006944418532708,0.31396148482759867,0.6850507133077788
