Contrast,A,B,Paired,Parametric,T,dof,alternative,p-unc,p-corr,p-adjust,BF10,cohen,ci_lower,ci_upper
condition,Crossover (with 1),Crossover (without 1),True,True,-0.9427179621207503,23.0,two-sided,0.3556229219750846,0.4267475063701015,fdr_bh,0.32,-0.1610682171718785,-0.6185856230845186,0.2337226266591454
condition,Crossover (with 1),Small (with 1),True,True,1.198051394208789,23.0,two-sided,0.24309745328927398,0.4267475063701015,fdr_bh,0.406,0.25321561245389257,-0.18397863627595387,0.6730810698495395
condition,Crossover (with 1),Small (without 1),True,True,1.0923054504171736,23.0,two-sided,0.2860088015401857,0.4267475063701015,fdr_bh,0.366,0.28937300853622205,-0.20451291068119506,0.6504447434783661
condition,Crossover (without 1),Small (with 1),True,True,2.0354530060788734,23.0,two-sided,0.05348566532099251,0.17657647629297857,fdr_bh,1.234,0.4155621251588243,-0.02462432081035193,0.855594530861583
condition,Crossover (without 1),Small (without 1),True,True,1.9878589608451753,23.0,two-sided,0.058858825430992856,0.17657647629297857,fdr_bh,1.145,0.4570916919643377,-0.033530561463207875,0.845070583911522
condition,Small (with 1),Small (without 1),True,True,0.1264251626505425,23.0,two-sided,0.9004940948244494,0.9004940948244494,fdr_bh,0.216,0.02924178794537915,-0.3965268361914943,0.44813969271519416
