Contrast,A,B,Paired,Parametric,T,dof,alternative,p-unc,p-corr,p-adjust,BF10,cohen,ci_lower,ci_upper
condition,Crossover (with 1),Crossover (without 1),True,True,0.7789361803342478,20.0,two-sided,0.44513660763463414,0.6477421675132005,fdr_bh,0.299,0.10494065971677854,-0.2554435082281216,0.6164370168027624
condition,Crossover (with 1),Small (with 1),True,True,-0.22416791983111017,20.0,two-sided,0.8249007914124693,0.8249007914124693,fdr_bh,0.233,-0.05589453840848416,-0.5011229013942393,0.3863570936211051
condition,Crossover (with 1),Small (without 1),True,True,-0.6238374590627929,20.0,two-sided,0.5397851395943337,0.6477421675132005,fdr_bh,0.271,-0.1825094664439493,-0.5934310965928747,0.32116610825914493
condition,Crossover (without 1),Small (with 1),True,True,-0.6407473642167661,20.0,two-sided,0.5289609299554119,0.6477421675132005,fdr_bh,0.274,-0.15861031714362828,-0.5922628823574253,0.2992336042465584
condition,Crossover (without 1),Small (without 1),True,True,-0.9908087626107379,20.0,two-sided,0.3336156267666044,0.6477421675132005,fdr_bh,0.352,-0.2825903332190737,-0.6766958383694107,0.24427144276091187
condition,Small (with 1),Small (without 1),True,True,-0.7874992309581575,20.0,two-sided,0.44022324384123035,0.6477421675132005,fdr_bh,0.3,-0.1257120109460984,-0.6303892581083823,0.286696416624071
