Contrast,A,B,Paired,Parametric,T,dof,alternative,p-unc,p-corr,p-adjust,BF10,cohen,ci_lower,ci_upper
condition,Crossover (with 1),Crossover (without 1),True,True,-1.1410025383200644,23.0,two-sided,0.2656104926976466,0.640044744581462,fdr_bh,0.384,-0.04376273625460182,-0.6608572666224737,0.195044930938379
condition,Crossover (with 1),Small (with 1),True,True,0.8249947602280768,23.0,two-sided,0.4178492833092935,0.640044744581462,fdr_bh,0.292,0.1716714373469048,-0.2568448188158201,0.593647519320577
condition,Crossover (with 1),Small (without 1),True,True,0.6323873660309953,23.0,two-sided,0.5333706204845516,0.640044744581462,fdr_bh,0.257,0.1444219202176812,-0.29493283702988404,0.5531038981229831
condition,Crossover (without 1),Small (with 1),True,True,1.0673888164342535,23.0,two-sided,0.296872429510495,0.640044744581462,fdr_bh,0.357,0.21114389238511755,-0.2093651240120801,0.6451247835816102
condition,Crossover (without 1),Small (without 1),True,True,0.7761131899353741,23.0,two-sided,0.4455902789887958,0.640044744581462,fdr_bh,0.282,0.18368585841365978,-0.2664807522452919,0.5833276352428638
condition,Small (with 1),Small (without 1),True,True,-0.09110572219341645,23.0,two-sided,0.9281974076490449,0.9281974076490449,fdr_bh,0.215,-0.024175166695575002,-0.4408963518580728,0.4037025965211349
