Contrast,A,B,Paired,Parametric,T,dof,alternative,p-unc,p-corr,p-adjust,BF10,cohen,ci_lower,ci_upper
condition,Crossover (with 1),Crossover (without 1),True,True,0.0,5.0,two-sided,1.0,1.0,fdr_bh,0.373,0.0,-0.8451136540088121,0.5080137227771911
condition,Crossover (with 1),Small (with 1),True,True,0.5668657344781478,5.0,two-sided,0.595305549390615,0.714366659268738,fdr_bh,0.425,0.3435635063687699,-0.5188781687784959,0.9266259424534137
condition,Crossover (with 1),Small (without 1),True,True,1.8981415059132416,5.0,two-sided,0.11613997279284115,0.3484199183785235,fdr_bh,1.144,0.850125793225205,-0.43249718898742345,1.319909156452366
condition,Crossover (without 1),Small (with 1),True,True,0.6816773539365149,5.0,two-sided,0.5257310134172166,0.714366659268738,fdr_bh,0.45,0.35587413960858066,-0.46146085834486994,0.9944317496836866
condition,Crossover (without 1),Small (without 1),True,True,2.091650066335189,5.0,two-sided,0.09070960218611412,0.3484199183785235,fdr_bh,1.361,0.873636008523806,-0.3625406498060979,1.423200821585919
condition,Small (with 1),Small (without 1),True,True,1.3072340109917853,5.0,two-sided,0.24801744017986416,0.4960348803597283,fdr_bh,0.689,0.46035956188249255,-0.47470795270071425,1.0997141808709776
