Contrast,A,B,Paired,Parametric,T,dof,alternative,p-unc,p-corr,p-adjust,BF10,cohen,ci_lower,ci_upper
condition,Crossover (with 1),Crossover (without 1),True,True,0.7950211366413448,23.0,two-sided,0.43472915064689244,0.6520937259703387,fdr_bh,0.286,0.07702849161860728,-0.2627510197709686,0.5873170396874348
condition,Crossover (with 1),Small (with 1),True,True,-2.6299627213175705,23.0,two-sided,0.014969146189595064,0.02993829237919013,fdr_bh,3.458,-0.5923571737151915,-0.9885019886169928,-0.08517579634459432
condition,Crossover (with 1),Small (without 1),True,True,0.47988779565154105,23.0,two-sided,0.6358393860934299,0.7630072633121159,fdr_bh,0.238,0.13424953932897574,-0.3253180257125388,0.5212313979017521
condition,Crossover (without 1),Small (with 1),True,True,-3.0424094075225137,23.0,two-sided,0.005783566478174497,0.02993829237919013,fdr_bh,7.692,-0.6201414358253826,-1.0822128089698073,-0.15984563054243323
condition,Crossover (without 1),Small (without 1),True,True,0.30453881704792946,23.0,two-sided,0.763455927600776,0.763455927600776,fdr_bh,0.224,0.08402674913689193,-0.36050698465763276,0.4848344360973371
condition,Small (with 1),Small (without 1),True,True,2.7149642401581193,23.0,two-sided,0.012351907583454915,0.02993829237919013,fdr_bh,4.058,0.5135487797515162,0.10066219837258161,1.0077173113424913
