Contrast,A,B,Paired,Parametric,T,dof,alternative,p-unc,p-corr,p-adjust,BF10,cohen,ci_lower,ci_upper
condition,Crossover (with 1),Crossover (without 1),True,True,-0.949249716223388,5.0,two-sided,0.3860838657425599,0.673220360292584,fdr_bh,0.528,-0.33617160935690193,-0.6258474320462384,0.7184914165573395
condition,Crossover (with 1),Small (with 1),True,True,0.8300262370909366,5.0,two-sided,0.4443340221411709,0.673220360292584,fdr_bh,0.489,0.4718880748173425,-0.5744040371243043,0.8637780410809658
condition,Crossover (with 1),Small (without 1),True,True,0.47276416512984415,5.0,two-sided,0.6562985444741329,0.7774708025746685,fdr_bh,0.409,0.17647228812844643,-0.5806229129805501,1.12174351073699
condition,Crossover (without 1),Small (with 1),True,True,1.2307929159796358,5.0,two-sided,0.27313685524758896,0.673220360292584,fdr_bh,0.648,0.6766687167470099,-0.3519746357677138,1.1321718069102156
condition,Crossover (without 1),Small (without 1),True,True,0.8213683276550102,5.0,two-sided,0.4488135735283893,0.673220360292584,fdr_bh,0.487,0.4048030410530944,-0.6451416230213549,1.0433934623889083
condition,Small (with 1),Small (without 1),True,True,-0.2983027907321756,5.0,two-sided,0.7774708025746685,0.7774708025746685,fdr_bh,0.387,-0.14496534414322043,-0.9082873683529247,0.6361482446023718
