Contrast,A,B,Paired,Parametric,T,dof,alternative,p-unc,p-corr,p-adjust,BF10,cohen,ci_lower,ci_upper
condition,Crossover (with 1),Crossover (without 1),True,True,-0.4972944167903939,16.0,two-sided,0.6257457555494068,0.6257457555494068,fdr_bh,0.278,-0.06538683465366188,-0.5472816979082553,0.417698587623546
condition,Crossover (with 1),Small (with 1),True,True,2.80371145743997,16.0,two-sided,0.012743414997361863,0.07646048998417118,fdr_bh,4.401,0.45061620213997955,-0.0953803082842059,0.9428847715924034
condition,Crossover (with 1),Small (without 1),True,True,1.895037673818999,16.0,two-sided,0.07630348916171452,0.13298932034896907,fdr_bh,1.065,0.543431745479192,-0.08101001329236962,1.0002383066665483
condition,Crossover (without 1),Small (with 1),True,True,2.2451599268732725,16.0,two-sided,0.03924261738748243,0.11772785216244729,fdr_bh,1.779,0.41047340776631336,-0.1595099809233128,0.8655884777579143
condition,Crossover (without 1),Small (without 1),True,True,1.8128479494142165,16.0,two-sided,0.08865954689931271,0.13298932034896907,fdr_bh,0.951,0.5142804822436237,-0.09874808071256541,0.9781085017265885
condition,Small (with 1),Small (without 1),True,True,0.7833609899359835,16.0,two-sided,0.4448568340445509,0.533828200853461,fdr_bh,0.326,0.1989426617778018,-0.32966649195443043,0.6721758466150852
