Source,SS,DF,MS,F,p-unc,ng2,eps
condition,20.451682650794446,1,20.451682650794446,0.8987378674089845,0.37469097628715753,0.025763709600603656,1.0
Error,159.29202913001677,7,22.75600416143097,,,,
