Source,SS,DF,MS,F,p-unc,ng2,eps
condition,144.5,1,144.5,1.2723803933078957,0.27704041075487973,0.030643622097338563,1.0
Error,1703.5,15,113.56666666666666,,,,
