condition,count,mean,std,min,25%,50%,75%,max,sem
56 Correct,16.0,-4.533099586524413,4.695119066770431,-18.53812701496785,-6.439671121964375,-4.045897108144426,-1.595050689775175,1.297689925755057,1.1737797666926078
56 Incorrect,24.0,-1.6888103000017762,2.159604075427998,-5.481336955451614,-3.2924311775532322,-0.8844191101670087,-0.0708747461347489,1.740053791508912,0.4408273359361359
