condition,count,mean,std,min,25%,50%,75%,max,sem
56 Correct,13.0,5.588889786941797,3.8604932600799025,1.0154066089251923,3.6592273147573136,3.809552875791701,7.409660078647287,15.130581201735826,1.070708184446248
56 Incorrect,14.0,2.3271330575031897,1.5566477260437295,0.4387942562820026,1.38608137498642,1.925914805182596,2.6410461522808135,6.381926330559141,0.4160316044825985
