condition,count,mean,std,min,25%,50%,75%,max,sem
56 Correct,10.0,-6.804173293887315,4.439586450471912,-18.53812701496785,-7.481516519487869,-5.727698929913654,-4.16455861479964,-3.310213946367744,1.4039205052713555
56 Incorrect,13.0,-3.1924326915250023,1.750170271765324,-5.481336955451614,-4.678069264921959,-3.252861083148944,-1.610446537728949,-0.612951745408855,0.48540989658789385
