condition,count,mean,std,min,25%,50%,75%,max,sem
56 Correct,11.0,357.45454545454544,16.22568110350771,332.0,344.0,364.0,372.0,372.0,4.89222692620862
56 Incorrect,8.0,348.0,19.712215212183246,324.0,333.0,348.0,363.0,372.0,6.969320524371695
