Contrast,Coef,Std.Err.,z,P>|z|,P>|z| (adj)
56 Correct - 56 Incorrect,3.0497664376892866,1.851248582286493,1.6474105459799968,0.09947368915500321,0.09947368915500321
