Contrast,Coef,Std.Err.,z,P>|z|,P>|z| (adj)
56 Correct - 56 Incorrect,-0.07232402083841158,6.602040742763591,-0.010954797714280236,0.9912595108582507,0.9912595108582507
