Contrast,Coef,Std.Err.,z,P>|z|,P>|z| (adj)
56 Correct - 56 Incorrect,-2.059317954887214,0.7446084814731795,-2.765638595484343,0.005681145791186504,0.005681145791186504
