Contrast,Coef,Std.Err.,z,P>|z|,P>|z| (adj)
56 Correct - 56 Incorrect,-1.741414382211953,0.9283430124144314,-1.8758307639790257,0.060678522191050854,0.06067852219105086
