Contrast,Coef,Std.Err.,z,P>|z|,P>|z| (adj)
56 Correct - 56 Incorrect,1.2516834235848222,0.43497319009471314,2.8776105104599083,0.0040069953394583635,0.0040069953394583635
