Contrast,Coef,Std.Err.,z,P>|z|,P>|z| (adj)
56 Correct - 56 Incorrect,4.399505312214747,3.2480566972060636,1.354503853334563,0.17557568487279673,0.17557568487279676
