Contrast,Coef,Std.Err.,z,P>|z|,P>|z| (adj)
56 Correct - 56 Incorrect,2.614205046348066,1.0766743164708321,2.4280369712143,0.015180795665883151,0.015180795665883153
