Contrast,Coef,Std.Err.,z,P>|z|,P>|z| (adj)
56 Correct - 56 Incorrect,0.6817968759181814,4.805535020032746,0.14187741283249153,0.8871768357671213,0.8871768357671213
