Contrast,Coef,Std.Err.,z,P>|z|,P>|z| (adj)
56 Correct - 56 Incorrect,3.545332804242583,1.0299296357654715,3.4423058441342897,0.0005767777366287863,0.0005767777366287863
