Contrast,Coef,Std.Err.,z,P>|z|,P>|z| (adj)
56 Correct - 56 Incorrect,1.5786612175913743,2.580496584755612,0.6117664432952089,0.5406922944783039,0.5406922944783039
