Contrast,Coef,Std.Err.,z,P>|z|,P>|z| (adj)
56 Correct - 56 Incorrect,8.19496159258125,3.6287512497193286,2.2583420655287685,0.02392434162663859,0.02392434162663859
