{
  "analysis_id": "small_increasing_vs_decreasing_ACC1",
  "date_analyzed": "2025-10-12T16:55:24.604001",
  "baseline_ms": [
    -100,
    0
  ],
  "response_filter": "ACC1",
  "n_subjects_total": 24,
  "n_evokeds_included": 48,
  "conditions": [
    "Small_Increasing",
    "Small_Decreasing"
  ],
  "components": {
    "P1": {
      "peak_latency_ms": 116.0,
      "peak_gfp_amplitude": 1.3276963460538795,
      "fwhm_ms": 43.16599016928927,
      "window_start_ms": 87.22273714442906,
      "window_end_ms": 130.38872731371833,
      "search_range_ms": [
        60.0,
        120.0
      ],
      "method": "GFP_collapsed_localizer",
      "n_subjects": 48,
      "n_conditions": 2
    },
    "N1": {
      "peak_latency_ms": 172.0,
      "peak_gfp_amplitude": -3.1799601174491343,
      "fwhm_ms": 74.03347735663453,
      "window_start_ms": 140.8602966771262,
      "window_end_ms": 214.89377403376074,
      "search_range_ms": [
        125.0,
        200.0
      ],
      "method": "GFP_collapsed_localizer",
      "n_subjects": 48,
      "n_conditions": 2
    },
    "P3b": {
      "peak_latency_ms": 464.0,
      "peak_gfp_amplitude": 2.5926615410472467,
      "fwhm_ms": 37.52179199588386,
      "window_start_ms": 447.79717001453844,
      "window_end_ms": 485.3189620104223,
      "search_range_ms": [
        320.0,
        590.0
      ],
      "method": "GFP_collapsed_localizer",
      "n_subjects": 48,
      "n_conditions": 2
    }
  }
}