{
  "analysis_id": "landing_on_3_any_preceding_ACC1",
  "date_analyzed": "2025-11-03T15:21:41.390027",
  "baseline_ms": [
    -100,
    0
  ],
  "response_filter": "MIXED",
  "fal_fraction": 0.5,
  "n_subjects_total": 24,
  "n_evokeds_included": 144,
  "conditions": [
    "1 to 3",
    "2 to 3",
    "3 to 3",
    "4 to 3",
    "5 to 3",
    "6 to 3"
  ],
  "components": {
    "P1": {
      "collapsed_peak_latency_ms": 108.0,
      "peak_gfp_amplitude": 0.46860600340926467,
      "fwhm_ms": 28.0504292142692,
      "window_start_ms": 91.41996390504875,
      "window_end_ms": 119.47039311931795,
      "search_range_ms": [
        60.0,
        120.0
      ],
      "method": "GFP_collapsed_localizer",
      "n_subjects": 144,
      "n_conditions": 6
    },
    "N1": {
      "collapsed_peak_latency_ms": 168.0,
      "peak_gfp_amplitude": -4.220521431073227,
      "fwhm_ms": 79.35004089907704,
      "window_start_ms": 138.10285137242198,
      "window_end_ms": 217.45289227149902,
      "search_range_ms": [
        125.0,
        200.0
      ],
      "method": "GFP_collapsed_localizer",
      "n_subjects": 144,
      "n_conditions": 6
    },
    "P3b": {
      "collapsed_peak_latency_ms": 456.0,
      "peak_gfp_amplitude": 3.073977190145312,
      "fwhm_ms": 140.86551349731712,
      "window_start_ms": 388.0823402198512,
      "window_end_ms": 528.9478537171683,
      "search_range_ms": [
        320.0,
        590.0
      ],
      "method": "GFP_collapsed_localizer",
      "n_subjects": 144,
      "n_conditions": 6
    },
    "Fz": {
      "collapsed_peak_latency_ms": 104.0,
      "peak_gfp_amplitude": -0.6192358216940572,
      "fwhm_ms": 31.80859138793963,
      "window_start_ms": 84.30641418205397,
      "window_end_ms": 116.1150055699936,
      "search_range_ms": [
        80.0,
        120.0
      ],
      "method": "GFP_collapsed_localizer",
      "n_subjects": 144,
      "n_conditions": 6
    }
  }
}