{
  "analysis_id": "prime_abcde_ACC1",
  "date_analyzed": "2026-02-23T12:05:03.957712",
  "baseline_ms": [
    -100,
    0
  ],
  "response_filter": "ACC1",
  "fal_fraction": 0.5,
  "n_subjects_total": 24,
  "n_evokeds_included": 120,
  "conditions": [
    "a",
    "b",
    "c",
    "d",
    "e"
  ],
  "components": {
    "P1": {
      "collapsed_peak_latency_ms": 108.0,
      "peak_gfp_amplitude": 1.1476992893868225,
      "fwhm_ms": 35.98174044925133,
      "window_start_ms": 86.5016893620824,
      "window_end_ms": 122.48342981133374,
      "search_range_ms": [
        60.0,
        120.0
      ],
      "method": "GFP_collapsed_localizer",
      "n_subjects": 120,
      "n_conditions": 5
    },
    "N1": {
      "collapsed_peak_latency_ms": 172.0,
      "peak_gfp_amplitude": -3.7501475373547013,
      "fwhm_ms": 75.66484025921977,
      "window_start_ms": 138.3199935526951,
      "window_end_ms": 213.98483381191488,
      "search_range_ms": [
        125.0,
        200.0
      ],
      "method": "GFP_collapsed_localizer",
      "n_subjects": 120,
      "n_conditions": 5
    },
    "P3b": {
      "collapsed_peak_latency_ms": 468.0,
      "peak_gfp_amplitude": 2.4359091496183614,
      "fwhm_ms": 32.42416265668021,
      "window_start_ms": 451.742267773261,
      "window_end_ms": 484.1664304299412,
      "search_range_ms": [
        320.0,
        590.0
      ],
      "method": "GFP_collapsed_localizer",
      "n_subjects": 120,
      "n_conditions": 5
    },
    "Fz": {
      "collapsed_peak_latency_ms": 104.0,
      "peak_gfp_amplitude": -1.4259255178990737,
      "fwhm_ms": 36.661477207068174,
      "window_start_ms": 85.33101098223437,
      "window_end_ms": 121.99248818930255,
      "search_range_ms": [
        80.0,
        120.0
      ],
      "method": "GFP_collapsed_localizer",
      "n_subjects": 120,
      "n_conditions": 5
    }
  }
}