Source,SS,DF,MS,F,p-unc,ng2,eps
condition,3.6089405001675816,1,3.6089405001675816,1.2215025825012567,0.285408939923897,0.010803896912030394,1.0
Error,47.27214565886675,16,2.9545091036791717,,,,
