Source,SS,DF,MS,F,p-unc,ng2,eps
condition,1121.3333333333312,1,1121.3333333333312,5.070249017037997,0.0341911986051983,0.08114627556927813,1.0
Error,5086.666666666668,23,221.15942028985512,,,,
