Source,SS,DF,MS,F,p-unc,ng2,eps
condition,432.0,1,432.0,0.26037735849056604,0.6147234554570258,0.003230437903804738,1.0
Error,38160.0,23,1659.1304347826087,,,,
