Source,SS,DF,MS,F,p-unc,ng2,eps
condition,267.2269439938492,1,267.2269439938492,1.9244525978451026,0.18230495733596813,0.04703736483770618,1.0
Error,2499.456207586177,18,138.85867819923203,,,,
