Source,SS,DF,MS,F,p-unc,ng2,eps
condition,25.600000000000044,1,25.600000000000044,0.2335766423357669,0.6541475396789252,0.023391812865497113,1.0
Error,438.39999999999986,4,109.59999999999997,,,,
