Source,SS,DF,MS,F,p-unc,ng2,eps
condition,1.9209796036507036,1,1.9209796036507036,1.2154959014078566,0.3067022419457799,0.04032228199833691,1.0
Error,11.062856904725066,7,1.580408129246438,,,,
