condition,count,mean,std,min,25%,50%,75%,max,sem
Decreasing 4 to 1,17.0,5.617914325229037,2.741953242546365,1.6198677465292075,4.216545899409237,5.459372536117862,6.237421686122098,13.378663298619712,0.6650213435013824
Increasing 1 to 4,12.0,3.6919564033227523,1.9830649716317066,1.155415834540505,2.2653205070129503,3.3552299864275223,4.852224350418066,6.918817410344324,0.5724615475960416
