condition,count,mean,std,min,25%,50%,75%,max,sem
Decreasing 4 to 1,8.0,111.0,14.618970063389751,88.0,109.0,116.0,118.0,124.0,5.1685864328930125
Increasing 1 to 4,13.0,109.53846153846153,15.793539737370386,88.0,92.0,116.0,124.0,124.0,4.3803397957051535
