condition,count,mean,std,min,25%,50%,75%,max,sem
Decreasing 4 to 1,16.0,-4.023856620181103,2.321540141543901,-8.535146583450976,-4.306718261126722,-3.262214231391507,-2.4803299010202347,-1.4666801184273368,0.5803850353859753
Increasing 1 to 4,11.0,-3.2991778406429586,1.1305882721422085,-4.455107902791341,-4.142162119229813,-3.6930462593259,-2.8115706811657786,-1.07322865861101,0.3408851900974479
