condition,count,mean,std,min,25%,50%,75%,max,sem
Decreasing 4 to 1,20.0,475.8,46.926145781373705,384.0,455.0,480.0,514.0,532.0,10.493005188921659
Increasing 1 to 4,20.0,461.6,56.826976544224976,376.0,399.0,476.0,509.0,532.0,12.706898250867312
