Contrast,Coef,Std.Err.,z,P>|z|,P>|z| (adj)
Decreasing 4 to 1 - Increasing 1 to 4,0.42767924638490923,0.5873566149732686,0.7281423848514474,0.4665264303959873,0.46652643039598735
