Contrast,Coef,Std.Err.,z,P>|z|,P>|z| (adj)
Decreasing 4 to 1 - Increasing 1 to 4,18.098295802097162,4.6790700210632865,3.8679258315489897,0.00010976503751924938,0.00010976503751924938
