Contrast,Coef,Std.Err.,z,P>|z|,P>|z| (adj)
Decreasing 4 to 1 - Increasing 1 to 4,5.51660762847181,3.930543117122019,1.4035229901029869,0.16046094128145905,0.16046094128145902
