Contrast,Coef,Std.Err.,z,P>|z|,P>|z| (adj)
Decreasing 4 to 1 - Increasing 1 to 4,-1.0979880107284852,0.536358628725349,-2.0471154036206016,0.040646754908871374,0.04064675490887137
