Contrast,Coef,Std.Err.,z,P>|z|,P>|z| (adj)
Decreasing 4 to 1 - Increasing 1 to 4,4.090339003403719,11.040371225196198,0.37048926344693905,0.7110179748583585,0.7110179748583585
