Contrast,Coef,Std.Err.,z,P>|z|,P>|z| (adj)
Decreasing 4 to 1 - Increasing 1 to 4,0.6821738318710922,0.3038105619051118,2.245392087731806,0.024742972910727135,0.024742972910727135
