Contrast,Coef,Std.Err.,z,P>|z|,P>|z| (adj)
Decreasing 4 to 1 - Increasing 1 to 4,0.013068733324269593,0.5812179600679493,0.022485081711414674,0.9820610120624369,0.9820610120624369
