Contrast,Coef,Std.Err.,z,P>|z|,P>|z| (adj)
Decreasing 4 to 1 - Increasing 1 to 4,0.6389077162157116,0.6243023995044693,1.0233946188943612,0.3061213026324656,0.3061213026324656
