Source,SS,DF,MS,F,p-unc,ng2,eps
condition,1.6807603123655426,3,0.5602534374551809,0.3907943977131939,0.7642751857769177,0.0735524755196704,0.36979737581667144
Error,8.601762574902937,6,1.4336270958171562,,,,
