Source,SS,DF,MS,F,p-unc,ng2,eps
condition,334.66666666666663,3,111.55555555555554,0.3707533234859675,0.7773719897750306,0.15580384854127868,0.6666652121106333
Error,1805.3333333333333,6,300.88888888888886,,,,
