Source,SS,DF,MS,F,p-unc,ng2,eps
condition,1296.5000000000027,3,432.1666666666676,1.7805344081206185,0.15896154968648754,0.0341941581133652,0.8252227620911032
Error,16747.500000000004,69,242.71739130434787,,,,
