Source,SS,DF,MS,F,p-unc,ng2,eps
condition,38.888849633341216,3,12.962949877780405,2.9142010387584243,0.04038013422641175,0.07900936142461903,0.8600134612842235
Error,306.92581934838637,69,4.448200280411396,,,,
