Source,SS,DF,MS,F,p-unc,ng2,eps
condition,47.999999999999936,3,15.999999999999979,0.14814814814814792,0.9271593594089297,0.045685279187817195,0.3339441136051305
Error,648.0000000000001,6,108.00000000000001,,,,
