Source,SS,DF,MS,F,p-unc,ng2,eps
condition,79.2469025686178,3,26.415634189539265,6.681592971885309,0.0016129217094255656,0.22509230586522577,0.6073476809303293
Error,106.74432371421662,27,3.953493470896912,,,,
