condition,count,mean,std,min,25%,50%,75%,max,sem
1 to 2,12.0,2.5960185232921833,1.943679674856401,0.6765196220124049,1.1685631297390753,1.788177908675893,3.684721680835346,5.815415622489612,0.5610919917483738
1 to 3,16.0,3.031966993587811,2.2420459974622298,0.4927629510487227,1.3202139621785527,2.5534857717902133,3.9422847030488684,8.95226979574554,0.5605114993655576
1 to 4,12.0,2.4066028843754177,1.3949754740858595,0.7012048101897298,1.454008445888573,2.199624593087516,3.1605712835783257,5.407062977208059,0.4026947327381984
Cardinality1,10.0,2.874564137084596,2.3131051199523167,0.6153512468684758,1.9399369151427341,2.37449744529429,3.0361296023490203,8.770643567675902,0.731468064644631
