condition,count,mean,std,min,25%,50%,75%,max,sem
1 to 2,24.0,101.66666666666667,14.002070240307065,88.0,88.0,100.0,120.0,120.0,2.858160619280145
1 to 3,24.0,103.5,11.332907067857551,88.0,94.0,104.0,113.0,120.0,2.3133199682193375
1 to 4,24.0,99.16666666666667,11.794127745423243,88.0,88.0,96.0,109.0,120.0,2.407466244790727
Cardinality1,24.0,112.33333333333333,10.740685212805545,88.0,104.0,118.0,120.0,120.0,2.1924331882691783
