condition,count,mean,std,min,25%,50%,75%,max,sem
1 to 2,12.0,-2.071689931563736,1.5367727055199958,-6.144931561853549,-2.4924275358310073,-1.4945678707919363,-1.099498721536453,-0.6613629002447106,0.4436280676076195
1 to 3,8.0,-2.7073394921129417,1.9439396140161673,-5.857562979053741,-3.9820208115497815,-2.2676304252862596,-1.210810703323128,-0.5069376779906027,0.6872864416439958
1 to 4,12.0,-2.876244151382746,1.297156318894221,-4.455107902791341,-3.9649326090486827,-2.608249176636356,-2.0928853416974595,-0.4502490033215705,0.3744567749473013
Cardinality1,14.0,-2.825058946854274,1.408593270235938,-5.355854256616504,-3.5359754596153214,-2.389329725040375,-1.961859310652909,-1.0764654998143068,0.37646238675274
