condition,count,mean,std,min,25%,50%,75%,max,sem
1 to 2,24.0,451.1666666666667,59.36450898926254,360.0,399.0,448.0,517.0,536.0,12.117729654546528
1 to 3,24.0,462.0,47.519332450295835,368.0,430.0,468.0,501.0,536.0,9.699843118408623
1 to 4,24.0,460.3333333333333,58.26376804384236,356.0,399.0,472.0,509.0,536.0,11.89304184994085
Cardinality1,24.0,437.5,61.718153202948386,356.0,385.0,442.0,480.0,536.0,12.598165267845237
