Contrast,Coef,Std.Err.,z,P>|z|,P>|z| (adj)
1 to 2 - 1 to 3,-0.08284154882431281,0.45028945776851187,-0.18397399138511614,0.8540338585120835,0.9916207402065133
1 to 2 - 1 to 4,-0.11338869799860818,0.44055581600820787,-0.2573764637271198,0.7968881702540709,0.9916207402065133
1 to 2 - Cardinality1,0.491503330595007,0.5610140125037745,0.8760981359475405,0.3809766860490891,0.8666921884611289
1 to 3 - 1 to 4,-0.030547149174295365,0.40887900768447427,-0.07470950721409532,0.9404458431530889,0.9916207402065133
1 to 3 - Cardinality1,0.5743448794193198,0.576535097355791,0.9962010674692375,0.31915246086272964,0.8666921884611289
1 to 4 - Cardinality1,0.6048920285936152,0.5660827173704052,1.0685576683978075,0.28526903182899366,0.8666921884611289
