Contrast,Coef,Std.Err.,z,P>|z|,P>|z| (adj)
1 to 2 - 1 to 3,-0.7234402696375891,2.8422358841358157,-0.2545321004760841,0.7990845078944115,0.9508597264528659
1 to 2 - 1 to 4,-1.9858277011902603,2.803356756609628,-0.7083749496057415,0.47871244448657424,0.9261569835215246
1 to 2 - Cardinality1,-3.321309589425169,2.803171208090529,-1.1848400767813203,0.2360806836003857,0.801260153430451
1 to 3 - 1 to 4,-1.2623874315526713,2.8327451995186785,-0.4456410099175767,0.6558565821663829,0.9508597264528659
1 to 3 - Cardinality1,-2.5978693197875797,2.8341018170233316,-0.9166464324546153,0.35932794469008966,0.8920608715058964
1 to 4 - Cardinality1,-1.3354818882349087,2.8027097723989267,-0.47649667524862127,0.6337205754238451,0.9508597264528659
