Contrast,Coef,Std.Err.,z,P>|z|,P>|z| (adj)
1 to 2 - 1 to 3,-0.5772674964736347,0.5507823748299634,-1.048086363787236,0.2945988183051602,0.6489988425374169
1 to 2 - 1 to 4,-0.5698014451105057,0.55021698470128,-1.0355940673475543,0.3003915608863643,0.6489988425374169
1 to 2 - Cardinality1,1.218894123813891,0.5799072941093536,2.101877552145504,0.03556400341209809,0.1348455490711124
1 to 3 - 1 to 4,0.007466051363129056,0.5485778960226505,0.013609829009262135,0.9891412627820706,0.9891412627820706
1 to 3 - Cardinality1,1.796161620287526,0.5978776360801694,3.004229480907827,0.0026625441722132326,0.015828675450918366
1 to 4 - Cardinality1,1.7886955689243966,0.595236917669362,3.005014500659666,0.0026556818830811846,0.015828675450918366
