Contrast,Coef,Std.Err.,z,P>|z|,P>|z| (adj)
1 to 2 - 1 to 3,0.08390266201904326,0.35721889179474514,0.23487744894313425,0.8143038531281008,0.8988804203733076
1 to 2 - 1 to 4,0.3086648580200386,0.32783726061768076,0.9415185370890445,0.3464391942927092,0.8175499452632506
1 to 2 - Cardinality1,0.4714654199990632,0.3137727635031791,1.5025696135486482,0.13295006407461085,0.575121590303675
1 to 3 - 1 to 4,0.22476219600099537,0.36150732290927085,0.6217362187636929,0.5341153317847684,0.8988804203733076
1 to 3 - Cardinality1,0.38756275798001993,0.3481951477251709,1.1130619151704024,0.2656818389647675,0.7864884633455578
1 to 4 - Cardinality1,0.1628005619790246,0.3001897588416109,0.5423255030659558,0.5875942897873716,0.8988804203733076
