Contrast,Coef,Std.Err.,z,P>|z|,P>|z| (adj)
1 to 2 - 1 to 3,-0.36723155246951245,2.062235443586356,-0.17807450338011546,0.8586644653405577,0.9920206681493483
1 to 2 - 1 to 4,-0.5242743383475835,2.0712153369958877,-0.2531240132221097,0.8001723831149059,0.9920206681493483
1 to 2 - Cardinality1,-5.181644778586541,2.4546375168550014,-2.110961289806045,0.03477563926477889,0.19133313992162598
1 to 3 - 1 to 4,-0.15704278587807108,2.0301429366782253,-0.07735553149524965,0.9383407154591106,0.9920206681493483
1 to 3 - Cardinality1,-4.814413226117029,2.450198400842954,-1.9649075048211209,0.04942494396484953,0.22387429186097363
1 to 4 - Cardinality1,-4.6573704402389575,2.4243130365712973,-1.921109349321435,0.05471792318340207,0.22387429186097363
