Contrast,Coef,Std.Err.,z,P>|z|,P>|z| (adj)
1 to 2 - 1 to 3,-0.42490251817862074,0.3985720730957969,-1.0660619417670423,0.2863956422473384,0.7406836059232301
1 to 2 - 1 to 4,-0.28671617214024236,0.3958379491562494,-0.724327146377435,0.4688649148859583,0.7406836059232301
1 to 2 - Cardinality1,-0.7666705541561267,0.35544965242848453,-2.156903372722748,0.03101319410049963,0.1722347674109543
1 to 3 - 1 to 4,0.13818634603837837,0.4097474263209444,0.3372476241745583,0.7359302390196705,0.7406836059232301
1 to 3 - Cardinality1,-0.341768035977506,0.37240535408645653,-0.9177312630638552,0.35875957613004417,0.7406836059232301
1 to 4 - Cardinality1,-0.47995438201588436,0.36154883258528725,-1.3274953167015577,0.1843448881248242,0.6389787116509595
