Contrast,A,B,Paired,Parametric,T,dof,alternative,p-unc,p-corr,p-adjust,BF10,cohen,ci_lower,ci_upper
condition,1 to 2,1 to 3,True,True,-0.40127773046980736,2.0,two-sided,0.7270297723821986,0.7717361734230842,fdr_bh,0.5,-0.386953594196027,-0.8037875516235227,1.3312709805990335
condition,1 to 2,1 to 4,True,True,-0.33156740610698626,2.0,two-sided,0.7717361734230842,0.7717361734230842,fdr_bh,0.49,-0.11403326757594139,-0.5433994829038937,1.7337797609182264
condition,1 to 2,Cardinality1,True,True,0.5066640791871947,2.0,two-sided,0.6627263722011645,0.7717361734230842,fdr_bh,0.519,0.1981091871588741,-0.5347437704739466,1.3994592797197913
condition,1 to 3,1 to 4,True,True,0.33573706127390407,2.0,two-sided,0.769017872469412,0.7717361734230842,fdr_bh,0.49,0.3594431757561813,-1.3221722045502973,1.9338410907706884
condition,1 to 3,Cardinality1,True,True,1.0752988890265023,2.0,two-sided,0.39473957065879717,0.7717361734230842,fdr_bh,0.689,1.1033746015329344,-0.6682845946929571,2.125080621791589
condition,1 to 4,Cardinality1,True,True,1.1569885739312957,2.0,two-sided,0.36679343612769966,0.7717361734230842,fdr_bh,0.721,0.4321595578316343,-0.3475405950082695,1.2693870169774086
