Contrast,A,B,Paired,Parametric,T,dof,alternative,p-unc,p-corr,p-adjust,BF10,cohen,ci_lower,ci_upper
condition,1 to 2,1 to 3,True,True,-1.722343510281452,9.0,two-sided,0.11910711860826043,0.1429285423299125,fdr_bh,0.931,-0.4357438548241005,-0.8593164866584414,0.3165209479396677
condition,1 to 2,1 to 4,True,True,-1.8979706985768994,9.0,two-sided,0.09018020040669814,0.13527030061004722,fdr_bh,1.137,-0.4409795161439692,-0.9087297750829308,0.23025298150183943
condition,1 to 2,Cardinality1,True,True,2.371003264635066,9.0,two-sided,0.04184011325786904,0.08368022651573807,fdr_bh,2.018,0.9570735661715508,-0.059899143317384995,1.559453274505738
condition,1 to 3,1 to 4,True,True,0.1784620746336584,9.0,two-sided,0.8623126523934944,0.8623126523934944,fdr_bh,0.313,0.029321784382624533,-0.4249924746275627,0.5397700437084145
condition,1 to 3,Cardinality1,True,True,2.8351987152629117,9.0,two-sided,0.019555777968293837,0.05866733390488151,fdr_bh,3.64,1.3422253186952986,0.08889032734727531,1.6714927719868182
condition,1 to 4,Cardinality1,True,True,3.2847908102358963,9.0,two-sided,0.009456653102288088,0.056739918613728534,fdr_bh,6.483,1.4828258638932201,0.1762558782587984,1.8211283873047193
