Contrast,A,B,Paired,Parametric,T,dof,alternative,p-unc,p-corr,p-adjust,BF10,cohen,ci_lower,ci_upper
condition,1 to 2,1 to 3,True,True,0.04152284777245315,2.0,two-sided,0.9706515602959733,0.9706515602959733,fdr_bh,0.468,0.025804114178357263,-1.4254531506986567,0.517254133918443
condition,1 to 2,1 to 4,True,True,0.7250296598471156,2.0,two-sided,0.5437870155930198,0.9706515602959733,fdr_bh,0.572,0.7905505939337151,-1.0077386040316771,0.8450116115882085
condition,1 to 2,Cardinality1,True,True,-0.1364304794650624,2.0,two-sided,0.9039748834781214,0.9706515602959733,fdr_bh,0.471,-0.08279903537615563,-1.085100400682308,0.30827296526148407
condition,1 to 3,1 to 4,True,True,0.526402457206381,2.0,two-sided,0.6511595007086448,0.9706515602959733,fdr_bh,0.523,0.555702576860069,-0.47408886534913897,1.8647599321417654
condition,1 to 3,Cardinality1,True,True,-0.08033819827911257,2.0,two-sided,0.9432837563602561,0.9706515602959733,fdr_bh,0.469,-0.06394064631029323,-0.934472231271493,0.5121055201741369
condition,1 to 4,Cardinality1,True,True,-1.0154424367153252,2.0,two-sided,0.4167516690145374,0.9706515602959733,fdr_bh,0.666,-0.9144881078131958,-1.5624891602918787,0.058027521112323566
