Contrast,A,B,Paired,Parametric,T,dof,alternative,p-unc,p-corr,p-adjust,BF10,cohen,ci_lower,ci_upper
condition,1 to 2,1 to 3,True,True,2.5727281828295787,11.0,two-sided,0.02592407084282466,0.09112754741142849,fdr_bh,2.761,0.4566307460447382,0.07030230109971175,1.0494371011807258
condition,1 to 2,1 to 4,True,True,0.14177643124568515,11.0,two-sided,0.8898198833191988,0.8898198833191988,fdr_bh,0.29,0.022675306752734013,-0.09109559561908459,0.8807256792803828
condition,1 to 2,Cardinality1,True,True,-1.2442315928176975,11.0,two-sided,0.2392740545977421,0.2871288655172905,fdr_bh,0.541,-0.47333173960153774,-1.0147203551085882,0.2963629100610537
condition,1 to 3,1 to 4,True,True,-2.2540673782924445,11.0,two-sided,0.045563773705714246,0.09112754741142849,fdr_bh,1.781,-0.4261550358638406,-0.48607383879653737,0.40107678912272743
condition,1 to 3,Cardinality1,True,True,-2.3979283384222887,11.0,two-sided,0.03536195195008556,0.09112754741142849,fdr_bh,2.166,-0.9388156814470896,-1.440622181132256,-0.12145237784792307
condition,1 to 4,Cardinality1,True,True,-1.4218383229040097,11.0,two-sided,0.1828017759570796,0.27420266393561943,fdr_bh,0.646,-0.4842988759860788,-1.1404823356921276,0.1413020116043629
