Contrast,A,B,Paired,Parametric,T,dof,alternative,p-unc,p-corr,p-adjust,BF10,cohen,ci_lower,ci_upper
condition,1 to 2,1 to 3,True,True,2.3588314873115857,11.0,two-sided,0.03789196943283355,0.11367590829850066,fdr_bh,2.053,0.5954085295204047,0.04956632775177605,1.0232421381352257
condition,1 to 2,1 to 4,True,True,0.5828808484372814,11.0,two-sided,0.5717290186320223,0.5717290186320223,fdr_bh,0.333,0.11884671811829423,-0.08185605589094697,0.8917938555853131
condition,1 to 2,Cardinality1,True,True,-1.2692441322247898,11.0,two-sided,0.23055141810998983,0.2766617017319878,fdr_bh,0.554,-0.4760203630592379,-1.022746931195022,0.2899484897876867
condition,1 to 3,1 to 4,True,True,-1.6657066410112673,11.0,two-sided,0.12396308546127785,0.2479261709225557,fdr_bh,0.847,-0.42400676896849976,-0.49179419635367744,0.39547019917262743
condition,1 to 3,Cardinality1,True,True,-2.4590533698895394,11.0,two-sided,0.03173200919686212,0.11367590829850066,fdr_bh,2.356,-1.014677825687223,-1.4504566019744103,-0.12803368177950902
condition,1 to 4,Cardinality1,True,True,-1.4346950268741978,11.0,two-sided,0.17918836355558182,0.26878254533337276,fdr_bh,0.655,-0.5525090725399446,-1.1446260289609638,0.13819380600255582
