{
  "analysis_id": "from4_to_any_ACC1",
  "date_analyzed": "2025-10-17T16:52:59.961280",
  "baseline_ms": [
    -100,
    0
  ],
  "response_filter": "MIXED",
  "fal_fraction": 0.5,
  "n_subjects_total": 24,
  "n_evokeds_included": 144,
  "conditions": [
    "4 to 1",
    "4 to 2",
    "4 to 3",
    "4 to 4",
    "4 to 5",
    "4 to 6"
  ],
  "components": {
    "P1": {
      "collapsed_peak_latency_ms": 104.0,
      "peak_gfp_amplitude": 0.6776096037819552,
      "fwhm_ms": 25.42067462476996,
      "window_start_ms": 92.76509421122395,
      "window_end_ms": 118.18576883599391,
      "search_range_ms": [
        60.0,
        120.0
      ],
      "method": "GFP_collapsed_localizer",
      "n_subjects": 144,
      "n_conditions": 6
    },
    "N1": {
      "collapsed_peak_latency_ms": 180.0,
      "peak_gfp_amplitude": -4.00910050255495,
      "fwhm_ms": 68.0713483496611,
      "window_start_ms": 141.63142997355698,
      "window_end_ms": 209.70277832321807,
      "search_range_ms": [
        125.0,
        200.0
      ],
      "method": "GFP_collapsed_localizer",
      "n_subjects": 144,
      "n_conditions": 6
    },
    "P3b": {
      "collapsed_peak_latency_ms": 456.0,
      "peak_gfp_amplitude": 2.334461257249301,
      "fwhm_ms": 113.47849275263138,
      "window_start_ms": 427.85542518503496,
      "window_end_ms": 541.3339179376663,
      "search_range_ms": [
        320.0,
        590.0
      ],
      "method": "GFP_collapsed_localizer",
      "n_subjects": 144,
      "n_conditions": 6
    }
  }
}