Source,SS,DF,MS,F,p-unc,ng2,eps
condition,0.5945400234659262,1,0.5945400234659262,2.17198005413373,0.15410112981665278,0.010563306230666713,1.0
Error,6.2958315449034785,23,0.27373180630015126,,,,
