Contrast,Coef,Std.Err.,z,P>|z|,P>|z| (adj)
Decreasing - Increasing,5.938708373802375,3.3397416571988656,1.7781939393430015,0.07537200799964339,0.07537200799964337
