Contrast,Coef,Std.Err.,z,P>|z|,P>|z| (adj)
Decreasing - Increasing,4.75078159861146,1.511035401948938,3.1440571097698222,0.001666229183897805,0.001666229183897805
