Contrast,Coef,Std.Err.,z,P>|z|,P>|z| (adj)
Decreasing - Increasing,0.45693890833663536,0.22616301257643096,2.020396275815501,0.04334229942132173,0.04334229942132173
