Source,SS,DF,MS,F,p-unc,ng2,eps
condition,19.300495130229397,4,4.825123782557349,4.8333151447563205,0.0013904532049595082,0.07396864183890503,0.8442174485600982
Error,91.84408107070715,92,0.9983052290294255,,,,
