Source,SS,DF,MS,F,p-unc,ng2,eps
condition,114.13333333333372,4,28.53333333333343,1.1171130276895185,0.35331512663451375,0.016213349496174007,0.852968635375739
Error,2349.866666666666,92,25.542028985507237,,,,
