Source,SS,DF,MS,F,p-unc,ng2,eps
condition,6.8474395625199165,4,1.7118598906299791,1.7783607509351669,0.1825500581805137,0.16043353467452157,0.6379269382324965
Error,15.401688457011051,16,0.9626055285631907,,,,
