Source,SS,DF,MS,F,p-unc,ng2,eps
condition,15.698070105909283,4,3.9245175264773207,3.146970628910056,0.01792408798836025,0.03545896129910057,0.7553565935916485
Error,114.73116689397386,92,1.247077901021455,,,,
