condition,count,mean,std,min,25%,50%,75%,max,sem
from 2,11.0,1.1720329614037024,0.7929907636397772,0.1496879828033377,0.8038504252716725,0.9353525867563242,1.300442188306893,2.895899856223059,0.2390957113827768
from 3,10.0,1.3485983015460081,0.5505436617755698,0.6732364329372361,0.8329709037324352,1.3189469468633295,1.7226898624199598,2.263919192118374,0.174097192258018
from 4,11.0,1.9356853915110401,1.1908481315178494,0.721379760229225,1.345883047925964,1.475831133361345,2.0710570287403445,4.22051863557369,0.35905422132186426
from 5,3.0,2.2849107432229503,0.46877809519647234,1.9291682583872116,2.0193127562578908,2.10945725412857,2.46278198564082,2.81610671715307,0.2706491594518834
from 6,6.0,1.6300667359857952,0.5637364953409725,1.007058223662583,1.278152806194167,1.6201817944170207,1.71460533890718,2.622755606227699,0.23014446049504145
