condition,count,mean,std,min,25%,50%,75%,max,sem
from 2,15.0,1.3793416165419399,1.1101313043599674,0.0292556396036415,0.457332832211389,1.1029076520973538,2.0701118743457,3.5695690110856333,0.2866346702593114
from 3,11.0,1.546395763768529,1.6680588451120903,0.0827242089018492,0.1806225301283361,1.1580884842812298,1.9868829635197067,5.35340615144203,0.5029386652245779
from 4,12.0,1.6676611694697778,1.0857537833962467,0.2067577416580701,0.8055679082321441,1.4798119868384227,2.6362075680663546,3.158753830920149,0.31343011955873884
from 5,16.0,1.701423812896197,1.0342713446290073,0.0752355083535631,0.7310070192028488,1.6428277611130544,2.5676930822317745,3.3875640482852205,0.2585678361572518
from 6,16.0,1.6089700818556234,1.5617187899058034,0.0225036232913492,0.7753503487010729,1.068015470198469,1.9314228041671624,6.574809553707696,0.3904296974764508
