condition,count,mean,std,min,25%,50%,75%,max,sem
from 2,24.0,4.085350797505815,3.332318023140561,-2.963921373027807,1.6194032575339978,3.644690089906594,6.106975780330237,10.626952584984323,0.6802065681145267
from 3,24.0,3.500090992424098,3.5514087830733745,-3.3926053192868544,1.2757537803175787,3.4725946025422587,5.304443981138906,10.282824861703617,0.7249282822140267
from 4,24.0,3.92526243641534,3.301484035756087,-1.8108315464285607,2.394547225780502,3.2785877992469947,6.051978156914589,9.14210576489672,0.6739126067955787
from 5,24.0,3.723801181593378,3.1981075233436838,-2.3411317275578587,1.9462116656979696,3.7829484898742116,5.745531521016615,10.979537122149276,0.6528109645623389
from 6,24.0,3.8127231836415754,3.239251199640871,-3.083472524702489,1.6626508396394852,4.108304469142121,6.539048105241166,9.980099629455983,0.6612093823182016
