condition,count,mean,std,min,25%,50%,75%,max,sem
from 2,13.0,-1.9185955516778983,1.2920996030499865,-4.462617076978398,-2.8081951111338177,-1.7255582533933116,-0.9155279716424732,-0.3801600428719413,0.3583639516771841
from 3,14.0,-1.9301736155408447,0.9806527484931283,-3.4662783782560176,-2.61542955243472,-2.2366702396790408,-1.0850142635275277,-0.3738225634800837,0.2620904714471059
from 4,13.0,-1.8839510709280711,1.3543965297536014,-4.845624861566409,-2.252687909033529,-1.7207126356120894,-0.9378585379463296,-0.3452158194728067,0.3756420104105461
from 5,21.0,-2.2136555038178716,1.2283405812753023,-6.008133755432109,-2.863796818817709,-2.249204143706525,-1.347772480559337,-0.3990552877459515,0.268045890137149
from 6,18.0,-2.1216356690791467,1.4473294763057143,-6.82868954296489,-2.7835215231141537,-1.7721430346171871,-1.303412413549446,-0.3849593429705439,0.34113882910231513
