condition,count,mean,std,min,25%,50%,75%,max,sem
from 2,24.0,1.1258325248609269,1.6920243743575398,-2.3943576372353106,0.10640910907415034,0.7728045753632531,1.8978329447510114,5.238965810188649,0.3453830291273266
from 3,24.0,0.818164726024079,1.8447594933451796,-1.5901796435180025,-0.18355539764271445,0.2982939765648511,1.3898277749001902,6.013718829326319,0.37655995473757586
from 4,24.0,0.6564162743656512,1.981217701616174,-2.8467430072777646,-1.033687648894964,0.3445608539900924,2.0982907235412567,3.651206576692722,0.40441436986077345
from 5,24.0,1.4601325171648567,1.8832523757261175,-3.1242069292023245,0.09127505262422021,1.5540300584069575,3.021302171282748,4.478127951047887,0.3844172814510981
from 6,24.0,1.6028578616473714,2.1972323068151103,-2.126607559584884,0.2068120676710955,1.4432757985083184,2.4247308462826798,7.45958424818793,0.44850816650461955
