condition,count,mean,std,min,25%,50%,75%,max,sem
Increasing Crossover (no 1),8.0,1.2188938742817799,0.6890119771553173,0.2372749884726277,0.7133237539200812,1.2434886027925725,1.7671864757850564,2.211191935640987,0.24360252068263769
Increasing Large (no 1),7.0,2.6666556106826653,1.0500574587005636,0.8269340755020006,2.2461972216619994,2.6401714677646213,3.34750405103288,4.012081186122278,0.39688441400716684
Increasing Small (no 1),11.0,2.1695635119752845,1.4431063166774545,0.2507004476169097,1.4124155841236044,1.834681676557516,2.6567263404898673,5.403193731741111,0.43511292591008327
