condition,count,mean,std,min,25%,50%,75%,max,sem
Increasing Crossover (no 1),23.0,-5.7242279441937685,1.881118206285706,-9.993760684499309,-6.149227687905423,-5.284758554561012,-4.598191685752322,-2.744678586989897,0.3922402605557595
Increasing Large (no 1),22.0,-6.552688294785096,3.1129221593141514,-14.918282647268054,-7.4668874911702465,-5.490591175975775,-4.634074016964494,-2.971561124581885,0.6636772343250308
Increasing Small (no 1),21.0,-5.64612594209547,1.800414228011383,-10.612126660825744,-6.476026440173455,-5.39546533515333,-4.431519518990385,-2.5868800308704154,0.392882594387507
