condition,count,mean,std,min,25%,50%,75%,max,sem
Increasing Crossover (no 1),15.0,1.7286939365597334,1.6480102158001533,0.2577640045961106,0.6290841083219669,1.0319741765479806,2.4478326534473367,6.319002067405929,0.42551440801157897
Increasing Large (no 1),13.0,3.3426309138104338,1.6844176652001954,1.1470153124213809,2.278052777045085,2.6450099613298463,4.5675022621664,6.451797000885251,0.4671734047058954
Increasing Small (no 1),12.0,3.295391058756538,1.8449422794412877,0.751759632533619,2.03445560380813,2.6909370010791234,4.296791505955011,6.873121173575885,0.5325889608373746
