Contrast,Coef,Std.Err.,z,P>|z|,P>|z| (adj)
Increasing Crossover (no 1) - Increasing Large (no 1),3.3516458190855514,2.9161381553576664,1.1493439749854615,0.250414171890738,0.5788235291753678
Increasing Crossover (no 1) - Increasing Small (no 1),3.2132050075187935,2.937817977275661,1.0937386292729097,0.27406962699671,0.5788235291753678
Increasing Large (no 1) - Increasing Small (no 1),-0.13844081156675792,3.0227733316996863,-0.04579926986748739,0.9634702407630769,0.9634702407630769
