Contrast,Coef,Std.Err.,z,P>|z|,P>|z| (adj)
Increasing Crossover (no 1) - Increasing Large (no 1),1.1197113867727966,0.4599212098608161,2.4345721892487844,0.014909405531533082,0.044064659692009456
Increasing Crossover (no 1) - Increasing Small (no 1),0.8164197877134578,0.5221305541659941,1.5636315116964103,0.11790413014636747,0.22190687638716336
Increasing Large (no 1) - Increasing Small (no 1),-0.3032915990593388,0.46891024557297867,-0.646800964412146,0.517760768125004,0.517760768125004
