Contrast,Coef,Std.Err.,z,P>|z|,P>|z| (adj)
Increasing Crossover (no 1) - Increasing Large (no 1),-1.017862564870879,0.32891452981237845,-3.0946111302881474,0.001970710914194429,0.003937538126881533
Increasing Crossover (no 1) - Increasing Small (no 1),-1.2726834122790436,0.3313920095392816,-3.840416713874285,0.00012282563834453697,0.00036843165847427116
Increasing Large (no 1) - Increasing Small (no 1),-0.2548208474081646,0.35444560299212713,-0.7189279405839452,0.47218531993082324,0.47218531993082324
