Contrast,Coef,Std.Err.,z,P>|z|,P>|z| (adj)
Increasing Crossover (no 1) - Increasing Large (no 1),1.1849877454870528,0.3277080860533749,3.615985677247066,0.00029920691967055824,0.0008973522114557724
Increasing Crossover (no 1) - Increasing Small (no 1),0.9318819953028058,0.3696388232532178,2.5210609294263127,0.011700159077874472,0.023263424433301375
Increasing Large (no 1) - Increasing Small (no 1),-0.25310575018424697,0.33984980941880566,-0.7447576640313435,0.45641823248999813,0.4564182324899981
