Contrast,Coef,Std.Err.,z,P>|z|,P>|z| (adj)
Increasing Crossover (no 1) - Increasing Large (no 1),3.8348925748486202,2.1030244519090715,1.8235130701249829,0.06822571934440469,0.19103048527691685
Increasing Crossover (no 1) - Increasing Small (no 1),2.403610217679269,2.098410089716704,1.145443509568603,0.2520254835326776,0.44053412271547526
Increasing Large (no 1) - Increasing Small (no 1),-1.4312823571693514,2.1998263807501366,-0.6506342362715402,0.5152826245035176,0.5152826245035176
