Contrast,Coef,Std.Err.,z,P>|z|,P>|z| (adj)
Increasing Crossover (no 1) - Increasing Large (no 1),-2.6745319264285703,4.110126006845403,-0.6507177448998267,0.5152287062549448,0.5152287062549448
Increasing Crossover (no 1) - Increasing Small (no 1),-9.152706669113575,4.960267332850399,-1.8452043115696362,0.06500782355758195,0.1826201434771931
Increasing Large (no 1) - Increasing Small (no 1),-6.478174742685005,4.355489010468706,-1.4873587620389543,0.1369200822747696,0.2550930556194095
