Contrast,A,B,Paired,Parametric,T,dof,alternative,p-unc,p-corr,p-adjust,BF10,cohen,ci_lower,ci_upper
condition,Increasing Crossover (no 1),Increasing Large (no 1),True,True,0.017038771387084477,23.0,two-sided,0.9865526316269843,0.9865526316269843,fdr_bh,0.215,0.004670574255156247,-0.4187862188495967,0.42574226813997856
condition,Increasing Crossover (no 1),Increasing Small (no 1),True,True,3.0521243428123292,23.0,two-sided,0.005652570253162825,0.008478855379744238,fdr_bh,7.844,0.7256233573742353,0.16159029283103948,1.0844342524052353
condition,Increasing Large (no 1),Increasing Small (no 1),True,True,3.1760525254897867,23.0,two-sided,0.004212741876250816,0.008478855379744238,fdr_bh,10.081,0.6769258504484273,0.18379051564896387,1.1128274983056763
