Contrast,A,B,Paired,Parametric,T,dof,alternative,p-unc,p-corr,p-adjust,BF10,cohen,ci_lower,ci_upper
condition,Increasing Crossover (no 1),Increasing Large (no 1),True,True,1.970326720552585,3.0,two-sided,0.14340119155701503,0.4302035746710451,fdr_bh,1.165,0.5117306936009316,0.07816665683884139,1.9791760587946774
condition,Increasing Crossover (no 1),Increasing Small (no 1),True,True,0.04322789830052167,3.0,two-sided,0.9682361356511098,0.9682361356511098,fdr_bh,0.428,0.03524007814671601,-0.6451416230213549,1.0433934623889083
condition,Increasing Large (no 1),Increasing Small (no 1),True,True,-0.6862025695200317,3.0,two-sided,0.5418628763672259,0.8127943145508388,fdr_bh,0.514,-0.5628050111949862,-1.3904156339344556,0.759963507894061
