Contrast,A,B,Paired,Parametric,T,dof,alternative,p-unc,p-corr,p-adjust,BF10,cohen,ci_lower,ci_upper
condition,Increasing Crossover (no 1),Increasing Large (no 1),True,True,0.4233447522064957,23.0,two-sided,0.6759762395318596,0.804611898548304,fdr_bh,0.233,0.04819180794923924,-0.3366356619487908,0.5094654333139403
condition,Increasing Crossover (no 1),Increasing Small (no 1),True,True,-0.25025514549930195,23.0,two-sided,0.804611898548304,0.804611898548304,fdr_bh,0.221,-0.0634743351239444,-0.4736214665825788,0.37145523125270347
condition,Increasing Large (no 1),Increasing Small (no 1),True,True,-0.45536765982201194,23.0,two-sided,0.6531144641554256,0.804611898548304,fdr_bh,0.236,-0.10987414091547508,-0.5161256046142422,0.3302225359593759
