Contrast,A,B,Paired,Parametric,T,dof,alternative,p-unc,p-corr,p-adjust,BF10,cohen,ci_lower,ci_upper
condition,Increasing Crossover (no 1),Increasing Large (no 1),True,True,0.1816306436745999,13.0,two-sided,0.8586740167794089,0.8586740167794089,fdr_bh,0.274,0.06525784452616738,-0.47856372416807264,0.6305982526500031
condition,Increasing Crossover (no 1),Increasing Small (no 1),True,True,2.480671478220037,13.0,two-sided,0.027575130196038373,0.04136269529405756,fdr_bh,2.506,0.8750157204026677,-0.001379055498545445,1.0606588908375292
condition,Increasing Large (no 1),Increasing Small (no 1),True,True,2.762654170271069,13.0,two-sided,0.016142693614886666,0.04136269529405756,fdr_bh,3.846,0.7453721483017004,0.0870122488480306,1.3896885201943379
