{
  "analysis_id": "prime_55",
  "date_analyzed": "2026-02-23T12:04:41.671016",
  "baseline_ms": [
    -100,
    0
  ],
  "response_filter": "ALL",
  "fal_fraction": 0.5,
  "n_subjects_total": 24,
  "n_evokeds_included": 96,
  "conditions": [
    "5a",
    "5b",
    "5c",
    "5d",
    "5e"
  ],
  "components": {
    "P1": {
      "collapsed_peak_latency_ms": 96.0,
      "peak_gfp_amplitude": 0.9303426694414384,
      "fwhm_ms": 101.67500102577657,
      "window_start_ms": 11.806780105409473,
      "window_end_ms": 113.48178113118604,
      "search_range_ms": [
        60.0,
        120.0
      ],
      "method": "GFP_collapsed_localizer",
      "n_subjects": 96,
      "n_conditions": 5
    },
    "N1": {
      "collapsed_peak_latency_ms": 172.0,
      "peak_gfp_amplitude": -3.3472452065609763,
      "fwhm_ms": 77.13396609222531,
      "window_start_ms": 130.0408560728813,
      "window_end_ms": 207.1748221651066,
      "search_range_ms": [
        125.0,
        200.0
      ],
      "method": "GFP_collapsed_localizer",
      "n_subjects": 96,
      "n_conditions": 5
    },
    "P3b": {
      "collapsed_peak_latency_ms": 356.0,
      "peak_gfp_amplitude": 0.9935020171803995,
      "fwhm_ms": 35.87202932176558,
      "window_start_ms": 339.1255277081982,
      "window_end_ms": 374.9975570299638,
      "search_range_ms": [
        320.0,
        590.0
      ],
      "method": "GFP_collapsed_localizer",
      "n_subjects": 96,
      "n_conditions": 5
    },
    "Fz": {
      "collapsed_peak_latency_ms": 104.0,
      "peak_gfp_amplitude": -1.9553180634720146,
      "fwhm_ms": 30.501160501940603,
      "window_start_ms": 88.53594357789143,
      "window_end_ms": 119.03710407983203,
      "search_range_ms": [
        80.0,
        120.0
      ],
      "method": "GFP_collapsed_localizer",
      "n_subjects": 96,
      "n_conditions": 5
    }
  }
}