analysis_id,condition,p1_amp,n1_amp,p2p_amp,p1_lat_ms,n1_lat_ms,roi_channels
prime_55,5a,1.8010881496128415,-6.088566211345987,7.889654360958828,100.0,188.0,E66;E65;E59;E60;E67;E71;E70;E84;E76;E77;E85;E91;E90;E83
prime_55,5b,1.4650238693658857,-4.175014230698508,5.640038100064394,92.0,180.0,E66;E65;E59;E60;E67;E71;E70;E84;E76;E77;E85;E91;E90;E83
prime_55,5c,0.8951451015873156,-5.294486369182246,6.189631470769561,104.0,176.0,E66;E65;E59;E60;E67;E71;E70;E84;E76;E77;E85;E91;E90;E83
prime_55,5d,1.7316359135002342,-5.031154761158374,6.762790674658608,100.0,164.0,E66;E65;E59;E60;E67;E71;E70;E84;E76;E77;E85;E91;E90;E83
