{
  "analysis_id": "small_increasing_vs_decreasing",
  "date_analyzed": "2025-10-12T06:16:52.940246",
  "baseline_ms": [
    -100,
    0
  ],
  "response_filter": "ALL",
  "n_subjects_total": 24,
  "n_evokeds_included": 48,
  "conditions": [
    "Small_Increasing",
    "Small_Decreasing"
  ],
  "components": {
    "P1": {
      "peak_latency_ms": 116.0,
      "peak_gfp_amplitude": 0.7051147818637461,
      "fwhm_ms": 32.7695701484659,
      "window_start_ms": 94.93380263810639,
      "window_end_ms": 127.70337278657229,
      "search_range_ms": [
        60.0,
        120.0
      ],
      "method": "GFP_collapsed_localizer",
      "n_subjects": 48,
      "n_conditions": 2
    },
    "N1": {
      "peak_latency_ms": 172.0,
      "peak_gfp_amplitude": -3.548543858964579,
      "fwhm_ms": 73.05381343799746,
      "window_start_ms": 141.44668271254648,
      "window_end_ms": 214.50049615054394,
      "search_range_ms": [
        125.0,
        200.0
      ],
      "method": "GFP_collapsed_localizer",
      "n_subjects": 48,
      "n_conditions": 2
    },
    "P3b": {
      "peak_latency_ms": 472.0,
      "peak_gfp_amplitude": 3.0239456739142225,
      "fwhm_ms": 114.97234079916461,
      "window_start_ms": 419.78520781735415,
      "window_end_ms": 534.7575486165188,
      "search_range_ms": [
        320.0,
        590.0
      ],
      "method": "GFP_collapsed_localizer",
      "n_subjects": 48,
      "n_conditions": 2
    }
  }
}