{
  "analysis_id": "small_increasing_vs_decreasing",
  "date_analyzed": "2025-10-12T04:23:51.100705",
  "baseline_ms": [
    -100,
    0
  ],
  "response_filter": "ALL",
  "n_subjects_total": 24,
  "n_evokeds_included": 48,
  "conditions": [
    "Small_Increasing",
    "Small_Decreasing"
  ],
  "components": {
    "P1": {
      "peak_latency_ms": 108.0,
      "peak_gfp_amplitude": 5.528749449289651e-07,
      "fwhm_ms": 17.109528598646932,
      "window_start_ms": 99.6968094624219,
      "window_end_ms": 116.80633806106883,
      "search_range_ms": [
        60.0,
        120.0
      ],
      "method": "GFP_collapsed_localizer",
      "n_subjects": 48,
      "n_conditions": 2
    },
    "N1": {
      "peak_latency_ms": 176.0,
      "peak_gfp_amplitude": 2.4524576236340253e-06,
      "fwhm_ms": 54.99260488958549,
      "window_start_ms": 156.61557712150392,
      "window_end_ms": 211.6081820110894,
      "search_range_ms": [
        125.0,
        200.0
      ],
      "method": "GFP_collapsed_localizer",
      "n_subjects": 48,
      "n_conditions": 2
    },
    "P3b": {
      "peak_latency_ms": 568.0,
      "peak_gfp_amplitude": 4.546091696299248e-06,
      "fwhm_ms": 27.160281476582554,
      "window_start_ms": 556.8334672158918,
      "window_end_ms": 583.9937486924744,
      "search_range_ms": [
        320.0,
        590.0
      ],
      "method": "GFP_collapsed_localizer",
      "n_subjects": 48,
      "n_conditions": 2
    }
  }
}