analysis_id,component,condition,n_subjects,peak_latency_ms,window_start_ms,window_end_ms,fwhm_ms,mean_amplitude_roi,roi_channels
small_increasing_vs_decreasing,P1,Small_Increasing,24,108.0,99.6968094624219,116.80633806106883,17.109528598646932,-1.0515501785735763e-07,E71;E75;E76;E70;E83;E74;E81;E82
small_increasing_vs_decreasing,P1,Small_Decreasing,24,108.0,99.6968094624219,116.80633806106883,17.109528598646932,1.1892090738834185e-06,E71;E75;E76;E70;E83;E74;E81;E82
small_increasing_vs_decreasing,N1,Small_Increasing,24,176.0,156.61557712150392,211.6081820110894,54.99260488958549,-3.4404914737836946e-06,E66;E65;E59;E60;E67;E71;E70;E84;E76;E77;E85;E91;E90;E83
small_increasing_vs_decreasing,N1,Small_Decreasing,24,176.0,156.61557712150392,211.6081820110894,54.99260488958549,-2.438413983021849e-06,E66;E65;E59;E60;E67;E71;E70;E84;E76;E77;E85;E91;E90;E83
small_increasing_vs_decreasing,P3b,Small_Increasing,24,568.0,556.8334672158918,583.9937486924744,27.160281476582554,7.272892727591667e-07,E62;E78;E77;E72;E67;E61;E54;E55;E79
small_increasing_vs_decreasing,P3b,Small_Decreasing,24,568.0,556.8334672158918,583.9937486924744,27.160281476582554,1.7905992771236807e-06,E62;E78;E77;E72;E67;E61;E54;E55;E79
