analysis_id,component,condition,n_subjects,peak_latency_ms,window_start_ms,window_end_ms,fwhm_ms,mean_amplitude_roi,roi_channels
small_increasing_vs_decreasing,P1,Small_Increasing,24,116.0,94.93380263810639,127.70337278657229,32.7695701484659,-0.21219274943284436,E71;E75;E76;E70;E83;E74;E81;E82
small_increasing_vs_decreasing,P1,Small_Decreasing,24,116.0,94.93380263810639,127.70337278657229,32.7695701484659,1.1911323380595682,E71;E75;E76;E70;E83;E74;E81;E82
small_increasing_vs_decreasing,N1,Small_Increasing,24,172.0,141.44668271254648,214.50049615054394,73.05381343799746,-3.3874414540549065,E66;E65;E59;E60;E67;E71;E70;E84;E76;E77;E85;E91;E90;E83
small_increasing_vs_decreasing,N1,Small_Decreasing,24,172.0,141.44668271254648,214.50049615054394,73.05381343799746,-2.05569959242184,E66;E65;E59;E60;E67;E71;E70;E84;E76;E77;E85;E91;E90;E83
small_increasing_vs_decreasing,P3b,Small_Increasing,24,472.0,419.78520781735415,534.7575486165188,114.97234079916461,2.465999034001229,E62;E78;E77;E72;E67;E61;E54;E55;E79
small_increasing_vs_decreasing,P3b,Small_Decreasing,24,472.0,419.78520781735415,534.7575486165188,114.97234079916461,2.8529605133031395,E62;E78;E77;E72;E67;E61;E54;E55;E79
