Source,SS,DF,MS,F,p-unc,ng2,eps
condition,1.3419451764268466,3,0.4473150588089489,0.8238237380785497,0.5613999153780088,0.11856744337133325,0.3333333333333323
Error,1.628922686249295,3,0.542974228749765,,,,
