Source,SS,DF,MS,F,p-unc,ng2,eps
condition,4073.333333333342,3,1357.7777777777808,1.416604503941456,0.24534547415582078,0.043224199892470165,0.7862699661780984
Error,66134.66666666666,69,958.4734299516907,,,,
