Source,SS,DF,MS,F,p-unc,ng2,eps
condition,253.5,3,84.5,0.36078072583104603,0.7819262336867012,0.03895505186323473,0.7381827733796865
Error,4918.5,21,234.21428571428572,,,,
