Source,SS,DF,MS,F,p-unc,ng2,eps
condition,30.10019515655114,3,10.033398385517048,0.2803011964106748,0.8393022252885403,0.01155490758675384,0.8365260082772641
Error,1503.3925562497798,42,35.795060863089994,,,,
