Source,SS,DF,MS,F,p-unc,ng2,eps
condition,5.89613340568995,3,1.96537780189665,0.21531555263775753,0.8823573319025102,0.015503069061491155,0.37575443492573773
Error,54.76737126936189,6,9.127895211560315,,,,
