Source,SS,DF,MS,F,p-unc,ng2,eps
condition,2199.5999999999995,3,733.1999999999998,0.927301343426205,0.44097223168860633,0.07514861633071403,0.6140403900807451
Error,21348.4,27,790.6814814814816,,,,
