Source,SS,DF,MS,F,p-unc,ng2,eps
condition,4.730350797284067,3,1.576783599094689,0.4863093350110556,0.692904017784113,0.0063949875979361,0.9703431574368833
Error,223.7219409638932,69,3.2423469704912056,,,,
