Source,SS,DF,MS,F,p-unc,ng2,eps
condition,213.45454545454447,3,71.15151515151483,1.6387493020658772,0.20127805094416587,0.030657544262808655,0.6491789841807564
Error,1302.545454545455,30,43.41818181818183,,,,
