Source,SS,DF,MS,F,p-unc,ng2,eps
condition,13.588912074914294,3,4.529637358304765,1.1573609332507642,0.3422594959752457,0.055171871866357566,0.7320479126921322
Error,117.4129148868549,30,3.91376382956183,,,,
