Source,SS,DF,MS,F,p-unc,ng2,eps
condition,0.30521538218109834,3,0.10173846072703278,0.04265392255494461,0.9879346127599429,0.0023941108871341544,0.5610259790471044
Error,50.08935983591071,21,2.3852076112338434,,,,
