Source,SS,DF,MS,F,p-unc,ng2,eps
condition,395.99999999999955,3,131.99999999999986,0.6106194690265481,0.6103849520695277,0.016545961002785495,0.937178733288605
Error,14916.0,69,216.17391304347825,,,,
