condition,count,mean,std,min,25%,50%,75%,max,sem
2 to 1,20.0,3.768142079732479,2.680000297687033,0.1067244275572823,2.1522553833110365,3.0772301470845393,5.579423896121466,9.97758926198987,0.5992662845347879
3 to 1,20.0,4.010949431532114,2.3847644358730133,0.2411681369990831,2.6025125611587776,3.7471793478955533,4.713259944933209,9.510381324232643,0.5332495388935995
4 to 1,21.0,4.144506991145577,2.779852744741233,0.0382303861418587,1.6749129574778716,4.328141165657069,5.448366410387755,9.140197134237017,0.6066136011241646
Cardinality1,10.0,1.7422553650789883,1.4121251160493324,0.0195510687408166,0.5658011970631007,1.6169224276875716,3.0240243829854356,3.728825726800989,0.4465531707845485
