condition,count,mean,std,min,25%,50%,75%,max,sem
2 to 1,11.0,473.05176097882253,2.045372274962648,470.4076084428367,471.3585964889804,472.9975922480429,474.66485136621026,476.0090403991847,0.6167029447860658
3 to 1,17.0,472.42761788880716,2.8852561304565874,466.1568230916082,471.09036744104526,472.6102975652346,473.42794648528377,480.2993913055151,0.6997773989902004
4 to 1,18.0,471.9211751088143,1.7453335035841266,467.9158464213788,471.0561521248776,471.77383397466366,473.0705953626407,474.72855922438725,0.41137905193880153
Cardinality1,4.0,472.0703419241694,2.0075115676397792,469.7079849191552,471.3923731603673,471.9776236115116,472.65559237531363,474.6181355544991,1.0037557838198856
