condition,count,mean,std,min,25%,50%,75%,max,sem
2 to 1,19.0,4.812208892637851,2.2400636309849453,2.227597344661631,3.2973247115216733,4.330141366911843,6.134881101295495,9.132432480242164,0.5139058418191665
3 to 1,22.0,4.020035098464843,1.9146335422587537,1.3672602495239683,2.5843996362047124,3.710424125914451,5.429913974297821,9.143972660189712,0.4082012427680462
4 to 1,16.0,5.648528767200582,2.7542843860103607,1.4534589631790908,4.530807698935966,4.991604378968461,6.347320445065613,13.378663298619712,0.6885710965025903
Cardinality1,18.0,5.041009510733218,2.872376249283179,1.6537002054542964,3.354794046058873,4.465246579653748,6.131390632203181,13.502409538481729,0.677025574662439
