condition,count,mean,std,min,25%,50%,75%,max,sem
2 to 1,20.0,484.4759104056957,15.058761893695797,449.2614184341285,476.4429796175177,486.57968001597123,492.75777688341304,522.0829262278614,3.3672415251287284
3 to 1,20.0,482.01884779489336,12.89533230728216,463.9992783363597,475.93539035575117,478.4408074651401,485.6730159100855,517.0007502255437,2.88348396315321
4 to 1,21.0,483.84456078331607,14.111299267941314,460.2041848646897,478.8378324085012,482.0794693912493,485.93572663013856,526.367113922169,3.0793379547388553
Cardinality1,10.0,479.20971783739395,27.435982117941155,432.6687691275932,463.7887892577214,476.42579275841763,498.36072049607935,524.5876900992027,8.676019333634446
