condition,count,mean,std,min,25%,50%,75%,max,sem
2 to 1,12.0,4.422585371690284,1.7197191708890809,2.0955404930583468,3.3410236883958695,4.023648451814973,5.003007011273707,7.817195012961355,0.49644016312168554
3 to 1,11.0,4.178766922512347,1.546920621912242,2.426846281933437,2.9215857427559246,3.988076093792971,5.235266764163904,6.846512917942097,0.46641411666783045
4 to 1,14.0,4.094402481361252,1.9954606129841983,1.4575168650551984,3.0923111131885928,3.5577797480030586,4.1134610784684424,8.94871935236503,0.5333092816134845
Cardinality1,13.0,3.7985947884229883,2.2105877140837102,1.7098140330369938,2.115458941792489,3.512450545256084,4.174837658644448,8.80914939972166,0.6131067193876574
