Contrast,Coef,Std.Err.,z,P>|z|,P>|z| (adj)
2 to 1 - 3 to 1,14.7507635037952,9.011194238920687,1.6369376924630545,0.10164348918766053,0.4743552657672572
2 to 1 - 4 to 1,8.69643672070146,8.850388331961652,0.9826051009870129,0.32580183290165765,0.7933905079529222
2 to 1 - Cardinality1,16.58137799199529,10.933377683047535,1.516583298654826,0.12937192471746073,0.499777365629521
3 to 1 - 4 to 1,-6.054326783093741,8.757021941515807,-0.6913682326626396,0.48933416232071547,0.8566244606860877
3 to 1 - Cardinality1,1.830614488200089,11.24396102802929,0.16280868313547844,0.8706690713387348,0.8706690713387348
4 to 1 - Cardinality1,7.88494127129383,11.07801639641948,0.7117647229554848,0.4766104810358307,0.8566244606860877
