Contrast,Coef,Std.Err.,z,P>|z|,P>|z| (adj)
2 to 1 - 3 to 1,0.5523898304796524,0.40461679624782587,1.3652172514887797,0.17218477776265528,0.5303940049225786
2 to 1 - 4 to 1,-0.354558694096989,0.4285464798563508,-0.8273517827420667,0.4080377014397001,0.792564948467739
2 to 1 - Cardinality1,-0.14517220886743226,0.41573417707027477,-0.3491947905040597,0.7269430769247398,0.8667759458422766
3 to 1 - 4 to 1,-0.9069485245766413,0.43162514483683023,-2.1012411705520546,0.03561980103139173,0.19556731499445223
3 to 1 - Cardinality1,-0.6975620393470847,0.4048466643764248,-1.7230277552651252,0.08488350596131933,0.35822629997602307
4 to 1 - Cardinality1,0.20938648522955672,0.4410928604020347,0.47469932983887136,0.6350012956766511,0.8667759458422766
