Contrast,Coef,Std.Err.,z,P>|z|,P>|z| (adj)
2 to 1 - 3 to 1,2.3859414421194267,4.854778172083689,0.49146250509225053,0.6230993651484527,0.9766932118444025
2 to 1 - 4 to 1,0.331530813537448,4.7449582133571315,0.06987012290312349,0.9442970334637493,0.9766932118444025
2 to 1 - Cardinality1,5.534231195396737,5.961389541085715,0.9283458424004981,0.35322820165842606,0.9268007807686564
3 to 1 - 4 to 1,-2.0544106285819788,4.7115698725770745,-0.4360352672554728,0.6628111419699869,0.9766932118444025
3 to 1 - Cardinality1,3.1482897532773104,6.159736537614957,0.5111078589241619,0.6092755332098609,0.9766932118444025
4 to 1 - Cardinality1,5.202700381859289,6.072861059010769,0.8567132248381748,0.39160339269426414,0.9268007807686564
