Contrast,Coef,Std.Err.,z,P>|z|,P>|z| (adj)
2 to 1 - 3 to 1,0.2519959812396567,0.458247231238971,0.5499127197306372,0.582379239477596,0.822979570217119
2 to 1 - 4 to 1,-0.7247156604865771,0.4842980313676121,-1.4964249564262075,0.13454295013196305,0.49311843692732027
2 to 1 - Cardinality1,-0.4480033565346405,0.4690998044652433,-0.9550278048939884,0.33956363610249607,0.7119333825570192
3 to 1 - 4 to 1,-0.9767116417262338,0.4894278080609178,-1.995619426685018,0.045975363323439655,0.2460239682070756
3 to 1 - Cardinality1,-0.6999993377742972,0.45878318478791946,-1.5257737445148172,0.12706622158767833,0.49311843692732027
4 to 1 - Cardinality1,0.2767123039519366,0.4990636327597638,0.5544629698256107,0.5792620414285383,0.822979570217119
