Contrast,Coef,Std.Err.,z,P>|z|,P>|z| (adj)
2 to 1 - 3 to 1,0.5245038122741252,0.5692336139382185,0.921421011393491,0.3568306630446716,0.7427243822196095
2 to 1 - 4 to 1,0.7448746828435735,0.6309550251132114,1.180551153721173,0.23778107789184122,0.7427243822196095
2 to 1 - Cardinality1,-0.08551812225607301,0.583704399041032,-0.14650929887897152,0.8835193496847418,0.9190851050122563
3 to 1 - 4 to 1,0.22037087056944826,0.6047170878399382,0.36441978406235803,0.7155445641444977,0.9190851050122563
3 to 1 - Cardinality1,-0.6100219345301983,0.5406841163711703,-1.12824090085056,0.2592181948406469,0.7427243822196095
4 to 1 - Cardinality1,-0.8303928050996465,0.6400642721894618,-1.2973584703597494,0.19450787480862086,0.7268710132028131
