Contrast,Coef,Std.Err.,z,P>|z|,P>|z| (adj)
2 to 1 - 3 to 1,-0.4575424129288388,0.47579098726032004,-0.9616458175541335,0.33622754798232224,0.7275292543986154
2 to 1 - 4 to 1,-0.9376905894867541,0.48182402679106023,-1.9461266714567087,0.05163952548809059,0.2724871448362089
2 to 1 - Cardinality1,-0.8346855505916116,0.5136577756710359,-1.6249837734884656,0.10416601636489631,0.4230506779967534
3 to 1 - 4 to 1,-0.4801481765579153,0.4421567899331098,-1.0859228841211572,0.2775131114950997,0.7275292543986154
3 to 1 - Cardinality1,-0.37714313766277285,0.4796917249246625,-0.7862198117384758,0.43173872128002144,0.7275292543986154
4 to 1 - Cardinality1,0.10300503889514245,0.4831034519103084,0.21321528233308107,0.8311590487475837,0.8311590487475837
