Contrast,Coef,Std.Err.,z,P>|z|,P>|z| (adj)
2 to 1 - 3 to 1,0.29731440237167855,0.5888984024417245,0.5048653573161965,0.6136534073323117,0.9397932795188884
2 to 1 - 4 to 1,0.005485111875320015,0.5749846614341872,0.00953957947615241,0.9923886322632156,0.9923886322632156
2 to 1 - Cardinality1,1.8884441372531924,0.743479893725148,2.5400070038091958,0.011085024901300367,0.06469399933439307
3 to 1 - 4 to 1,-0.29182929049635853,0.5690469243482672,-0.512838709796371,0.6080641493952927,0.9397932795188884
3 to 1 - Cardinality1,1.5911297348815139,0.7781650126081026,2.044720218850079,0.04088244911286343,0.15377207464102016
4 to 1 - Cardinality1,1.8829590253778723,0.7712515914123914,2.4414329206499445,0.014629105814771615,0.07103650122866625
