Contrast,Coef,Std.Err.,z,P>|z|,P>|z| (adj)
2 to 1 - 3 to 1,-0.10447596410748564,2.4068424543376206,-0.043407894820534955,0.9653763844780276,0.9653763844780276
2 to 1 - 4 to 1,-4.029415347450233,2.430646768140364,-1.6577543887765531,0.09736705096393483,0.4008219252774786
2 to 1 - Cardinality1,-1.7115513991229958,2.5955967290392272,-0.6594057466533081,0.5096352528923154,0.8793230770877845
3 to 1 - 4 to 1,-3.9249393833427475,2.2249966411213196,-1.7640203633587137,0.07772855084099328,0.38460695153047253
3 to 1 - Cardinality1,-1.60707543501551,2.415413068898645,-0.6653418645897646,0.5058318594940916,0.8793230770877845
4 to 1 - Cardinality1,2.317863948327237,2.432551059002235,0.9528531537907208,0.34066447844199743,0.8110156263640025
