Contrast,Coef,Std.Err.,z,P>|z|,P>|z| (adj)
2 to 1 - 3 to 1,0.5768419957999354,0.47711050552500867,1.2090322663618212,0.22665044937707401,0.7233827958112685
2 to 1 - 4 to 1,0.06774629897111979,0.47701523621522857,0.14202124759921245,0.8870632226431241,0.8870632226431241
2 to 1 - Cardinality1,-0.24492559330905836,0.4770078973278629,-0.5134623445043576,0.6076279446655599,0.8839026865366875
3 to 1 - 4 to 1,-0.5090956968288156,0.4771736213181483,-1.0668982401468161,0.2860177896285645,0.7401339387127199
3 to 1 - Cardinality1,-0.8217675891089938,0.4771020336680476,-1.7224147689983513,0.08499441018033349,0.41312922476696134
4 to 1 - Cardinality1,-0.31267189228017817,0.4770177596349784,-0.6554722250161916,0.5121637633735547,0.8839026865366875
