Contrast,Coef,Std.Err.,z,P>|z|,P>|z| (adj)
2 to 1 - 3 to 1,0.049585804946054635,0.4926260800249701,0.10065606949502398,0.919823485654105,0.9779136119909373
2 to 1 - 4 to 1,-0.36243473808222004,0.4883708985155879,-0.7421300883894739,0.4580085214443721,0.9540032363488153
2 to 1 - Cardinality1,-0.2706956469561683,0.4908599922530774,-0.551472214538526,0.5813100087884355,0.9540032363488153
3 to 1 - 4 to 1,-0.4120205430282747,0.4910352644663145,-0.8390854442523235,0.40142136355259117,0.9540032363488153
3 to 1 - Cardinality1,-0.32028145190222296,0.48841843948750424,-0.6557521706966943,0.5119835952283915,0.9540032363488153
4 to 1 - Cardinality1,0.09173909112605172,0.4896631492698145,0.18735142977953928,0.8513851016584721,0.9779136119909373
