Contrast,Coef,Std.Err.,z,P>|z|,P>|z| (adj)
2 to 1 - 3 to 1,-0.03794975771358652,0.4226203879018436,-0.08979632502348799,0.9284490686002111,0.9996336924463076
2 to 1 - 4 to 1,0.17687576413061823,0.38834421016858217,0.45546131369857573,0.648777393352012,0.9964984093880228
2 to 1 - Cardinality1,-0.018241519233269478,0.394667084981322,-0.04622001663536946,0.9631348885547721,0.9996336924463076
3 to 1 - 4 to 1,0.21482552184420475,0.42154036366815534,0.5096202887306885,0.6103175070957139,0.9964984093880228
3 to 1 - Cardinality1,0.01970823848031704,0.42438522262140244,0.0464395022017506,0.9629599522568824,0.9996336924463076
4 to 1 - Cardinality1,-0.1951172833638877,0.3956909214837949,-0.49310528185034064,0.6219381989988388,0.9964984093880228
