Contrast,Coef,Std.Err.,z,P>|z|,P>|z| (adj)
2 to 1 - 3 to 1,3.0590003278960083,3.336458351273976,0.9168405554134897,0.35922619751128604,0.8314149765572426
2 to 1 - 4 to 1,-2.521525538020305,3.3144781237945233,-0.7607609535626019,0.44679986037709285,0.8314149765572426
2 to 1 - Cardinality1,2.0832315203873235,3.327330080377787,0.6260970417911745,0.5312512924306003,0.8314149765572426
3 to 1 - 4 to 1,-5.5805258659163135,3.3282356513199147,-1.6767219784161567,0.09359686073607243,0.4454657102133392
3 to 1 - Cardinality1,-0.9757688075086848,3.3147234460589243,-0.2943741230264128,0.7684720381864238,0.8314149765572426
4 to 1 - Cardinality1,4.604757058407628,3.321148465037025,1.3864953966628208,0.16559568494682897,0.5955333605057669
