Contrast,Coef,Std.Err.,z,P>|z|,P>|z| (adj)
2 to 1 - 3 to 1,0.552389830479653,0.40461679624782576,1.3652172514887815,0.17218477776265484,0.5303940049225776
2 to 1 - 4 to 1,-0.35455869409698876,0.4285464798563508,-0.8273517827420661,0.4080377014397003,0.7925649484677392
2 to 1 - Cardinality1,-0.14517220886743193,0.4157341770702747,-0.34919479050405894,0.7269430769247403,0.8667759458422762
3 to 1 - 4 to 1,-0.9069485245766418,0.4316251448368302,-2.101241170552056,0.03561980103139173,0.19556731499445223
3 to 1 - Cardinality1,-0.6975620393470849,0.40484666437642475,-1.7230277552651259,0.08488350596131933,0.35822629997602307
4 to 1 - Cardinality1,0.20938648522955683,0.44109286040203466,0.4746993298388717,0.6350012956766506,0.8667759458422762
