Contrast,A,B,Paired,Parametric,T,dof,alternative,p-unc,p-corr,p-adjust,BF10,cohen,ci_lower,ci_upper
condition,2 to 1,3 to 1,True,True,-1.1285495375142875,10.0,two-sided,0.2854347088673834,0.5708694177347668,fdr_bh,0.501,-0.3045360994095176,-0.6887964506898088,0.42362349442512803
condition,2 to 1,4 to 1,True,True,-2.0806035081112584,10.0,two-sided,0.064132818062933,0.3836909565222189,fdr_bh,1.415,-0.6538600927717167,-1.0080399752871976,0.1494303780538644
condition,2 to 1,Cardinality1,True,True,-1.6600207279976196,10.0,two-sided,0.1278969855074063,0.3836909565222189,fdr_bh,0.855,-0.5030044347673303,-1.224116600356003,0.13721759077288187
condition,3 to 1,4 to 1,True,True,-0.8305010979695049,10.0,two-sided,0.42563907145599067,0.6384586071839861,fdr_bh,0.397,-0.2764752689455472,-0.7084918134070507,0.26714242805721067
condition,3 to 1,Cardinality1,True,True,-0.37174445656954513,10.0,two-sided,0.7178390009178774,0.7936127639284297,fdr_bh,0.316,-0.16324382333190807,-0.5944625087348457,0.5135536305462066
condition,4 to 1,Cardinality1,True,True,0.26871307995247756,10.0,two-sided,0.7936127639284297,0.7936127639284297,fdr_bh,0.307,0.11148904631023324,-0.49975555525183035,0.6086277311854741
