Contrast,A,B,Paired,Parametric,T,dof,alternative,p-unc,p-corr,p-adjust,BF10,cohen,ci_lower,ci_upper
condition,2 to 1,3 to 1,True,True,-1.0251669249375954,7.0,two-sided,0.3394001981562266,0.6788003963124531,fdr_bh,0.51,-0.4097788596490754,-1.2555548371750398,0.2610260559995044
condition,2 to 1,4 to 1,True,True,0.5896325874774394,7.0,two-sided,0.5739673053574108,0.7747166917160797,fdr_bh,0.389,0.27591459345215447,-0.44297623043819456,0.7172041622772862
condition,2 to 1,Cardinality1,True,True,0.15869521725470945,7.0,two-sided,0.8783904051665717,0.8783904051665717,fdr_bh,0.34,0.08085659950498755,-0.5007769403425543,0.7111493488412856
condition,3 to 1,4 to 1,True,True,1.7216677565296095,7.0,two-sided,0.12880377529861725,0.4647444552895951,fdr_bh,0.956,0.5359731942898514,-0.06291902455407616,1.329393031208593
condition,3 to 1,Cardinality1,True,True,1.5942251160371208,7.0,two-sided,0.15491481842986504,0.4647444552895951,fdr_bh,0.842,0.3711214240166643,-0.6560924513158671,0.7759043951359635
condition,4 to 1,Cardinality1,True,True,-0.48039328967615613,7.0,two-sided,0.6455972430967332,0.7747166917160797,fdr_bh,0.37,-0.16452175897298718,-0.9292685504324923,0.3081201769093881
