Contrast,A,B,Paired,Parametric,T,dof,alternative,p-unc,p-corr,p-adjust,BF10,cohen,ci_lower,ci_upper
condition,2 to 1,3 to 1,True,True,2.0413727176454732,9.0,two-sided,0.0716059948130096,0.4296359688780576,fdr_bh,1.347,1.0405862978830902,0.07462316799560031,1.159793827154004
condition,2 to 1,4 to 1,True,True,0.980433423167152,9.0,two-sided,0.3524908362634981,0.5287362543952472,fdr_bh,0.458,0.31882901384464746,-0.25842156725514404,0.6883593439217262
condition,2 to 1,Cardinality1,True,True,1.1590011139293837,9.0,two-sided,0.2762817092338554,0.5287362543952472,fdr_bh,0.53,0.5449481141379382,-0.3724813812838234,1.1054980474216547
condition,3 to 1,4 to 1,True,True,-1.0456183722419659,9.0,two-sided,0.3230064772103829,0.5287362543952472,fdr_bh,0.482,-0.4262862692860321,-0.6443210669184398,0.3257434828733761
condition,3 to 1,Cardinality1,True,True,-0.24248610270298648,9.0,two-sided,0.8138391377126581,0.8138391377126581,fdr_bh,0.317,-0.11245196559602882,-0.7930885386645634,0.6397268615687735
condition,4 to 1,Cardinality1,True,True,0.4278464284550774,9.0,two-sided,0.6788184194819078,0.8138391377126581,fdr_bh,0.334,0.2228109958190938,-0.5833262270069942,0.8539200675442583
