Contrast,A,B,Paired,Parametric,T,dof,alternative,p-unc,p-corr,p-adjust,BF10,cohen,ci_lower,ci_upper
condition,2 to 1,3 to 1,True,True,-0.4477010641239133,2.0,two-sided,0.698189925950021,0.7720002531564879,fdr_bh,0.508,-0.2778284403649818,-1.7692914088765608,1.4352697476559306
condition,2 to 1,4 to 1,True,True,-0.3311627669723291,2.0,two-sided,0.7720002531564879,0.7720002531564879,fdr_bh,0.49,-0.15335157989648282,-1.075725118956886,1.4266426883409826
condition,2 to 1,Cardinality1,True,True,-0.7137573491278605,2.0,two-sided,0.5494309481350144,0.7720002531564879,fdr_bh,0.569,-0.6652206808329775,-1.8856158130312877,1.3528043948822401
condition,3 to 1,4 to 1,True,True,0.5959153423523798,2.0,two-sided,0.6116900680483239,0.7720002531564879,fdr_bh,0.539,0.252612426949084,-1.0553414116237256,1.0435481127764854
condition,3 to 1,Cardinality1,True,True,-1.2334596200133334,2.0,two-sided,0.3426966271511528,0.7720002531564879,fdr_bh,0.752,-1.3936180495026815,-1.0595126633153105,1.447012410497353
condition,4 to 1,Cardinality1,True,True,-1.1096963403128763,2.0,two-sided,0.382684689379049,0.7720002531564879,fdr_bh,0.702,-1.1519545941781082,-0.8190713843699542,1.0360550664908343
