Contrast,A,B,Paired,Parametric,T,dof,alternative,p-unc,p-corr,p-adjust,BF10,cohen,ci_lower,ci_upper
condition,2 to 1,3 to 1,True,True,1.2793505753039252,23.0,two-sided,0.21353004387385296,0.7940114491599695,fdr_bh,0.443,0.3521537154713859,-0.16825558704834387,0.6905482723201309
condition,2 to 1,4 to 1,True,True,0.8907109967917366,23.0,two-sided,0.38230732442167503,0.7940114491599695,fdr_bh,0.307,0.2514715878434626,-0.24392272210957422,0.6075539638471641
condition,2 to 1,Cardinality1,True,True,0.7908082216976071,23.0,two-sided,0.4371349345607807,0.7940114491599695,fdr_bh,0.285,0.18413251397742628,-0.26358178131452337,0.5864278859073391
condition,3 to 1,4 to 1,True,True,-0.33785192110676754,23.0,two-sided,0.7385390533894772,0.7940114491599695,fdr_bh,0.226,-0.08497019062056214,-0.4917284733068791,0.3538010040851093
condition,3 to 1,Cardinality1,True,True,-0.5852057359806528,23.0,two-sided,0.564107364201344,0.7940114491599695,fdr_bh,0.251,-0.16234282118647592,-0.5432212702983281,0.30431202901457977
condition,4 to 1,Cardinality1,True,True,-0.26415707648110254,23.0,two-sided,0.7940114491599695,0.7940114491599695,fdr_bh,0.222,-0.07129828958909883,-0.47649062030547673,0.36864894541813475
