Contrast,A,B,Paired,Parametric,T,dof,alternative,p-unc,p-corr,p-adjust,BF10,cohen,ci_lower,ci_upper
condition,2 to 1,3 to 1,True,True,1.0270759567641667,23.0,two-sided,0.31506583697698054,0.6046605671725853,fdr_bh,0.344,0.23160550323752427,-0.2172267364037953,0.6365287399293029
condition,2 to 1,4 to 1,True,True,-0.679048345829911,23.0,two-sided,0.5038838059771544,0.6046605671725853,fdr_bh,0.265,-0.1830736766682526,-0.562896493066348,0.2856761667389727
condition,2 to 1,Cardinality1,True,True,0.8284837404201493,23.0,two-sided,0.41591150846027813,0.6046605671725853,fdr_bh,0.293,0.15274780758660483,-0.256157830118806,0.5943849008224388
condition,3 to 1,4 to 1,True,True,-1.5290595851417381,23.0,two-sided,0.13988751518943673,0.6046605671725853,fdr_bh,0.596,-0.42274297173789716,-0.7445426422737431,0.12030668062224503
condition,3 to 1,Cardinality1,True,True,-0.31554254795050946,23.0,two-sided,0.7551951028451486,0.7551951028451486,fdr_bh,0.225,-0.07172084445159897,-0.4871105456239426,0.3582908398545356
condition,4 to 1,Cardinality1,True,True,1.2027994731163145,23.0,two-sided,0.2412901087583491,0.6046605671725853,fdr_bh,0.408,0.33509721124683134,-0.1830588438239137,0.6740996724944842
