Contrast,A,B,Paired,Parametric,T,dof,alternative,p-unc,p-corr,p-adjust,BF10,cohen,ci_lower,ci_upper
condition,2 to 1,3 to 1,True,True,-0.1052380285895958,23.0,two-sided,0.9170993511482541,0.9170993511482541,fdr_bh,0.216,-0.01832906054357777,-0.44379330070525497,0.40083005544176536
condition,2 to 1,4 to 1,True,True,-0.9960089791542314,23.0,two-sided,0.3296097624260569,0.4944146436390853,fdr_bh,0.335,-0.12296676842970553,-0.6299136653798949,0.22329470235352264
condition,2 to 1,Cardinality1,True,True,5.239895676001737,23.0,two-sided,2.5777607650640973e-05,7.733282295192293e-05,fdr_bh,918.683,0.9924658568415753,0.5401565725792087,1.5990218793574886
condition,3 to 1,4 to 1,True,True,-0.5588473143392552,23.0,two-sided,0.5816668425304949,0.6980002110365939,fdr_bh,0.247,-0.10208858952345366,-0.5377086891937527,0.3095602284844307
condition,3 to 1,Cardinality1,True,True,3.9102028592943494,23.0,two-sided,0.0007029052035338657,0.0014058104070677315,fdr_bh,47.795,0.9784608943318212,0.31329287140760004,1.2830407612662276
condition,4 to 1,Cardinality1,True,True,5.445928728453608,23.0,two-sided,1.553849964445086e-05,7.733282295192293e-05,fdr_bh,1454.102,1.0796046718848467,0.574544662691202,1.6487464306880226
