Contrast,A,B,Paired,Parametric,T,dof,alternative,p-unc,p-corr,p-adjust,BF10,cohen,ci_lower,ci_upper
condition,2 to 1,3 to 1,True,True,1.3596391360691467,9.0,two-sided,0.20702894839086103,0.8740663797683739,fdr_bh,0.637,0.3817450274519674,-0.12873589028084653,0.9023741089336951
condition,2 to 1,4 to 1,True,True,0.16306976391839875,9.0,two-sided,0.8740663797683739,0.8740663797683739,fdr_bh,0.312,0.06268818485940335,-0.4684667492792426,0.4675621114366719
condition,2 to 1,Cardinality1,True,True,0.6639932285383701,9.0,two-sided,0.5233388917436641,0.8740663797683739,fdr_bh,0.372,0.2658659057299747,-0.513225618510183,0.933171809132176
condition,3 to 1,4 to 1,True,True,-0.5907567923890347,9.0,two-sided,0.5692194813819411,0.8740663797683739,fdr_bh,0.358,-0.24937099658407633,-0.6433464178237299,0.3266467068123273
condition,3 to 1,Cardinality1,True,True,0.20091223319007703,9.0,two-sided,0.8452342774044661,0.8740663797683739,fdr_bh,0.314,0.08833519669052921,-0.6525444129509104,0.7796124662852144
condition,4 to 1,Cardinality1,True,True,0.5473767616597046,9.0,two-sided,0.5974298352308987,0.8740663797683739,fdr_bh,0.351,0.2189692541987064,-0.5475996602552101,0.8937911212735693
