Contrast,A,B,Paired,Parametric,T,dof,alternative,p-unc,p-corr,p-adjust,BF10,cohen,ci_lower,ci_upper
condition,2 to 1,3 to 1,True,True,0.7851719837207694,14.0,two-sided,0.4454374790811889,0.9512286846510489,fdr_bh,0.343,0.2478619679406909,-0.3719359523245607,0.5950270670043936
condition,2 to 1,4 to 1,True,True,0.23063557647008062,14.0,two-sided,0.8209341745731566,0.9512286846510489,fdr_bh,0.269,0.07929465614922071,-0.466327391026528,0.6005975429141248
condition,2 to 1,Cardinality1,True,True,0.7388851818686402,14.0,two-sided,0.4721836052182068,0.9512286846510489,fdr_bh,0.333,0.2140563726456004,-0.32110223868187304,0.6815164690814793
condition,3 to 1,4 to 1,True,True,-0.6239418772240236,14.0,two-sided,0.5426994149893706,0.9512286846510489,fdr_bh,0.311,-0.19323781954528027,-0.6496362724567917,0.41960713697747315
condition,3 to 1,Cardinality1,True,True,-0.062269260725492534,14.0,two-sided,0.9512286846510489,0.9512286846510489,fdr_bh,0.263,-0.021020564314631396,-0.45455460665966124,0.5404808436413336
condition,4 to 1,Cardinality1,True,True,0.4762267767173948,14.0,two-sided,0.6412593891621455,0.9512286846510489,fdr_bh,0.29,0.16050783601099278,-0.4329095952486,0.6788320452812011
