Source,SS,DF,MS,F,p-unc,ng2,eps
condition,300.0,1,300.0,1.088328075709779,0.30768372855558046,0.012556504269211451,1.0
Error,6340.0,23,275.6521739130435,,,,
