Source,SS,DF,MS,F,p-unc,ng2,eps
condition,533.3333333333363,1,533.3333333333363,0.21251039453016846,0.6491364142803291,0.005577244841048553,1.0
Error,57722.66666666666,23,2509.6811594202895,,,,
