Source,SS,DF,MS,F,p-unc,ng2,eps
condition,1.259355009695653,1,1.259355009695653,0.33366191082869917,0.5845201228764292,0.033777974694048404,1.0
Error,22.64606721039012,6,3.7743445350650204,,,,
