Source,SS,DF,MS,F,p-unc,ng2,eps
condition,0.01634917192123385,1,0.01634917192123385,0.013529121786279758,0.9119304550142889,0.0006435501270948197,1.0
Error,6.042214779164002,5,1.2084429558328005,,,,
