Source,SS,DF,MS,F,p-unc,ng2,eps
condition,2.1957349311635213,1,2.1957349311635213,2.506419582258605,0.12832812353243642,0.008632660510077403,1.0
Error,18.396933171453497,21,0.8760444367358808,,,,
