condition,count,mean,std,min,25%,50%,75%,max,sem
1 to 2,24.0,0.8930151401352123,2.141293822211645,-2.815410535044355,-0.02425456653002428,0.6597047428664697,2.4778678565799996,4.288064036739493,0.43708977114936753
1 to 3,24.0,0.7425787862977474,2.151008268363993,-2.9219707957625487,-0.8602576655128727,0.1762016284347551,1.955052909043539,5.227377987176068,0.43907272416661725
