condition,count,mean,std,min,25%,50%,75%,max,sem
1 to 2,12.0,2.234730810510858,1.5331538295024785,0.1241679167376527,1.5256365195514867,1.914798333188238,2.659261870020499,5.601658898007744,0.4425833880861808
1 to 3,12.0,2.218686987547828,1.5220514695276015,0.5968238191750541,0.8480045643881087,2.0936391127583347,2.8466425970898186,5.015228905271943,0.43937841282611306
