Contrast,Coef,Std.Err.,z,P>|z|,P>|z| (adj)
1 to 2 - 1 to 3,-0.21649562877882697,0.41191443743482503,-0.5255839783792038,0.5991772909631665,0.5991772909631665
