Contrast,Coef,Std.Err.,z,P>|z|,P>|z| (adj)
1 to 2 - 1 to 3,-0.7400031410446839,0.6820549788742447,-1.0849611306497382,0.27793887099372605,0.27793887099372605
