Contrast,Coef,Std.Err.,z,P>|z|,P>|z| (adj)
1 to 2 - 1 to 3,3.082711537043001,4.7593635483542975,0.6477150790695423,0.5171692495044875,0.5171692495044875
