Contrast,Coef,Std.Err.,z,P>|z|,P>|z| (adj)
1 to 2 - 1 to 3,0.9590908600079644,0.8923261426843313,1.0748209809507416,0.28245488511988004,0.28245488511988004
