Contrast,Coef,Std.Err.,z,P>|z|,P>|z| (adj)
1 to 2 - 1 to 3,1.652471463386442,0.8804694069298047,1.8768073602336817,0.06054450133196676,0.06054450133196677
