Contrast,Coef,Std.Err.,z,P>|z|,P>|z| (adj)
1 to 2 - 1 to 3,0.06885578207180619,0.5247429898326159,0.13121810754207505,0.895602772061169,0.895602772061169
