Contrast,Coef,Std.Err.,z,P>|z|,P>|z| (adj)
1 to 2 - 1 to 3,0.2249511702507609,0.17957570369578044,1.252681546674327,0.21032162429373535,0.21032162429373538
