Contrast,Coef,Std.Err.,z,P>|z|,P>|z| (adj)
1 to 2 - 1 to 3,0.34602312947757835,4.083103432674662,0.08474512957682137,0.9324640167765716,0.9324640167765716
