Source,SS,DF,MS,F,p-unc,ng2,eps
condition,1207.1666666666652,3,402.3888888888884,2.900377805247485,0.041060335181926075,0.07746275520571523,0.8789680997235949
Error,9572.833333333334,69,138.73671497584542,,,,
