Source,SS,DF,MS,F,p-unc,ng2,eps
condition,11.421104162010472,3,3.8070347206701576,0.6514219538792613,0.5865143402850049,0.023858418174788225,0.7787878297285131
Error,245.45604782884345,42,5.8441916149724635,,,,
