Source,SS,DF,MS,F,p-unc,ng2,eps
condition,784.0,3,261.3333333333333,6.999999999999999,0.07214680640719377,0.875,0.3333333333333333
Error,112.0,3,37.333333333333336,,,,
