Source,SS,DF,MS,F,p-unc,ng2,eps
condition,187.88244666070852,3,62.627482220236175,19.239480790002418,3.5870389269662936e-09,0.2559983708958374,0.9443475290809957
Error,224.60565959980636,69,3.2551544869537152,,,,
