Source,SS,DF,MS,F,p-unc,ng2,eps
condition,52.93228580055057,3,17.64409526685019,6.242367668498038,0.004294837787671471,0.30779839099247175,0.8194261382599297
Error,50.87712414089812,18,2.826506896716562,,,,
