Source,SS,DF,MS,F,p-unc,ng2,eps
condition,140.47799103595707,3,46.82599701198569,1.6670677584116542,0.20958804713865506,0.17710361244738937,0.7514297590666283
Error,505.5990927560189,18,28.088838486445493,,,,
