Source,SS,DF,MS,F,p-unc,p-GG-corr,ng2,eps,sphericity,W-spher,p-spher
condition,1835.7333333333343,3,611.9111111111114,4.968859558671894,0.004849602456865276,0.015004379635365382,0.10695419799888141,0.650463965407736,False,0.3494205905405581,0.020456449118944547
Error,5172.266666666666,42,123.14920634920634,,,,,,,,
