condition,count,mean,std,min,25%,50%,75%,max,sem
Decreasing 2 to 1,20.0,496.8,27.670238619555814,432.0,479.0,504.0,512.0,536.0,6.187253450696671
Decreasing 3 to 1,20.0,475.6,27.00175432897102,420.0,456.0,480.0,489.0,536.0,6.037775819132847
Increasing 1 to 2,17.0,482.3529411764706,43.221726562677055,420.0,444.0,472.0,524.0,536.0,10.482808467028358
Increasing 1 to 3,20.0,480.4,35.08545957635742,420.0,447.0,486.0,504.0,536.0,7.845347263455618
