Contrast,Coef,Std.Err.,z,P>|z|,P>|z| (adj)
Decreasing 2 to 1 - Decreasing 3 to 1,-0.19612901680503644,0.447620055441107,-0.43815958293414975,0.6612706048533012,0.7526497340286629
Decreasing 2 to 1 - Increasing 1 to 2,0.40917147711851687,0.458597390357886,0.8922237363784441,0.3722730219308321,0.7526497340286629
Decreasing 2 to 1 - Increasing 1 to 3,0.6970380415242892,0.4842278454929606,1.4394835985003722,0.15001355367339242,0.5556919895765757
Decreasing 3 to 1 - Increasing 1 to 2,0.6053004939235533,0.4202462552410657,1.440347144976545,0.14976920938201177,0.5556919895765757
Decreasing 3 to 1 - Increasing 1 to 3,0.8931670583293256,0.45050290321935876,1.9826000053420854,0.04741212678716522,0.2528113075179952
Increasing 1 to 2 - Increasing 1 to 3,0.2878665644057723,0.3993156551835878,0.7208997710681387,0.47097118372707936,0.7526497340286629
