Contrast,Coef,Std.Err.,z,P>|z|,P>|z| (adj)
Decreasing 2 to 1 - Decreasing 3 to 1,0.34686579559084635,0.40334536697913853,0.8599721826203266,0.38980437664188483,0.47767219953545265
Decreasing 2 to 1 - Increasing 1 to 2,1.5613582363898322,0.5011007055876363,3.1158571899411744,0.0018341107264518985,0.010954328154320481
Decreasing 2 to 1 - Increasing 1 to 3,0.9638767290626328,0.49661173725364743,1.9409060575028796,0.05226967314084918,0.19324974352118215
Decreasing 3 to 1 - Increasing 1 to 2,1.2144924407989859,0.47266021561413246,2.569483110020129,0.010185035660224884,0.049898340533815956
Decreasing 3 to 1 - Increasing 1 to 3,0.6170109334717864,0.47574881713313033,1.2969258382814355,0.19465670521292955,0.47767219953545265
Increasing 1 to 2 - Increasing 1 to 3,-0.5974815073271994,0.5319933076953773,-1.1230996681434215,0.26139516706581545,0.47767219953545265
