Contrast,Coef,Std.Err.,z,P>|z|,P>|z| (adj)
Decreasing 2 to 1 - Decreasing 3 to 1,1.7035287776179655,0.6088214151032872,2.7980763083521953,0.005140796582795204,0.0304510693970892
Decreasing 2 to 1 - Increasing 1 to 2,0.5799262590284008,0.5414437736197104,1.0710738349642912,0.28413623193118664,0.4883943445037097
Decreasing 2 to 1 - Increasing 1 to 3,0.6844339461470803,0.5343105830667872,1.280966478744682,0.20020544051508926,0.4883943445037097
Decreasing 3 to 1 - Increasing 1 to 2,-1.1236025185895646,0.5000924851232752,-2.2467894479809893,0.024653486452673956,0.11733749286651514
Decreasing 3 to 1 - Increasing 1 to 3,-1.0190948314708852,0.4912591647058738,-2.0744545948186772,0.03803711147064148,0.14368555319072193
Increasing 1 to 2 - Increasing 1 to 3,0.10450768711867953,0.3848757106643023,0.2715361978502031,0.7859786632251089,0.7859786632251089
