Contrast,Coef,Std.Err.,z,P>|z|,P>|z| (adj)
Decreasing 2 to 1 - Decreasing 3 to 1,-0.4935795446410049,3.749194000668986,-0.13164950774831424,0.8952615247630515,0.9890298518050391
Decreasing 2 to 1 - Increasing 1 to 2,11.511859426804678,3.834956268275667,3.0018228687600708,0.0026836828148193437,0.013346585563329735
Decreasing 2 to 1 - Increasing 1 to 3,11.319025415843212,4.164259566725312,2.7181363780222423,0.006565077217263182,0.019566213891579917
Decreasing 3 to 1 - Increasing 1 to 2,12.005438971445683,3.842142018848051,3.1246734015951723,0.0017800257352491577,0.010632739686672256
Decreasing 3 to 1 - Increasing 1 to 3,11.812604960484217,4.178940538127681,2.8266985023377953,0.004703058507439684,0.018679937087849673
Increasing 1 to 2 - Increasing 1 to 3,-0.1928340109614659,3.8815330322051764,-0.04967985828318793,0.9603775073981715,0.9890298518050391
