Contrast,Coef,Std.Err.,z,P>|z|,P>|z| (adj)
Decreasing 2 to 1 - Decreasing 3 to 1,0.5474176893242794,0.44980716381096986,1.2170052710728503,0.22360221035597583,0.3972064722358736
Decreasing 2 to 1 - Increasing 1 to 2,1.311078197805363,0.46139968223039285,2.8415238421224056,0.004489849461409845,0.022248562892583784
Decreasing 2 to 1 - Increasing 1 to 3,1.8183618841899578,0.5056373257946349,3.5961781131017356,0.0003229267334168284,0.001935996848717357
Decreasing 3 to 1 - Increasing 1 to 2,0.7636605084810836,0.46236951609659405,1.6516238244424974,0.09861126017465982,0.2676201523306854
Decreasing 3 to 1 - Increasing 1 to 3,1.2709441948656783,0.5076005397160112,2.5038275088847177,0.012285791448664485,0.048244916684896826
Increasing 1 to 2 - Increasing 1 to 3,0.5072836863845949,0.467682098508176,1.084676296148048,0.27806504994445747,0.3972064722358736
