Contrast,Coef,Std.Err.,z,P>|z|,P>|z| (adj)
Decreasing 2 to 1 - Decreasing 3 to 1,1.3526769900451758,3.1330241934315732,0.4317480193357846,0.6659245627878803,0.8162417711124927
Decreasing 2 to 1 - Increasing 1 to 2,3.3820632567434146,3.8067591006989066,0.8884363752154636,0.37430606604375427,0.7550452679152353
Decreasing 2 to 1 - Increasing 1 to 3,10.042650315628768,3.761295201214513,2.669997907206544,0.0075851719720190225,0.04465668805322571
Decreasing 3 to 1 - Increasing 1 to 2,2.0293862666982387,3.5848910086213888,0.5660942722715195,0.5713296967510961,0.8162417711124927
Decreasing 3 to 1 - Increasing 1 to 3,8.689973325583592,3.655680154941719,2.3771153266339664,0.017448631802268855,0.08425127283615519
Increasing 1 to 2 - Increasing 1 to 3,6.660587058885353,4.0835455702987575,1.6310794000513764,0.10287356676029291,0.3522392751305691
