Contrast,Coef,Std.Err.,z,P>|z|,P>|z| (adj)
Decreasing 2 to 1 - Decreasing 3 to 1,19.425896595698802,9.259143257467368,2.098023116775096,0.03590310334896696,0.1969841649352526
Decreasing 2 to 1 - Increasing 1 to 2,14.162285810493218,9.098720613644566,1.556513977278878,0.1195859215981141,0.39917511172726455
Decreasing 2 to 1 - Increasing 1 to 3,17.199019025986015,9.118151175256084,1.8862397316529442,0.05926265667614827,0.2632130582111418
Decreasing 3 to 1 - Increasing 1 to 2,-5.263610785205584,9.274574716061107,-0.567531228800217,0.5703533157540468,0.9206888232595664
Decreasing 3 to 1 - Increasing 1 to 3,-2.226877569712787,9.166734721500791,-0.24293029495983925,0.8080593964359255,0.9320144326771839
Increasing 1 to 2 - Increasing 1 to 3,3.036733215492797,9.123866723519455,0.33283401736510704,0.739259578655675,0.9320144326771839
