Contrast,Coef,Std.Err.,z,P>|z|,P>|z| (adj)
Decreasing 2 to 1 - Decreasing 3 to 1,-1.2775073280357894,2.2205010417418722,-0.5753239039391076,0.565072257950511,0.8108378591957331
Decreasing 2 to 1 - Increasing 1 to 2,3.3644615329066445,2.262847822231229,1.4868262460483066,0.13706070766253475,0.44547519608608016
Decreasing 2 to 1 - Increasing 1 to 3,2.38018600779997,2.392453526862508,0.9948724107177849,0.31979832275818687,0.6852881503475858
Decreasing 3 to 1 - Increasing 1 to 2,4.641968860942434,2.083476942486151,2.227991472467802,0.025881083660656667,0.14557910265094412
Decreasing 3 to 1 - Increasing 1 to 3,3.6576933358357593,2.2434469493233156,1.6303899394362853,0.10301910959986138,0.4193479630586302
Increasing 1 to 2 - Increasing 1 to 3,-0.9842755251066744,1.9860581964103865,-0.4955924891252733,0.6201819530506723,0.8108378591957331
