Contrast,Coef,Std.Err.,z,P>|z|,P>|z| (adj)
Decreasing 2 to 1 - Decreasing 3 to 1,0.5412962392766103,0.6130655728820861,0.8829336749932303,0.37727210777888964,0.8719697702038783
Decreasing 2 to 1 - Increasing 1 to 2,0.27692835302995594,0.6168916822851832,0.44890920234832177,0.6534971574155899,0.9312334672415842
Decreasing 2 to 1 - Increasing 1 to 3,-0.32336269330670814,0.6006084116051396,-0.5383918823955762,0.5903065294148913,0.9312334672415842
Decreasing 3 to 1 - Increasing 1 to 2,-0.26436788624665436,0.6410813860220493,-0.41237804124539296,0.6800623554823066,0.9312334672415842
Decreasing 3 to 1 - Increasing 1 to 3,-0.8646589325833185,0.6014219215827693,-1.437691081009793,0.15052172485046666,0.6242373073187338
Increasing 1 to 2 - Increasing 1 to 3,-0.6002910463366641,0.6253325181545808,-0.9599549502210174,0.337077888467852,0.8719697702038783
