Contrast,Coef,Std.Err.,z,P>|z|,P>|z| (adj)
Decreasing 2 to 1 - Decreasing 3 to 1,-3.5776710809320003,4.119899496420552,-0.868387950735291,0.3851819888526178,0.6219988131687774
Decreasing 2 to 1 - Increasing 1 to 2,11.06653561518666,4.174974687758166,2.6506832838138843,0.008032912929508917,0.03174655479467997
Decreasing 2 to 1 - Increasing 1 to 3,9.643110055802701,4.380665446472668,2.2012888620762805,0.027715580859200006,0.08086357212880121
Decreasing 3 to 1 - Increasing 1 to 2,14.644206696118662,3.858303077378128,3.795504500924274,0.0001473435217791419,0.0008837355429435189
Decreasing 3 to 1 - Increasing 1 to 3,13.2207811367347,4.1113241255635415,3.2156990626280337,0.0013012721101355318,0.006489449479857862
Increasing 1 to 2 - Increasing 1 to 3,-1.4234255593839595,3.679969354207116,-0.38680364491531205,0.6989015786208244,0.6989015786208244
