Contrast,Coef,Std.Err.,z,P>|z|,P>|z| (adj)
Decreasing 2 to 1 - Decreasing 3 to 1,-0.12801312546169308,3.2607633856874636,-0.039258636803756984,0.9686841842235925,0.9686841842235925
Decreasing 2 to 1 - Increasing 1 to 2,6.919885191137367,3.2518168888035164,2.1280057973016713,0.033336602920907676,0.16941563558518005
Decreasing 2 to 1 - Increasing 1 to 3,6.055563505868328,3.292456711943923,1.8392234236218763,0.06588233079485484,0.23298829483814654
Decreasing 3 to 1 - Increasing 1 to 2,7.04789831659906,3.2568769365051526,2.1640051048910456,0.03046395762018994,0.16941563558518005
Decreasing 3 to 1 - Increasing 1 to 3,6.183576631330021,3.3405781424149184,1.851049838594671,0.06416238349123637,0.23298829483814654
Increasing 1 to 2 - Increasing 1 to 3,-0.8643216852690392,3.3020510318675775,-0.2617529762343483,0.7935118948274533,0.9573626624222513
