Contrast,A,B,Paired,Parametric,T,dof,alternative,p-unc,p-corr,p-adjust,BF10,cohen,ci_lower,ci_upper
condition,Decreasing 2 to 1,Decreasing 3 to 1,True,True,1.0603622916880704,6.0,two-sided,0.3297868523174382,0.3450562171250631,fdr_bh,0.545,0.2679700421556007,-0.15930193342014753,0.9040529457699835
condition,Decreasing 2 to 1,Increasing 1 to 2,True,True,3.728642299792499,6.0,two-sided,0.00975228893898893,0.051241661265330626,fdr_bh,6.846,1.6294643879894792,0.31580213653456535,2.2461940805141545
condition,Decreasing 2 to 1,Increasing 1 to 3,True,True,2.9497632772220976,6.0,two-sided,0.025620830632665313,0.051241661265330626,fdr_bh,3.271,0.9656000127656686,-0.03558193379089514,1.5992005989701574
condition,Decreasing 3 to 1,Increasing 1 to 2,True,True,3.2634671807408298,6.0,two-sided,0.017174073919168673,0.051241661265330626,fdr_bh,4.433,1.4292559448102207,0.13434847903262592,1.7484284019367116
condition,Decreasing 3 to 1,Increasing 1 to 3,True,True,1.6916443098880254,6.0,two-sided,0.14166412124450165,0.21249618186675248,fdr_bh,0.941,0.7361043993575949,-0.12784339128911326,1.3325799157952902
condition,Increasing 1 to 2,Increasing 1 to 3,True,True,-1.0246403686025323,6.0,two-sided,0.3450562171250631,0.3450562171250631,fdr_bh,0.531,-0.5828770609106809,-1.1772315320025282,0.5370977377536104
