Contrast,A,B,Paired,Parametric,T,dof,alternative,p-unc,p-corr,p-adjust,BF10,cohen,ci_lower,ci_upper
condition,Decreasing 2 to 1,Decreasing 3 to 1,True,True,-0.379103906503976,14.0,two-sided,0.710298459650325,0.710298459650325,fdr_bh,0.28,-0.09114368364620556,-0.6529906537082314,0.45722223819195495
condition,Decreasing 2 to 1,Increasing 1 to 2,True,True,2.0307832760789215,14.0,two-sided,0.06171688322946554,0.07406025987535864,fdr_bh,1.308,0.5625056016125455,-0.06627425697563594,1.1149662313769961
condition,Decreasing 2 to 1,Increasing 1 to 3,True,True,3.108727274853425,14.0,two-sided,0.007697779964173774,0.02309333989252132,fdr_bh,6.911,0.7973397375438174,0.24058915446405893,1.4899685032677707
condition,Decreasing 3 to 1,Increasing 1 to 2,True,True,2.3193447278071186,14.0,two-sided,0.0360037260456496,0.06487353418809386,fdr_bh,1.985,0.6899333575436101,0.06679648214232936,1.0763889879975679
condition,Decreasing 3 to 1,Increasing 1 to 3,True,True,3.503474221989842,14.0,two-sided,0.003510884307910828,0.02106530584746497,fdr_bh,13.309,0.9161538228257984,0.36142077994733723,1.4779748841143154
condition,Increasing 1 to 2,Increasing 1 to 3,True,True,2.222330851339206,14.0,two-sided,0.043249022792062566,0.06487353418809386,fdr_bh,1.72,0.34048777007033526,0.06204615335967523,1.0103996044916077
