Contrast,A,B,Paired,Parametric,T,dof,alternative,p-unc,p-corr,p-adjust,BF10,cohen,ci_lower,ci_upper
condition,Decreasing 2 to 1,Decreasing 3 to 1,True,True,-0.530224878684033,23.0,two-sided,0.6010381455210791,0.6010381455210791,fdr_bh,0.244,-0.15159354811671474,-0.5317294689619468,0.3152660686777812
condition,Decreasing 2 to 1,Increasing 1 to 2,True,True,-2.659679668146452,23.0,two-sided,0.013999923074653649,0.027408537300060674,fdr_bh,3.656,-0.7795278100886621,-0.995213886921384,-0.09059579078089941
condition,Decreasing 2 to 1,Increasing 1 to 3,True,True,-3.801788036390734,23.0,two-sided,0.0009191368203787982,0.0055148209222727895,fdr_bh,37.761,-0.931771054568794,-1.25769729469895,-0.29437617186353393
condition,Decreasing 3 to 1,Increasing 1 to 2,True,True,-2.5406992569977556,23.0,two-sided,0.01827235820004045,0.027408537300060674,fdr_bh,2.932,-0.618313823319725,-0.9683791386921359,-0.06885698956000491
condition,Decreasing 3 to 1,Increasing 1 to 3,True,True,-3.368759504038004,23.0,two-sided,0.0026516698284324357,0.007955009485297308,fdr_bh,15.011,-0.7686544861418304,-1.1571795345175608,-0.21811077398984535
condition,Increasing 1 to 2,Increasing 1 to 3,True,True,-0.6093029373196734,23.0,two-sided,0.548295814123654,0.6010381455210791,fdr_bh,0.254,-0.15041639777342794,-0.5482662327932072,0.29951935025784016
