Contrast,A,B,Paired,Parametric,T,dof,alternative,p-unc,p-corr,p-adjust,BF10,cohen,ci_lower,ci_upper
condition,Decreasing 2 to 1,Decreasing 3 to 1,True,True,0.33357885560466943,14.0,two-sided,0.7436409889675559,0.7436409889675559,fdr_bh,0.276,0.07506417830804314,-0.4686779334686257,0.6409373137891341
condition,Decreasing 2 to 1,Increasing 1 to 2,True,True,2.7616737973903183,14.0,two-sided,0.015290351484239215,0.027800003344122602,fdr_bh,3.937,0.6402362443452805,0.09286828791892898,1.333253928741084
condition,Decreasing 2 to 1,Increasing 1 to 3,True,True,5.489504796665088,14.0,two-sided,7.97126483423356e-05,0.00047827589005401363,fdr_bh,349.841,1.0509917368184643,0.6653466634895048,2.1759388521122416
condition,Decreasing 3 to 1,Increasing 1 to 2,True,True,1.9430415630965217,14.0,two-sided,0.0723973089532356,0.08687677074388271,fdr_bh,1.159,0.5369447822444415,-0.0001971431652436073,0.9916747835325166
condition,Decreasing 3 to 1,Increasing 1 to 3,True,True,4.395401462661988,14.0,two-sided,0.0006101912848349544,0.0018305738545048632,fdr_bh,59.22,0.9332819859181856,0.48104970004059566,1.653772019806997
condition,Increasing 1 to 2,Increasing 1 to 3,True,True,2.663515087136108,14.0,two-sided,0.0185333355627484,0.027800003344122602,fdr_bh,3.369,0.4514586029530268,0.07739298480820872,1.029645487833521
