Source,SS,DF,MS,F,p-unc,ng2,eps
condition,115.16666666666649,3,38.38888888888883,0.18171527880998356,0.9084705190178335,0.00506572243359944,0.9475766977194543
Error,14576.833333333336,69,211.25845410628023,,,,
