Source,SS,DF,MS,F,p-unc,ng2,eps
condition,20.60283638203328,2,10.30141819101664,4.068435546550285,0.028112844318233236,0.11280762492457883,0.9382972894286895
Error,70.89695929754626,28,2.532034260626652,,,,
