Source,SS,DF,MS,F,p-unc,ng2,eps
condition,9.074483297881153,2,4.537241648940577,1.7825807940348328,0.18815258221139106,0.04618497641169587,0.744549825348651
Error,66.1783652484196,26,2.5453217403238306,,,,
