Source,SS,DF,MS,F,p-unc,ng2,eps
condition,17.819783737472115,3,5.939927912490705,1.555527230212417,0.22066368695940922,0.06768293214722441,0.7806945047450667
Error,114.55783859880557,30,3.818594619960186,,,,
