Source,SS,DF,MS,F,p-unc,ng2,eps
condition,315.63636363636374,3,105.21212121212125,1.9972388403129302,0.13561020732974696,0.041483463964825086,0.7634402343580171
Error,1580.3636363636379,30,52.67878787878793,,,,
