Source,SS,DF,MS,F,p-unc,ng2,eps
condition,5.172385061035991,3,1.7241283536786636,0.4586493230194093,0.7120626082898396,0.006645485386781454,0.9929871330646388
Error,259.3808612223622,69,3.759142916266119,,,,
