Source,SS,DF,MS,F,p-unc,ng2,eps
condition,1845.8333333333408,3,615.2777777777802,0.6332835275427704,0.5960528128386129,0.02014050159396393,0.7586092590457418
Error,67038.16666666667,69,971.5676328502416,,,,
