Source,SS,DF,MS,F,p-unc,ng2,eps
condition,10.45906198308823,3,3.486353994362743,1.1689725154968755,0.34218726998429666,0.06275699633034863,0.7584714989835605
Error,71.57781278470912,24,2.9824088660295467,,,,
