Source,SS,DF,MS,F,p-unc,p-GG-corr,ng2,eps,sphericity,W-spher,p-spher
condition,45.99748710181615,3,15.332495700605383,0.49456867401302573,0.68877255676581,0.5403059616307991,0.020817619814167795,0.4281674690053014,False,0.06157365722978668,0.00021152290693386596
Error,930.0525795251781,30,31.00175265083927,,,,,,,,
