Source,SS,DF,MS,F,p-unc,ng2,eps
condition,23.701257146483606,3,7.900419048827868,2.8373563542705686,0.05043246095042011,0.08609574750299705,0.9038920714351145
Error,108.59275481577563,39,2.7844296106609137,,,,
