Source,SS,DF,MS,F,p-unc,ng2,eps
condition,412.1904761904759,2,206.09523809523796,4.511225144323274,0.02080408722246585,0.05755319148936166,0.7614570338126413
Error,1187.8095238095257,26,45.68498168498176,,,,
