condition,count,mean,std,min,25%,50%,75%,max,sem
1 to 1,18.0,123.55555555555556,12.108442471472841,100.0,116.0,124.0,131.0,144.0,2.8539872603952148
2 to 1,18.0,123.11111111111111,12.082505042604996,100.0,116.0,124.0,132.0,140.0,2.8478737497822157
3 to 1,20.0,122.0,12.880013076162045,100.0,112.0,120.0,132.0,144.0,2.8800584789384516
4 to 1,16.0,121.5,10.417933256329363,108.0,112.0,120.0,129.0,144.0,2.604483314082341
