condition,count,mean,std,min,25%,50%,75%,max,sem
2 to 1,17.0,180.7058823529412,12.184850767871312,160.0,176.0,180.0,184.0,208.0,2.9552603969601083
3 to 1,20.0,183.8,14.709824858522994,156.0,175.0,184.0,197.0,208.0,3.289216832077364
4 to 1,20.0,187.0,11.814353446906058,168.0,180.0,188.0,192.0,208.0,2.641769741749087
