condition,count,mean,std,min,25%,50%,75%,max,sem
2 to 1,21.0,5.723402920676048,3.2826107414830714,1.4659879281870432,3.204015099104537,5.263906884323656,8.601465544858907,11.07871891230127,0.7163243904724425
3 to 1,20.0,6.088533298740589,3.1907374606563046,2.443112210069825,4.171520568828405,5.474409436599242,6.670180425166172,16.27049864203986,0.7134705860382557
4 to 1,20.0,6.420570870753901,3.206036472069069,1.121557149803944,3.4261210420601222,6.266805347564503,9.040073875032768,12.02700164821976,0.7168915489890043
