condition,count,mean,std,min,25%,50%,75%,max,sem
1 to 1,16.0,-4.443727196800942,2.1963239581754017,-9.644877668740053,-5.707117041308904,-4.297502493943131,-3.0834871998516657,-0.8854873866205492,0.5490809895438502
2 to 1,17.0,-4.940580853657791,2.7124215157397797,-10.790251464267453,-6.275861204232823,-5.109189702216525,-3.044358221492559,-0.7646414542957048,0.6578588476819451
3 to 1,21.0,-4.629778585788325,2.7189285199100763,-10.405896236580077,-6.59894364926248,-3.4964104813955017,-2.1495767979990688,-1.3197413173918102,0.5933188453172463
4 to 1,20.0,-4.077154823979142,2.0379703448465127,-9.437492438052288,-4.767668114249124,-3.863049487509887,-2.9259066562726153,-0.5111670041638661,0.45570402272054916
