condition,count,mean,std,min,25%,50%,75%,max,sem
1 to 1,16.0,-3.332574507336639,2.304821734716631,-9.613815530080196,-4.422920842175651,-2.389329725040375,-1.9681892279485012,-0.4950283465369348,0.5762054336791578
2 to 1,17.0,-3.265302345369369,1.6132972994263781,-6.396220846107042,-3.861540683756057,-3.205908874482391,-1.9951412163991296,-0.6807624027493321,0.3912820688858047
3 to 1,14.0,-3.360105291536947,1.781155129794602,-6.477444150255391,-4.714237067250899,-2.495045747452532,-1.9789877561875389,-1.6032987420351852,0.47603373202759075
4 to 1,17.0,-4.115692540823606,2.2625832236392505,-8.535146583450976,-4.225270240555343,-3.499869144222272,-2.4161838998152763,-1.746082107060063,0.5487570363420667
