condition,count,mean,std,min,25%,50%,75%,max,sem
2 to 1,21.0,3.9625479919923454,3.0666997929511206,0.1694802749095438,1.751536681324506,3.045135762478877,6.94288995045721,10.015885910926157,0.6692087588049482
3 to 1,20.0,4.35213041646086,2.5760509821018696,0.8712047669354038,2.5321336938109567,4.365263778972494,4.873308765648801,11.251285775138207,0.5760225109484874
4 to 1,20.0,4.686539177741154,2.984113565452986,0.2477064574049002,1.877921281943231,4.4740872117805655,7.3200162497791155,9.569664915929216,0.6672680784932145
