condition,count,mean,std,min,25%,50%,75%,max,sem
2 to 1,17.0,-2.949500352950969,2.200196027970975,-8.594915189463178,-4.159779750730609,-2.0925877396868264,-1.7289457549382916,0.0156884117108642,0.5336259188463975
3 to 1,20.0,-2.9787458298097134,2.41013535250852,-8.431808767383524,-4.339328282971895,-2.4793844796235156,-1.0835895073261197,-0.1616112056854401,0.5389226483184469
4 to 1,20.0,-2.16897526374074,1.6268985763459836,-5.906222018223483,-3.104329144408074,-2.148097067198897,-0.9452661401539748,-0.1403200506333512,0.363785580920725
