Contrast,Coef,Std.Err.,z,P>|z|,P>|z| (adj)
1 to 1 - 2 to 1,-0.14002908952781473,0.4125058888797862,-0.3394596133114174,0.7342635166353322,0.8954937512113509
1 to 1 - 3 to 1,0.20836295185042267,0.4359097480032899,0.47799562364650333,0.6326533198965549,0.8954937512113509
1 to 1 - 4 to 1,0.5287603510667936,0.42135781308821707,1.2548962773263928,0.20951641557669642,0.6913514237801978
2 to 1 - 3 to 1,0.3483920413782374,0.442823989143926,0.7867506050242539,0.4314278739770101,0.8954937512113509
2 to 1 - 4 to 1,0.6687894405946084,0.3996235294013569,1.6735487061947198,0.09421932659304022,0.44774672558220663
3 to 1 - 4 to 1,0.320397399216371,0.4466219383914974,0.7173794470783896,0.47313999786354044,0.8954937512113509
