Contrast,Coef,Std.Err.,z,P>|z|,P>|z| (adj)
1 to 1 - 2 to 1,1.221206738009635,2.088405145718324,0.5847556641551901,0.5587120196020281,0.8052649183562792
1 to 1 - 3 to 1,-0.4575207918349392,2.002647651413878,-0.22845795740050803,0.8192902370179285,0.8192902370179285
1 to 1 - 4 to 1,-2.911638790151607,2.004128828353294,-1.4528201725155436,0.14627368953417896,0.5464832524367531
2 to 1 - 3 to 1,-1.6787275298445743,1.9454204851157508,-0.8629124359943663,0.3881856126539862,0.7709875690700413
2 to 1 - 4 to 1,-4.132845528161242,1.970968636255514,-2.0968601184912337,0.03600595985238253,0.19749805544637486
3 to 1 - 4 to 1,-2.454117998316668,1.8377970600540565,-1.3353585396662258,0.1817590275222165,0.5517452606390914
