Contrast,Coef,Std.Err.,z,P>|z|,P>|z| (adj)
1 to 1 - 2 to 1,-0.4815975877667465,2.7775228670678564,-0.17339104332024957,0.8623440648731984,0.9975018039008076
1 to 1 - 3 to 1,0.3108027869795617,2.6875435477495073,0.11564567474258099,0.9079333625207284,0.9975018039008076
1 to 1 - 4 to 1,-1.139093574764052,2.93907013308214,-0.38756937506949146,0.6983347359672096,0.9975018039008076
2 to 1 - 3 to 1,0.7924003747463082,2.7326917162203754,0.28997064324631844,0.7718386964699044,0.9975018039008076
2 to 1 - 4 to 1,-0.6574959869973056,2.8726420594598903,-0.2288819746379843,0.8189606508692844,0.9975018039008076
3 to 1 - 4 to 1,-1.4498963617436138,2.848208873859775,-0.5090554892411294,0.6107133299911061,0.9965196958696875
