Contrast,Coef,Std.Err.,z,P>|z|,P>|z| (adj)
1 to 1 - 2 to 1,0.3317761513315069,0.4810439625612188,0.6897002709794623,0.4903826954232611,0.7402902028759393
1 to 1 - 3 to 1,1.2439451831745156,0.4820547040925707,2.5805062633215927,0.00986555666745681,0.05775246448096111
1 to 1 - 4 to 1,0.5803198915294346,0.4814214595052726,1.2054300448629647,0.22803732865777393,0.5399670906211954
2 to 1 - 3 to 1,0.9121690318430087,0.48241861975412254,1.8908246790057976,0.05864775163436664,0.2608019353532422
2 to 1 - 4 to 1,0.24854374019792774,0.48165926309391904,0.5160156966595367,0.6058434462348221,0.7402902028759393
3 to 1 - 4 to 1,-0.663625291645081,0.4811632341633689,-1.3792103064544639,0.16782992127602836,0.5204339996564458
