Contrast,Coef,Std.Err.,z,P>|z|,P>|z| (adj)
1 to 1 - 2 to 1,-0.49968851690779303,2.0584637127882397,-0.2427482757181824,0.8082004071102133,0.9999502164243557
1 to 1 - 3 to 1,-0.08409483994464169,1.9907125907756928,-0.042243586710763524,0.9663045163826804,0.9999502164243557
1 to 1 - 4 to 1,-0.24064603762281117,2.17881086902414,-0.11044833723020359,0.9120538200214314,0.9999502164243557
2 to 1 - 3 to 1,0.41559367696315136,2.022387648775971,0.20549654623073135,0.8371841962307354,0.9999502164243557
2 to 1 - 4 to 1,0.25904247928498186,2.12419689185866,0.12194843155914856,0.9029398589927564,0.9999502164243557
3 to 1 - 4 to 1,-0.1565511976781695,2.1088311891858678,-0.07423600261650504,0.940822598927703,0.9999502164243557
