Contrast,Coef,Std.Err.,z,P>|z|,P>|z| (adj)
1 to 1 - 2 to 1,-0.499688516907793,2.05846371278824,-0.24274827571818233,0.8082004071102133,0.9999502164243557
1 to 1 - 3 to 1,-0.0840948399446562,1.9907125907756935,-0.0422435867107708,0.9663045163826747,0.9999502164243557
1 to 1 - 4 to 1,-0.24064603762281725,2.178810869024141,-0.11044833723020633,0.9120538200214292,0.9999502164243557
2 to 1 - 3 to 1,0.41559367696313676,2.0223876487759713,0.20549654623072408,0.8371841962307409,0.9999502164243557
2 to 1 - 4 to 1,0.2590424792849757,2.1241968918586602,0.12194843155914563,0.9029398589927586,0.9999502164243557
3 to 1 - 4 to 1,-0.15655119767816106,2.108831189185868,-0.07423600261650101,0.9408225989277061,0.9999502164243557
