Contrast,Coef,Std.Err.,z,P>|z|,P>|z| (adj)
1 to 1 - 2 to 1,7.148105522257647,6.191244687265028,1.154550640998056,0.24827448940553287,0.6806718867699453
1 to 1 - 3 to 1,-4.891243034409989,5.5778451982835024,-0.87690548241016,0.3805379781436484,0.7622918582288588
1 to 1 - 4 to 1,-1.5754647660329162,6.277675976191296,-0.25096305894219795,0.801842670023944,0.8227180215230545
2 to 1 - 3 to 1,-12.039348556667637,6.323023108608013,-1.9040494317152745,0.056903746646986386,0.2963833348127467
2 to 1 - 4 to 1,-8.723570288290563,6.239273835627479,-1.398170767642424,0.16206179281293864,0.5868954615412396
3 to 1 - 4 to 1,3.3157782683770725,5.975267305019019,0.5549171441404693,0.5789513347878354,0.8227180215230545
