Contrast,Coef,Std.Err.,z,P>|z|,P>|z| (adj)
1 to 1 - 2 to 1,0.35769165870659303,0.5147552991485125,0.6948770790670289,0.4871323381253134,0.9645164894064199
1 to 1 - 3 to 1,0.1705497424039553,0.5133165566207638,0.33225061651373294,0.7397000260234097,0.9777155549961913
1 to 1 - 4 to 1,-0.1677130402068743,0.51305622783537,-0.3268901752045202,0.7437509522898147,0.9777155549961913
2 to 1 - 3 to 1,-0.18714191630263774,0.5193495664992416,-0.360339024761487,0.7185936191321611,0.9777155549961913
2 to 1 - 4 to 1,-0.5254046989134673,0.5125996362298317,-1.0249806316247447,0.30537232663604175,0.8876656730939511
3 to 1 - 4 to 1,-0.3382627826108296,0.5162453259236951,-0.6552365040895834,0.5123154948817374,0.9645164894064199
