Contrast,A,B,Paired,Parametric,T,dof,alternative,p-unc,p-corr,p-adjust,BF10,cohen,ci_lower,ci_upper
condition,2 to 1,3 to 1,True,True,0.77126873808559,14.0,two-sided,0.4533691600241867,0.4533691600241867,fdr_bh,0.34,0.23693613023824686,-0.3128750540655908,0.6905278935765832
condition,2 to 1,4 to 1,True,True,-2.5620697761859,14.0,two-sided,0.022582314821166443,0.03387347223174967,fdr_bh,2.874,-0.5330601536105036,-1.2728960655432948,-0.05015107778861916
condition,3 to 1,4 to 1,True,True,-3.129527262786164,14.0,two-sided,0.007386138907089961,0.022158416721269884,fdr_bh,7.152,-0.8042160037176853,-1.3095286501062593,-0.1160849705523519
