Contrast,A,B,Paired,Parametric,T,dof,alternative,p-unc,p-corr,p-adjust,BF10,cohen,ci_lower,ci_upper
condition,1 to 1,2 to 1,True,True,-5.347347406575768,23.0,two-sided,1.9788816839643886e-05,5.936645051893166e-05,fdr_bh,1167.492,-1.0776784238008978,-1.6249314290213879,-0.5581140082295409
condition,1 to 1,3 to 1,True,True,-3.891215050604129,23.0,two-sided,0.00073675760296442,0.00147351520592884,fdr_bh,45.858,-1.0115224406239018,-1.2785971260140456,-0.30998476622234433
condition,1 to 1,4 to 1,True,True,-6.204922016821123,23.0,two-sided,2.488397483185488e-06,1.4930384899112929e-05,fdr_bh,7743.313,-1.213943820936757,-1.8334308409702293,-0.6997179648585791
condition,2 to 1,3 to 1,True,True,0.1177640425898677,23.0,two-sided,0.9072770186527366,0.9072770186527366,fdr_bh,0.216,0.022512314566879157,-0.39828547859670954,0.44636244766213656
condition,2 to 1,4 to 1,True,True,-0.8362350469979892,23.0,two-sided,0.4116267326797953,0.5999400655733016,fdr_bh,0.294,-0.1296484905301179,-0.5960234824697654,0.2546319541068682
condition,3 to 1,4 to 1,True,True,-0.6853869329278173,23.0,two-sided,0.499950054644418,0.5999400655733016,fdr_bh,0.266,-0.148186359098011,-0.5642282100950382,0.28442016642098655
