Contrast,A,B,Paired,Parametric,T,dof,alternative,p-unc,p-corr,p-adjust,BF10,cohen,ci_lower,ci_upper
condition,1 to 1,2 to 1,True,True,0.18072995485783355,13.0,two-sided,0.8593666517187069,0.9291301184453107,fdr_bh,0.274,0.05173005270857322,-0.5541616104824436,0.4745507526122394
condition,1 to 1,3 to 1,True,True,-0.09067879518535842,13.0,two-sided,0.9291301184453107,0.9291301184453107,fdr_bh,0.271,-0.026639176470376218,-0.5393655718214478,0.4556466124889209
condition,1 to 1,4 to 1,True,True,-0.36822024571356526,13.0,two-sided,0.7186353633354694,0.9291301184453107,fdr_bh,0.287,-0.13432992348613154,-0.6771900704502642,0.4803680701168532
condition,2 to 1,3 to 1,True,True,-0.2373420464031862,13.0,two-sided,0.816090813094628,0.9291301184453107,fdr_bh,0.277,-0.08091303720907968,-0.46381744843566375,0.5310400111651935
condition,2 to 1,4 to 1,True,True,-0.7211102550927979,13.0,two-sided,0.48360914148605716,0.9291301184453107,fdr_bh,0.338,-0.19044534662683013,-0.7449903184431139,0.37215376953919876
condition,3 to 1,4 to 1,True,True,-0.3565660728436997,13.0,two-sided,0.7271373107135736,0.9291301184453107,fdr_bh,0.285,-0.11244721828349494,-0.688142216042475,0.3837368409664277
