Contrast,A,B,Paired,Parametric,T,dof,alternative,p-unc,p-corr,p-adjust,BF10,cohen,ci_lower,ci_upper
condition,1 to 1,2 to 1,True,True,0.6125532161304733,10.0,two-sided,0.5538452231948232,0.7845617686780748,fdr_bh,0.349,0.19649680762990324,-0.4682706910662948,0.7461353062111824
condition,1 to 1,3 to 1,True,True,0.3191506643401332,10.0,two-sided,0.7561791133244748,0.7845617686780748,fdr_bh,0.311,0.11491467482362251,-0.5765645128746284,0.5311413854945763
condition,1 to 1,4 to 1,True,True,-0.2808348177255886,10.0,two-sided,0.7845617686780748,0.7845617686780748,fdr_bh,0.308,-0.11326789622441703,-0.6524928745134146,0.45769387049980287
condition,2 to 1,3 to 1,True,True,-0.8076648066920448,10.0,two-sided,0.4380733131105956,0.7845617686780748,fdr_bh,0.391,-0.1346257242306466,-0.906265492737644,0.19283846366181578
condition,2 to 1,4 to 1,True,True,-1.809871381888999,10.0,two-sided,0.10042335976594288,0.3012700792978287,fdr_bh,1.017,-0.44963217529637656,-1.2038826816885528,-0.00014443692377175132
condition,3 to 1,4 to 1,True,True,-2.0066202772168533,10.0,two-sided,0.07258262960239219,0.3012700792978287,fdr_bh,1.29,-0.3520467602802668,-0.9229656551703252,0.08264724983182214
