Contrast,A,B,Paired,Parametric,T,dof,alternative,p-unc,p-corr,p-adjust,BF10,cohen,ci_lower,ci_upper
condition,2 to 1,3 to 1,True,True,1.3432273262658951,14.0,two-sided,0.20056866115765182,0.20056866115765182,fdr_bh,0.558,0.4629750055660388,-0.09697036282382493,0.9409384769024405
condition,2 to 1,4 to 1,True,True,-1.4469285771195233,14.0,two-sided,0.1699353128462857,0.20056866115765182,fdr_bh,0.624,-0.3632322439930344,-0.9463743455576317,0.19918364124623084
condition,3 to 1,4 to 1,True,True,-3.040887142533248,14.0,two-sided,0.008807624238558303,0.02642287271567491,fdr_bh,6.184,-0.9021759846843083,-1.2643780060504133,-0.08378200957152615
