Contrast,A,B,Paired,Parametric,T,dof,alternative,p-unc,p-corr,p-adjust,BF10,cohen,ci_lower,ci_upper
condition,1 to 1,2 to 1,True,True,1.1657032825048608,10.0,two-sided,0.2707851090910181,0.49896371361154834,fdr_bh,0.517,0.4325943532926821,-0.3118191404519718,0.9248282489349297
condition,1 to 1,3 to 1,True,True,1.0180711204109536,10.0,two-sided,0.33264247574103223,0.49896371361154834,fdr_bh,0.457,0.4144446807232598,-0.33085216604607626,0.7912904021209018
condition,1 to 1,4 to 1,True,True,-0.06539631142684238,10.0,two-sided,0.9491473632888993,0.9491473632888993,fdr_bh,0.298,-0.03011435345441209,-0.5387183380154795,0.5689078332684195
condition,2 to 1,3 to 1,True,True,0.11136284712527046,10.0,two-sided,0.9135321334792946,0.9491473632888993,fdr_bh,0.299,0.030884612808902544,-0.43713281061701187,0.6310948942932517
condition,2 to 1,4 to 1,True,True,-1.9460763536598469,10.0,two-sided,0.08026873143360831,0.4816123886016499,fdr_bh,1.198,-0.569757280029866,-1.0781587834316841,0.09447501996037189
condition,3 to 1,4 to 1,True,True,-1.3251483065126015,10.0,two-sided,0.21460119154469814,0.49896371361154834,fdr_bh,0.6,-0.5171530913864039,-0.7733284524121549,0.20960042854626704
