Contrast,A,B,Paired,Parametric,T,dof,alternative,p-unc,p-corr,p-adjust,BF10,cohen,ci_lower,ci_upper
condition,1 to 1,2 to 1,True,True,0.20927015782398475,23.0,two-sided,0.8360798090988069,0.8360798090988069,fdr_bh,0.219,0.03807545984166049,-0.37973846158047053,0.4651726457572152
condition,1 to 1,3 to 1,True,True,0.6221848636287132,23.0,two-sided,0.539939947278543,0.8360798090988069,fdr_bh,0.256,0.11743442911884011,-0.29695934274062097,0.5509652496695349
condition,1 to 1,4 to 1,True,True,-0.5498883009402766,23.0,two-sided,0.5876966757794861,0.8360798090988069,fdr_bh,0.246,-0.09820674155235505,-0.5358363856516273,0.31134542684668115
condition,2 to 1,3 to 1,True,True,0.3801099146011373,23.0,two-sided,0.7073513918926175,0.8360798090988069,fdr_bh,0.229,0.08341278052521513,-0.34530839893613624,0.5004876217604155
condition,2 to 1,4 to 1,True,True,-0.7592325791105364,23.0,two-sided,0.45542486031816465,0.8360798090988069,fdr_bh,0.279,-0.14349814776362796,-0.5797685881801617,0.26981318569381557
condition,3 to 1,4 to 1,True,True,-1.1165784366696405,23.0,two-sided,0.27570407304278544,0.8360798090988069,fdr_bh,0.374,-0.23166493595257837,-0.6556323398650926,0.1997911019258992
