Contrast,A,B,Paired,Parametric,T,dof,alternative,p-unc,p-corr,p-adjust,BF10,cohen,ci_lower,ci_upper
condition,1 to 1,2 to 1,True,True,0.6074223988702782,23.0,two-sided,0.5495213024258856,0.6594255629110627,fdr_bh,0.254,0.11960045137915307,-0.29989318777080387,0.5478723436990536
condition,1 to 1,3 to 1,True,True,1.7673376350616028,23.0,two-sided,0.09043908719578136,0.5426345231746882,fdr_bh,0.823,0.38408041178881014,-0.07502902945998563,0.7965415976463317
condition,1 to 1,4 to 1,True,True,0.8326017231332027,23.0,two-sided,0.4136316786508887,0.620447517976333,fdr_bh,0.294,0.18897683804556928,-0.2553471241753467,0.5952553542817434
condition,2 to 1,3 to 1,True,True,1.1978765819133297,23.0,two-sided,0.24316418829993222,0.5809639164812473,fdr_bh,0.406,0.2210142556822236,-0.1840125043365147,0.6730435710893271
condition,2 to 1,4 to 1,True,True,0.17217698636395395,23.0,two-sided,0.8648044292568481,0.8648044292568481,fdr_bh,0.218,0.03393296583320069,-0.38724786151554563,0.45753882185584965
condition,3 to 1,4 to 1,True,True,-1.081965089341548,23.0,two-sided,0.29048195824062367,0.5809639164812473,fdr_bh,0.362,-0.23390696084130835,-0.6482363295996135,0.20652593153434565
