Contrast,A,B,Paired,Parametric,T,dof,alternative,p-unc,p-corr,p-adjust,BF10,cohen,ci_lower,ci_upper
condition,1 to 1,2 to 1,True,True,-0.20084004569932382,23.0,two-sided,0.8425891082078837,0.9105591461751781,fdr_bh,0.219,-0.05163654515389012,-0.463436655909659,0.3814440505962259
condition,1 to 1,3 to 1,True,True,0.516136700980566,23.0,two-sided,0.6106857166788541,0.9105591461751781,fdr_bh,0.242,0.14152990290755543,-0.3180771492311359,0.52878907505211
condition,1 to 1,4 to 1,True,True,0.11357643859204665,23.0,two-sided,0.9105591461751781,0.9105591461751781,fdr_bh,0.216,0.03127568408658139,-0.39913600910590574,0.44550339599808275
condition,2 to 1,3 to 1,True,True,0.7650469853065712,23.0,two-sided,0.4520227757584019,0.9105591461751781,fdr_bh,0.28,0.19522343234268083,-0.26866507482462054,0.5809941987005603
condition,2 to 1,4 to 1,True,True,0.2860953229394517,23.0,two-sided,0.7773661632341918,0.9105591461751781,fdr_bh,0.223,0.08311248281298882,-0.3642238754172034,0.4810218019169414
condition,3 to 1,4 to 1,True,True,-0.44052250141062255,23.0,two-sided,0.6636712987599884,0.9105591461751781,fdr_bh,0.235,-0.10959331521748931,-0.5130369718729618,0.33319441376121056
