Contrast,A,B,Paired,Parametric,T,dof,alternative,p-unc,p-corr,p-adjust,BF10,cohen,ci_lower,ci_upper
condition,2 to 1,3 to 1,True,True,1.0474043442211294,16.0,two-sided,0.31047864974417233,0.7503650012037332,fdr_bh,0.401,0.3563760302182814,-0.17739513392778894,0.8104217954484044
condition,2 to 1,4 to 1,True,True,0.304714236201906,16.0,two-sided,0.7645115963674041,0.7645115963674041,fdr_bh,0.26,0.10437643396748116,-0.4478240527828567,0.5164286115547977
condition,3 to 1,4 to 1,True,True,-0.6897348183691477,16.0,two-sided,0.5002433341358221,0.7503650012037332,fdr_bh,0.307,-0.20074379821025035,-0.7477598778683487,0.261412787461255
