Contrast,A,B,Paired,Parametric,T,dof,alternative,p-unc,p-corr,p-adjust,BF10,cohen,ci_lower,ci_upper
condition,2 to 1,3 to 1,True,True,1.7082509625478892,16.0,two-sided,0.10691408523965322,0.3207422557189597,fdr_bh,0.828,0.4371294475081921,-0.06589096417354001,0.943405422778344
condition,2 to 1,4 to 1,True,True,0.7173023834782457,16.0,two-sided,0.48352897082384283,0.5463566666753388,fdr_bh,0.312,0.2384563272337011,-0.4376454407297205,0.5268024944272164
condition,3 to 1,4 to 1,True,True,-0.6163140783805438,16.0,two-sided,0.5463566666753388,0.5463566666753388,fdr_bh,0.295,-0.19535954458023122,-0.5552832889402558,0.44011742386576796
