Contrast,A,B,Paired,Parametric,T,dof,alternative,p-unc,p-corr,p-adjust,BF10,cohen,ci_lower,ci_upper
condition,2 to 1,3 to 1,True,True,0.1048053189548602,16.0,two-sided,0.917832890161008,0.917832890161008,fdr_bh,0.25,0.027183131362100613,-0.5354341541913192,0.4292145053638387
condition,2 to 1,4 to 1,True,True,-0.8582203632360618,16.0,two-sided,0.4034445342055255,0.7251773179398289,fdr_bh,0.344,-0.20980457092270713,-0.7132023479773902,0.2629066279597423
condition,3 to 1,4 to 1,True,True,-0.7174313828634538,16.0,two-sided,0.4834515452932192,0.7251773179398289,fdr_bh,0.312,-0.23341466998574145,-0.6297284144208102,0.3690628828842404
