Source,SS,DF,MS,F,p-unc,ng2,eps
condition,1794.222222222221,5,358.8444444444442,6.6497887273508525,1.786718445274799e-05,0.13234763793725202,0.7625665728862597
Error,6205.7777777777765,115,53.96328502415458,,,,
