Source,SS,DF,MS,F,p-unc,ng2,eps
condition,22.276958949833094,5,4.455391789966619,2.3740944897097447,0.04328110966936529,0.015916893455653315,0.7519185720420646
Error,215.81704437922485,115,1.8766699511236944,,,,
