Source,SS,DF,MS,F,p-unc,ng2,eps
condition,7718.222222222207,5,1543.6444444444414,2.5619812446280306,0.030880865245873766,0.04448725404051134,0.7639912449278028
Error,69289.77777777778,115,602.519806763285,,,,
