condition,count,mean,std,min,25%,50%,75%,max,sem
Landing on 1,24.0,2.7886076511464033,2.6057614861641327,-1.3680254917009034,1.2456934098587926,2.548849039380041,3.749835621444691,9.385903648986464,0.5318988360415412
Landing on 2,24.0,0.5493892372026609,1.7701388783106191,-2.9110202818114046,-0.7861552310377395,0.7470465904456361,1.7762091612047928,3.806614478624069,0.3613280854769651
Landing on 3,24.0,1.0229206647302906,1.764974011163686,-2.5779264299028,-0.23128283464226548,1.123250405929702,1.7402018211413395,4.76551545705198,0.3602738113853609
Landing on 4,24.0,1.6495655835709766,1.8152531689740776,-0.6540348499913855,0.5648702181197321,1.1960253481784995,2.740878023139835,6.168614840313913,0.3705370014963885
Landing on 5,24.0,1.273653818941922,2.2527240269625595,-2.4157441115009552,-0.046373829306847275,0.8687439401182127,2.3629469516962796,7.596725322452698,0.45983536644716705
Landing on 6,24.0,1.5581740154402333,2.4127152445994953,-2.2862855452197173,-0.8103984045274703,1.3873332446493087,2.8134152269140897,6.283404834354735,0.4924934369919225
