Source,SS,DF,MS,F,p-unc,ng2,eps
condition,37.480100664292344,4,9.370025166073086,3.1048887996829686,0.14912518530113925,0.659373407148965,0.2500000000000002
Error,12.071318196039527,4,3.017829549009882,,,,
