Source,SS,DF,MS,F,p-unc,ng2,eps
condition,36.66198060022115,4,9.165495150055287,2.9092287420582537,0.03488353533552066,0.16023237255460512,0.5299383585634518
Error,113.41762874532448,36,3.1504896873701242,,,,
