Source,SS,DF,MS,F,p-unc,ng2,eps
condition,37.410394482158466,4,9.352598620539617,3.768144511698963,0.11350458272357909,0.7105525569195305,0.25000000000000006
Error,9.928067876911399,4,2.4820169692278498,,,,
