Source,SS,DF,MS,F,p-unc,ng2,eps
condition,33.96605505157936,4,8.49151376289484,1.1615601203030774,0.3488035954538357,0.10187885004295996,0.5994403421252683
Error,204.6922765384007,28,7.310438447800025,,,,
