Source,SS,DF,MS,F,p-unc,ng2,eps
condition,34.02250735219337,4,8.505626838048343,1.0753351823446566,0.3873828140288754,0.09968847067189572,0.6633197387203639
Error,221.47285365115258,28,7.909744773255449,,,,
