Source,SS,DF,MS,F,p-unc,ng2,eps
condition,3090.680917648843,4,772.6702294122108,3.7296790289074093,0.014843424898780738,0.3124980311274399,0.4678503180192317
Error,5800.704633256256,28,207.16802261629485,,,,
