Source,SS,DF,MS,F,p-unc,ng2,eps
condition,34.21417697410067,4,8.553544243525167,2.8224700939679845,0.04110923849279295,0.18915869671415578,0.5424466734101286
Error,96.9765512760505,32,3.030517227376578,,,,
