Source,SS,DF,MS,F,p-unc,ng2,eps
condition,45.547606855394356,4,11.386901713848589,3.0551987793437174,0.028869740964292314,0.11928558984834654,0.6234799360638631
Error,134.1740722306145,36,3.727057561961514,,,,
