Source,SS,DF,MS,F,p-unc,ng2,eps
condition,44.657607460013786,4,11.164401865003446,2.4537326900924565,0.06581124456873252,0.15134992842976,0.6947356067663822
Error,145.59893224010833,32,4.549966632503385,,,,
