Source,SS,DF,MS,F,p-unc,ng2,eps
condition,18.560944327480076,4,4.640236081870019,0.6346354823158662,0.6648441561226531,0.27848535316477524,0.25000000000000006
Error,29.24662242292034,4,7.311655605730085,,,,
