condition,count,mean,std,min,25%,50%,75%,max,sem
2 to 1,21.0,6.161218642246072,3.1138269282437143,1.7223934867350983,3.49512361198977,6.022579593308594,8.601465544858907,11.07871891230127,0.6794927428413642
3 to 2,17.0,7.049835952946048,3.9340597102810384,2.1020452012631097,4.047454513730638,6.959367488245637,8.833895617119275,17.807660321141263,0.9541496307632665
4 to 3,17.0,6.6433529271432095,3.2668379112150694,1.6387738175810709,3.356194321943317,7.309725585041901,8.44252210818212,13.8279968180513,0.7923245746889352
5 to 4,21.0,6.181342773026897,2.8609627024931337,2.4764713909601497,3.6506734309753286,5.6487107970053865,9.144857841890609,11.685332708316857,0.6243132449819147
6 to 5,11.0,6.651432162861237,2.210905378931267,2.4711403587925687,5.234370650605381,6.627367402797133,7.892090032585914,10.239529465858332,0.6666130535357763
