condition,count,mean,std,min,25%,50%,75%,max,sem
2 to 1,16.0,180.25,11.997221900645721,160.0,174.0,180.0,186.0,204.0,2.9993054751614308
3 to 2,22.0,171.8181818181818,20.562648438917364,144.0,157.0,168.0,185.0,204.0,4.383971377345756
4 to 3,23.0,167.1304347826087,17.64113052403411,144.0,154.0,164.0,180.0,204.0,3.6784299945233485
5 to 4,22.0,174.72727272727272,18.736726903729345,144.0,164.0,176.0,188.0,204.0,3.994683598034535
6 to 5,15.0,176.0,20.339967692065926,144.0,160.0,172.0,194.0,204.0,5.25175707558455
