condition,count,mean,std,min,25%,50%,75%,max,sem
2 to 1,24.0,-1.6973030587103242,2.228871514310245,-5.910049073466826,-3.413496644268789,-1.3863397750960382,-0.5145344205729314,3.956790990980432,0.45496649269037953
3 to 2,24.0,-1.3064968481404096,2.2759751969944726,-5.616588584031017,-2.786749964123622,-0.9460790534212931,0.43684782637775593,2.933402612132616,0.46458149165557355
4 to 3,24.0,-0.7141379390198375,2.1461744925606365,-6.080083341708268,-1.7770414924476654,-0.6320689084959759,0.735521277143897,2.66623736866459,0.43808603381251426
5 to 4,24.0,-1.7269616773888536,2.8932693851501368,-8.715301033981017,-3.0883396770528497,-1.5055526878286365,-0.5855140302092245,3.274845058583783,0.5905861401694877
6 to 5,16.0,-0.561744843238624,2.779436804577707,-4.235142715110518,-2.4071517791343475,-1.6272259817834338,0.5761384524624482,5.525818690514913,0.6948592011444269
