condition,count,mean,std,min,25%,50%,75%,max,sem
2 to 1,16.0,-5.201577066117922,2.571475755682305,-10.790251464267453,-6.463286129844713,-5.182097295781507,-3.1207900561361095,-1.7218863428183684,0.6428689389205763
3 to 2,22.0,-6.048317492266753,2.5492270599957294,-10.326302308053505,-8.140400364437166,-6.058223950049246,-4.157684115642955,-1.6657366578906083,0.5434970353441962
4 to 3,23.0,-5.903489377153568,2.048727467895515,-10.52746699154644,-7.007854285271531,-5.471889650986123,-4.157605353815254,-2.952926874381673,0.4271892075308679
5 to 4,22.0,-6.214066513722003,2.9553441742206616,-14.146635073252382,-8.456871091141853,-6.2589656846089134,-3.6890416980316107,-1.5067436689414002,0.630081495021225
6 to 5,15.0,-7.509108308179533,2.0569483449113317,-10.731540518977075,-8.990925065936501,-7.103242639280946,-6.228304926822268,-4.005805772505717,0.5311017789233664
