condition,count,mean,std,min,25%,50%,75%,max,sem
2 to 1,21.0,4.083906281543104,3.0157199617452584,0.3779745423318281,1.7435617176418756,2.9702010558610827,7.045911930734641,9.978453799104434,0.6580840475946179
3 to 2,17.0,4.668011897770151,3.096603593694649,0.9751337173830864,2.9502546707502413,3.884033464800692,5.865060178798212,12.944000873185294,0.7510366880864864
4 to 3,17.0,4.209887058536443,2.4507113100430633,0.1739198363992756,1.6924082290978557,4.279768612954028,5.968313272490958,8.400211233568951,0.5943847993649047
5 to 4,21.0,3.750910479224694,2.793520000452602,0.7563527024098049,1.3739195544375018,2.4760013064765816,5.600831836533211,9.15995344659443,0.6095960408308152
6 to 5,11.0,3.0969806333935463,1.6872434479371317,0.1835552969978939,2.166451326096131,3.068527084761313,4.343330915752373,5.694306533551953,0.5087230406175466
