condition,count,mean,std,min,25%,50%,75%,max,sem
2 to 1,15.0,179.52591381467738,8.81823212000387,159.72875461102993,175.16815266979887,181.2518534362285,186.81394440985156,191.088373295012,2.276857742917755
3 to 2,22.0,174.67809030515875,9.939586399337124,157.64166434984725,169.63046049063473,174.26386164891295,179.1080061147573,198.59633661443232,2.1191269406171576
4 to 3,23.0,175.49582960302476,10.775663893309154,157.098948499707,170.95011531866487,173.79047635401852,179.39903068382858,205.65333892785225,2.246881242789336
5 to 4,22.0,178.53072347348763,9.845235959208308,163.99900779147572,171.86307191774395,176.3404673787157,183.19656331694284,200.92440277423748,2.0990113591932262
6 to 5,15.0,174.5607762407226,12.967488454450764,155.41579406779977,163.7539475299556,176.33961299861642,182.51788110538462,197.0261291673243,3.3481911217483176
