condition,count,mean,std,min,25%,50%,75%,max,sem
2 to 1,17.0,115.52941176470588,6.615489844475081,100.0,112.0,120.0,120.0,120.0,1.6044919643512767
3 to 2,9.0,108.88888888888889,7.423685817106696,100.0,104.0,108.0,112.0,120.0,2.474561939035566
4 to 3,13.0,110.15384615384616,7.935638536019579,100.0,104.0,108.0,120.0,120.0,2.200950126551275
5 to 4,16.0,111.5,7.136759301905405,100.0,107.0,112.0,116.0,120.0,1.7841898254763524
6 to 5,4.0,115.0,3.8297084310253524,112.0,112.0,114.0,117.0,120.0,1.9148542155126762
