condition,count,mean,std,min,25%,50%,75%,max,sem
2 to 1,17.0,109.6470588235294,8.007349565169708,96.0,104.0,112.0,116.0,116.0,1.942067531672844
3 to 2,14.0,105.42857142857143,8.391518481036815,96.0,97.0,104.0,115.0,116.0,2.2427276507729608
4 to 3,11.0,104.36363636363636,6.054299749314157,96.0,100.0,104.0,108.0,116.0,1.825440057892528
5 to 4,17.0,106.11764705882354,7.227398848662432,96.0,100.0,108.0,112.0,116.0,1.7529016971472169
6 to 5,8.0,108.5,7.837638128197259,96.0,103.0,110.0,116.0,116.0,2.7710235344672607
