condition,count,mean,std,min,25%,50%,75%,max,sem
2 to 1,16.0,-2.804040343671379,2.0743274415329043,-8.560745652980883,-3.647542888140951,-2.4806441874183314,-1.36327982295564,-0.0992672936338997,0.5185818603832261
3 to 2,22.0,-4.041798254573249,2.078295904387549,-8.110328981788971,-5.337248379723064,-3.7345001573248044,-2.62608428626867,-0.7247440601090215,0.4430941756143566
4 to 3,23.0,-3.5283372840293477,1.7937738587272125,-7.412557713306537,-4.510399416008168,-3.2725713365567257,-2.2656582480910146,-0.9009914980162346,0.3740277051034028
5 to 4,22.0,-4.080246620005008,2.296030115372844,-8.571117614982168,-6.193330170563929,-4.045601610914283,-1.7860221684086168,-0.8329676503164596,0.48951526537154527
6 to 5,15.0,-4.591285113245174,1.7050641026791784,-7.113702320616811,-6.073880460055296,-4.088592814596221,-3.2941010935217747,-1.7868735678231635,0.4402456582595034
