condition,count,mean,std,min,25%,50%,75%,max,sem
2 to 1,3.0,3.7398972540754847,3.3272929482574445,1.4120615226747426,1.8344236849977473,2.256785847320752,4.903815119775857,7.55084439223096,1.9210134793491793
4 to 3,2.0,3.7797209810508337,0.8716053724141979,3.163402911698128,3.471561946374481,3.7797209810508337,4.087880015727187,4.396039050403539,0.6163180693527055
