condition,count,mean,std,min,25%,50%,75%,max,sem
2 to 1,24.0,3.323095060722087,2.789155573500359,-1.0522664768761767,1.658674875982829,2.7393549644542143,4.440106839756493,9.132432480242164,0.5693339973596385
3 to 2,24.0,0.6095615678020844,2.2963746760848682,-2.893538448749098,-0.7374482651563061,0.5247028967978759,1.2573893647593304,6.097742105505249,0.46874551788807733
4 to 3,24.0,0.7739922291952305,2.2031392978270814,-3.3181895393372765,-0.9122939662538827,0.32967976198059745,2.2552164248891935,5.301322587884679,0.44971392599583077
5 to 4,24.0,1.4888007832145338,2.7280664401545938,-3.6546293328491375,0.18352773481299725,1.426544477118216,3.2210062602201543,6.011765251594814,0.5568642302324748
6 to 5,16.0,0.6148896286132394,2.6608402565562095,-3.8123815198388336,-1.150249846826387,-0.07507460692152215,2.2578691162414977,6.312224671328326,0.6652100641390524
