Source,SS,DF,MS,F,p-unc,ng2,eps
condition,17.820375686475703,4,4.455093921618926,3.830139498736618,0.010778964845667106,0.13974498420390663,0.7413117843683524
Error,41.874031280370914,36,1.1631675355658588,,,,
