Source,SS,DF,MS,F,p-unc,ng2,eps
condition,3.019000280299183,4,0.7547500700747958,0.8586087729038222,0.5274813761829527,0.19573421918636405,0.2797152598770238
Error,7.032307089266974,8,0.8790383861583717,,,,
