Source,SS,DF,MS,F,p-unc,ng2,eps
condition,105.86666666666719,4,26.466666666666796,0.24924252763750634,0.9094443579983029,0.006875411312389629,0.8937063380135856
Error,9769.333333333334,92,106.18840579710145,,,,
