Source,SS,DF,MS,F,p-unc,ng2,eps
condition,603.7333333333332,4,150.9333333333333,4.223880597014931,0.03960867699164375,0.47324414715719065,0.35923495518566007
Error,285.8666666666662,8,35.73333333333328,,,,
