Source,SS,DF,MS,F,p-unc,ng2,eps
condition,10.825752540014598,4,2.7064381350036495,1.2185214559016568,0.31110109923366847,0.038762217816854336,0.7314671336859512
Error,151.0336911089248,68,2.221083692778306,,,,
