Source,SS,DF,MS,F,p-unc,ng2,eps
condition,742.1333333333337,4,185.53333333333342,0.9387548581066218,0.44521395771198813,0.017585486760333773,0.7505207789632744
Error,18182.66666666667,92,197.63768115942034,,,,
