Source,SS,DF,MS,F,p-unc,ng2,eps
condition,99.22934232787242,4,24.807335581968104,0.9676383861911967,0.4310398653250769,0.016110440231364622,0.7617830149845037
Error,1743.3153165964986,68,25.63698994994851,,,,
