Source,SS,DF,MS,F,p-unc,ng2,eps
condition,1210.6137460422594,4,302.65343651056486,0.9873888260832105,0.43322260047805394,0.11432063802822688,0.6452241894718251
Error,7356.456022565341,24,306.51900094022255,,,,
