Source,SS,DF,MS,F,p-unc,ng2,eps
condition,78.65475065985731,4,19.66368766496433,1.4724846268474705,0.2966925144007446,0.25973581937162304,0.294087142880198
Error,106.83269519526858,8,13.354086899408573,,,,
