Source,SS,DF,MS,F,p-unc,ng2,eps
condition,109.5562348399372,4,27.3890587099843,4.412397004831262,0.0026207200762837527,0.05412368468677919,0.7532729467396743
Error,571.0713243979544,92,6.207297004325591,,,,
