condition,count,mean,std,min,25%,50%,75%,max,sem
1 to 2,12.0,98.33333333333333,8.773237542076298,84.0,91.0,100.0,108.0,108.0,2.532615528291141
2 to 3,7.0,98.28571428571429,12.188988004400882,84.0,86.0,108.0,108.0,108.0,4.607004427599171
3 to 4,7.0,86.28571428571429,3.147183169877773,84.0,84.0,84.0,88.0,92.0,1.1895234282663625
4 to 5,10.0,102.4,8.682037651253177,84.0,98.0,108.0,108.0,108.0,2.7455013709298672
5 to 6,10.0,92.4,10.905656024895215,84.0,84.0,88.0,103.0,108.0,3.4486712417006835
