condition,count,mean,std,min,25%,50%,75%,max,sem
1 to 2,12.0,2.567435503094418,1.9359019737002279,0.6765196220124049,1.2002764975379825,1.6945905726570074,3.684721680835346,5.815415622489612,0.5588467628202771
2 to 3,7.0,2.4079766809505947,1.2092229901559914,0.6557412563813614,1.797360548831119,2.147531678674699,3.079679030087579,4.298484673760705,0.4570433302249513
3 to 4,7.0,2.1414439644223835,1.6027914466556237,0.7793423452107788,1.0066832511492148,1.9262085333498604,2.4280359732864456,5.415118423524725,0.6057982244788896
4 to 5,10.0,2.4400071197938895,1.4758173651693591,0.7254975025829588,1.2845957670288466,2.153613595481894,3.2740964183201675,5.591041225020224,0.4666944284363623
5 to 6,10.0,1.8460080641476613,1.1529835635882832,0.3620824214251514,1.003927183921791,1.5147806473031353,2.7332441125282374,3.741166851802362,0.3646054165676556
