condition,count,mean,std,min,25%,50%,75%,max,sem
1 to 2,21.0,168.0,15.17893276880822,144.0,160.0,168.0,176.0,196.0,3.3123146848433
2 to 3,22.0,171.0909090909091,18.636648714956113,140.0,157.0,166.0,184.0,204.0,3.9733468564965104
3 to 4,22.0,164.1818181818182,16.537508200728954,140.0,150.0,164.0,176.0,204.0,3.525808595132195
4 to 5,23.0,166.7826086956522,19.23764425603455,140.0,150.0,164.0,182.0,204.0,4.011326119885494
5 to 6,22.0,173.8181818181818,17.137084165039678,140.0,160.0,176.0,183.0,204.0,3.6536386202328472
