condition,count,mean,std,min,25%,50%,75%,max,sem
1 to 2,17.0,489.4117647058824,36.713517305499025,440.0,456.0,488.0,524.0,536.0,8.904335866971433
2 to 3,18.0,483.55555555555554,42.06189028537692,432.0,445.0,472.0,526.0,536.0,9.91408261677153
3 to 4,17.0,490.8235294117647,37.96747834350743,432.0,464.0,484.0,536.0,536.0,9.208466091096012
4 to 5,16.0,495.25,36.05088995665248,436.0,460.0,506.0,525.0,536.0,9.01272248916312
5 to 6,9.0,485.77777777777777,36.829939511821685,448.0,464.0,464.0,528.0,536.0,12.276646503940562
