condition,count,mean,std,min,25%,50%,75%,max,sem
1 to 2,5.0,97.80130387083602,4.038816374253856,90.74098373297925,98.42152892593586,99.27476234608062,99.77938372694896,100.7898606222354,1.8062135922941713
2 to 3,5.0,96.88956110749882,4.665419639685224,88.9654270231999,96.65990870356072,98.94630467690337,99.10059819167869,100.77556694215146,2.0864390915797473
3 to 4,6.0,100.70158786837284,4.961923187632539,92.54748304456211,99.4516275878409,100.38755798475138,103.73460944488411,106.89698414237311,2.025696658763986
4 to 5,6.0,100.36117826161455,4.264074542474221,93.7545086118613,98.59387247685154,100.40147190901578,102.71050627565302,106.13809340913228,1.7408011423755814
5 to 6,5.0,96.3809690654559,4.963601775893931,90.71125670536009,95.26762927965062,95.28877365797683,96.25894052870083,104.37824515559112,2.2197901968275016
