condition,count,mean,std,min,25%,50%,75%,max,sem
1 to 2,1.0,455.5268511093246,,455.5268511093246,455.5268511093246,455.5268511093246,455.5268511093246,455.5268511093246,
2 to 3,2.0,475.8961486887083,2.2637565304541676,474.29543109506886,475.0957898918886,475.8961486887083,476.69650748552806,477.4968662823478,1.6007175936394589
3 to 4,4.0,485.0688246021684,9.664783887610309,475.0927997342297,477.87283402209954,484.90903486884474,492.1050254489136,495.3644289367544,4.832391943805156
4 to 5,1.0,490.0692185537951,,490.0692185537951,490.0692185537951,490.0692185537951,490.0692185537951,490.0692185537951,
