condition,count,mean,std,min,25%,50%,75%,max,sem
1 to 2,13.0,1.3355564001421067,1.0737635796536105,0.0848739588415489,0.3635465684786043,1.5503875237830271,2.069646060337781,3.302548000793175,0.29780843416668107
2 to 3,11.0,1.9115760991728459,1.3747166345173536,0.0396761780294314,1.2565451111434842,1.5830662166013896,2.4288290347877575,5.130921873947765,0.4144926608867453
3 to 4,16.0,1.6282973232713833,1.5536597558684273,0.1110733037179839,0.6470130819848651,1.1189877011885498,1.8246094766224739,6.0319112585332375,0.3884149389671069
4 to 5,14.0,2.176689602592478,2.3112946315994276,0.2800868118315547,0.9822759361584158,1.1817198621229246,2.369652391191447,8.836547381781717,0.6177194736667824
5 to 6,12.0,1.6339290744790895,0.9622471725494994,0.0833230727829781,1.0510965640048848,1.557206708970662,2.192269108326714,3.1375810959348978,0.2777768320492049
