Source,SS,DF,MS,F,p-unc,ng2,eps
condition,98.0182904721267,12,8.168190872677224,1.335840594807347,0.2626887801154423,0.28823455985040114,0.13521437758075103
Error,146.75147746391514,24,6.114644894329797,,,,
