Source,SS,DF,MS,F,p-unc,ng2,eps
condition,1150.358974358975,12,95.86324786324792,0.807720005761199,0.6417810333653218,0.026620927112078804,0.26668437545778984
Error,11393.641025641024,96,118.68376068376067,,,,
