Source,SS,DF,MS,F,p-unc,ng2,eps
condition,12.92638938712768,12,1.0771991155939733,0.5403218377804645,0.8733873104679843,0.03723209174245503,0.18594075556008482
Error,71.77049945025396,36,1.9936249847292769,,,,
