Source,SS,DF,MS,F,p-unc,ng2,eps
condition,24.375805735117844,4,6.093951433779461,2.463463596429337,0.07831316131093695,0.3185568534652376,0.7020949510027032
Error,49.47466195654223,20,2.4737330978271115,,,,
