Source,SS,DF,MS,F,p-unc,ng2,eps
condition,660.5333333333335,4,165.13333333333338,0.8727843738031398,0.48345655768471074,0.013629398122037315,0.7792336065207827
Error,17406.666666666686,92,189.20289855072485,,,,
