Source,SS,DF,MS,F,p-unc,ng2,eps
condition,0.5447416406897494,4,0.13618541017243735,0.05033585174485977,0.994753579726651,0.0036444886759146753,0.32134295171231775
Error,43.288560483761174,16,2.7055350302350734,,,,
