Source,SS,DF,MS,F,p-unc,ng2,eps
condition,155.2000000000004,4,38.8000000000001,0.5757419354838724,0.6809227426197839,0.012765397438147074,0.818432022552136
Error,6199.999999999999,92,67.39130434782608,,,,
