condition,count,mean,std,min,25%,50%,75%,max,sem
2 to 5,13.0,2.82769264800932,2.812314659313365,0.5806975711008098,1.1085907326276432,1.7536147379831069,3.276676126182045,10.46918122283794,0.7799957466841061
3 to 5,15.0,2.9381723109755105,1.3937293224346075,1.4761744913471553,1.5755546582445807,3.296264460178421,3.7099421611069126,5.63794854522318,0.3598593636606787
4 to 5,14.0,3.7461312080625766,3.1777276820730256,1.1398628289208248,2.1832682587559726,2.719127782616468,3.7338679124494987,13.40624306248212,0.8492834467703265
6 to 5,14.0,3.071721625228782,2.3762044475158497,0.3346421112230137,1.4663450576073915,2.628697054611918,4.263164527935422,9.47022008175769,0.6350673516809122
Cardinality5,13.0,2.756990018598565,1.6027572836612558,0.3522654095689791,1.6674843058069708,2.561798336744628,3.148563638385567,5.36860896085308,0.44452488987415684
