condition,count,mean,std,min,25%,50%,75%,max,sem
2 to 5,11.0,99.63636363636364,8.476706049789945,88.0,92.0,100.0,108.0,108.0,2.5558230386626293
3 to 5,17.0,103.52941176470588,7.730763602798429,88.0,100.0,100.0,112.0,112.0,1.8749855824128507
4 to 5,14.0,101.42857142857143,8.391518481036815,88.0,97.0,104.0,108.0,112.0,2.2427276507729603
6 to 5,11.0,101.0909090909091,6.472318679647124,88.0,98.0,100.0,104.0,112.0,1.9514775076361806
Cardinality5,15.0,99.2,9.936944054529901,88.0,88.0,100.0,108.0,112.0,2.5657079223592736
