condition,count,mean,std,min,25%,50%,75%,max,sem
2 to 5,13.0,2.106624246512222,0.6031228822028218,1.142764286368051,1.6377824531512253,2.078967605577433,2.3925682593765467,3.203228727066595,0.1672761905529155
3 to 5,7.0,3.2629442776502766,1.8214484379553855,1.0246064471612604,1.803263067269412,3.765886850188052,4.229127599165919,5.985335313331963,0.6884427989652875
4 to 5,10.0,2.671778834910359,1.3982649499228685,0.7758942429957536,1.7495585484936171,2.5411027156284653,3.429295581754509,5.591041225020224,0.44217020141375446
6 to 5,13.0,1.8717273772479681,0.7322695534436098,0.9187981078701584,1.680981769039047,1.8292059510945449,2.1062430063580777,3.783400385645271,0.20309503249246558
Cardinality5,9.0,2.0805963710999924,1.3058770323043813,0.4243266421813063,1.017611144040164,2.092573067204184,2.692839407900662,4.61646321228648,0.43529234410146045
