Source,SS,DF,MS,F,p-unc,ng2,eps
condition,42.631401979938445,1,42.631401979938445,4.991660761577271,0.06687817786110578,0.17593554001539416,1.0
Error,51.24314814190345,6,8.540524690317241,,,,
