Source,SS,DF,MS,F,p-unc,ng2,eps
condition,256.0,1,256.0,1.0,0.5000000000000001,0.3333333333333333,1.0
Error,256.0,1,256.0,,,,
