Source,SS,DF,MS,F,p-unc,ng2,eps
condition,309.5717608288355,1,309.5717608288355,4.353842865596982,0.08198443534350713,0.23207780027322347,1.0
Error,426.6186498483862,6,71.10310830806436,,,,
