Source,SS,DF,MS,F,p-unc,ng2,eps
condition,60.5,1,60.5,0.7799742157284058,0.39108395243084726,0.01433819172887783,1.0
Error,1163.5,15,77.56666666666666,,,,
