Source,SS,DF,MS,F,p-unc,ng2,eps
condition,63.122609185493104,1,63.122609185493104,6.95008926409259,0.018695896636168854,0.12853368597853973,1.0
Error,136.23409740565637,15,9.082273160377092,,,,
