Source,SS,DF,MS,F,p-unc,ng2,eps
condition,220.5,1,220.5,1.1502347417840377,0.3004522652900613,0.014240966189814965,1.0
Error,2875.5,15,191.7,,,,
