condition,count,mean,std,min,25%,50%,75%,max,sem
56 ACC1,12.0,169.66666666666666,24.566545372012556,136.0,151.0,170.0,193.0,200.0,7.091750791795302
56 ALL,22.0,173.8181818181818,17.137084165039678,140.0,160.0,176.0,183.0,204.0,3.6536386202328472
