condition,count,mean,std,min,25%,50%,75%,max,sem
56 ACC1,16.0,-5.23660068452946,4.464887887810528,-12.769968305800996,-8.17707131764873,-6.965284136685661,-1.6916649694825634,2.93357626979731,1.116221971952632
56 ALL,24.0,-5.782777636530498,2.672545739415163,-11.87803400551648,-7.7018184072916345,-4.8583331766242,-4.13670014094309,-0.4407221046587902,0.5455311146513605
