Contrast,Coef,Std.Err.,z,P>|z|,P>|z| (adj)
56 ACC1 - 56 ALL,1.4882954823381052,7.833891568032263e-05,18998.162910645686,0.0,0.0
