Contrast,Coef,Std.Err.,z,P>|z|,P>|z| (adj)
56 ACC1 - 56 ALL,10.707132175040925,3.9113970037143746,2.7374189234365947,0.006192338176121082,0.006192338176121081
