Contrast,Coef,Std.Err.,z,P>|z|,P>|z| (adj)
56 ACC1 - 56 ALL,-0.9977051430202298,0.6080926073179088,-1.640712501703927,0.1008571085657739,0.10085710856577391
