Contrast,Coef,Std.Err.,z,P>|z|,P>|z| (adj)
56 ACC1 - 56 ALL,-2.6936401127180467,4.120342499113566,-0.6537417977504407,0.5132781696312989,0.5132781696312989
