Contrast,Coef,Std.Err.,z,P>|z|,P>|z| (adj)
56 ACC1 - 56 ALL,7.06148223688812,3.7243342426388577,1.896038802329606,0.05795491381557305,0.05795491381557305
