Contrast,Coef,Std.Err.,z,P>|z|,P>|z| (adj)
56 ACC1 - 56 ALL,-6.270365300011262,6.211374647962448,-1.0094971975435687,0.3127362449700648,0.31273624497006486
