Contrast,Coef,Std.Err.,z,P>|z|,P>|z| (adj)
56 ACC1 - 56 ALL,1.2004722655388351,0.5094420285144731,2.356445283949968,0.01845078561348923,0.01845078561348923
