Contrast,Coef,Std.Err.,z,P>|z|,P>|z| (adj)
56 ACC1 - 56 ALL,4.322994999355086,4.183617629141305,1.033315035590953,0.30145649319546264,0.30145649319546264
