Contrast,A,B,Paired,Parametric,T,dof,alternative,p-unc,BF10,cohen,ci_lower,ci_upper
condition,56 ACC1,56 ALL,True,True,-0.05618200319141176,15.0,two-sided,0.9559383513245161,0.256,-0.013463509824521115,-0.546934166792036,0.5188431651963301
