{
  "analysis_id": "32_23",
  "date_analyzed": "2025-10-13T19:55:47.060575",
  "baseline_ms": [
    -100,
    0
  ],
  "response_filter": "ALL",
  "fal_fraction": 0.5,
  "n_subjects_total": 24,
  "n_evokeds_included": 8,
  "conditions": [
    "Increasing 2 to 3",
    "Decreasing 3 to 2"
  ],
  "components": {
    "P1": {
      "peak_latency_ms": 108.0,
      "peak_gfp_amplitude": 0.768561749589347,
      "fwhm_ms": 28.182788570238074,
      "window_start_ms": 92.1499774499155,
      "window_end_ms": 120.33276602015357,
      "search_range_ms": [
        60.0,
        120.0
      ],
      "method": "GFP_collapsed_localizer",
      "n_subjects": 8,
      "n_conditions": 2
    },
    "N1": {
      "peak_latency_ms": 172.0,
      "peak_gfp_amplitude": -3.122710496211907,
      "fwhm_ms": 69.78762058458611,
      "window_start_ms": 138.23333303039877,
      "window_end_ms": 208.02095361498488,
      "search_range_ms": [
        125.0,
        200.0
      ],
      "method": "GFP_collapsed_localizer",
      "n_subjects": 8,
      "n_conditions": 2
    },
    "P3b": {
      "peak_latency_ms": 520.0,
      "peak_gfp_amplitude": 2.88581094351019,
      "fwhm_ms": 47.21621055611854,
      "window_start_ms": 491.1015136493879,
      "window_end_ms": 538.3177242055065,
      "search_range_ms": [
        320.0,
        590.0
      ],
      "method": "GFP_collapsed_localizer",
      "n_subjects": 8,
      "n_conditions": 2
    }
  }
}