Source,SS,DF,MS,F,p-unc,ng2,eps
condition,33.282453307420866,4,8.320613326855216,3.9216100389459516,0.01649338788708373,0.21318139317042578,0.5357841814433167
Error,42.434679859661045,20,2.121733992983052,,,,
