Source,SS,DF,MS,F,p-unc,ng2,eps
condition,83.2000000000002,3,27.733333333333402,1.202312138728327,0.350734906635943,0.09774436090225587,0.745114148430303
Error,276.7999999999999,12,23.06666666666666,,,,
