Source,SS,DF,MS,F,p-unc,ng2,eps
condition,33.722211034480246,4,8.430552758620061,2.836810955956308,0.030396586331354586,0.04801732634734975,0.8290805678929738
Error,213.97259388968365,72,2.971841581801162,,,,
