Source,SS,DF,MS,F,p-unc,ng2,eps
condition,33.68084619292063,3,11.226948730973545,2.7760506356334615,0.05838791166487709,0.06795694980107204,0.7204202409204601
Error,121.32648360441402,30,4.0442161201471345,,,,
