Source,SS,DF,MS,F,p-unc,ng2,eps
condition,775.7473684210539,4,193.93684210526348,0.9499301083892867,0.4403628339994814,0.026649540604966604,0.7116141498199106
Error,14699.452631578943,72,204.1590643274853,,,,
