Source,SS,DF,MS,F,p-unc,ng2,eps
condition,11.412580730031749,4,2.8531451825079372,1.2225481889413579,0.34018410477349065,0.1974025927808118,0.4664623339444209
Error,37.34030554628445,16,2.333769096642778,,,,
