Source,SS,DF,MS,F,p-unc,ng2,eps
condition,3877.8181818181806,3,1292.6060606060603,1.3411474708856297,0.2796140664653461,0.06888888888888886,0.6988209188216701
Error,28914.18181818182,30,963.8060606060607,,,,
