Source,SS,DF,MS,F,p-unc,ng2,eps
condition,61.871263798745,4,15.46781594968625,4.138976274295414,0.013285119191633143,0.2019834879321441,0.6884346514782894
Error,74.74223056434101,20,3.7371115282170506,,,,
