Source,SS,DF,MS,F,p-unc,ng2,eps
condition,432.0,4,108.0,1.5637065637065648,0.24657640625144886,0.28421052631578947,0.602682742758571
Error,828.7999999999995,12,69.06666666666662,,,,
