Source,SS,DF,MS,F,p-unc,p-GG-corr,ng2,eps,sphericity,W-spher,p-spher
condition,389.01935415802717,4,97.25483853950679,0.6798174518595932,0.6139974809559253,0.4920081742596056,0.0843690341264411,0.36711591274943306,False,0.002125220840656575,0.02219515698873708
Error,2861.204526993915,20,143.06022634969574,,,,,,,,
