Source,SS,DF,MS,F,p-unc,ng2,eps
condition,22.511163186724048,3,7.5037210622413495,3.981457844711737,0.016824078381956004,0.07271950324661064,0.7117366435650071
Error,56.54000133801213,30,1.884666711267071,,,,
