Source,SS,DF,MS,F,p-unc,ng2,eps
condition,1.192241508553741,4,0.29806037713843525,0.16852518478557016,0.9513044534656344,0.022497756673555528,0.4512549478727172
Error,28.298239460665485,16,1.7686399662915928,,,,
