Source,SS,DF,MS,F,p-unc,ng2,eps
condition,24.91785375503394,4,6.229463438758485,1.6187465908317071,0.1761863038915394,0.03042064564936689,0.83627661896485
Error,354.04592640489705,92,3.8483252870097506,,,,
