condition,count,mean,std,min,25%,50%,75%,max,sem
3 to 2,1.0,170.0669151274655,,170.0669151274655,170.0669151274655,170.0669151274655,170.0669151274655,170.0669151274655,
4 to 2,1.0,169.7046453415682,,169.7046453415682,169.7046453415682,169.7046453415682,169.7046453415682,169.7046453415682,
5 to 2,4.0,169.53977929417027,1.2380981499975594,167.974997080386,168.86341169751492,169.71653981692543,170.39290741358076,170.75104046244414,0.6190490749987764
increasing 1 to 2,1.0,169.64056895056302,,169.64056895056302,169.64056895056302,169.64056895056302,169.64056895056302,169.64056895056302,
