condition,count,mean,std,min,25%,50%,75%,max,sem
2 to 2,10.0,2.454868923259626,1.5004635873065661,0.8054586211932526,1.3154431669191573,2.4629036330888825,2.7196831216952377,5.996262944181175,0.47448824820356605
3 to 2,10.0,2.6949347994680197,1.2093536769753084,1.1072689582068087,1.6382374700771436,2.5972031819747006,3.8420222708071874,4.232915339763036,0.38243121159415044
4 to 2,11.0,3.3998905840124647,1.8428582213547995,0.5665476023831078,2.048515387858129,3.324199344442465,4.475866878553269,6.560068300076445,0.5556426601868716
5 to 2,7.0,4.473511978737792,2.338142870811219,1.5579312775115668,3.4773231681414583,4.021308021645874,4.832340865706039,9.116016484312116,0.8837349379864441
increasing 1 to 2,13.0,2.6449466208539025,1.9059174185658192,0.6095859448907268,0.8877609595688915,2.5263512836216098,3.7827874984783865,5.815415622489612,0.5286063830337712
