condition,count,mean,std,min,25%,50%,75%,max,sem
3 to 2,22.0,-3.7927256487118326,1.965456074215766,-8.005019342504198,-4.890640328870288,-3.4246108111436735,-2.617335071482493,-0.4303784267034681,0.4190366429882872
4 to 2,24.0,-3.7645634552134255,2.45049171484925,-8.92971893058101,-5.546042418003368,-2.970627516385007,-1.8848149902440667,-0.5621273463031768,0.5002045266915333
5 to 2,24.0,-4.582318946208656,2.577593532224117,-9.17850493042746,-5.947902488035515,-4.8972742411828705,-2.5811024039083117,-0.2272483797709624,0.526149076520603
increasing 1 to 2,22.0,-3.171343050665062,1.6073832499734284,-6.092221239863344,-4.431100311043846,-3.1021710106740645,-2.3179702778176168,-0.5865528578420877,0.34269526035234416
