condition,count,mean,std,min,25%,50%,75%,max,sem
3 to 2,1.0,-4.007398547033006,,-4.007398547033006,-4.007398547033006,-4.007398547033006,-4.007398547033006,-4.007398547033006,
4 to 2,1.0,-6.452365175396007,,-6.452365175396007,-6.452365175396007,-6.452365175396007,-6.452365175396007,-6.452365175396007,
5 to 2,4.0,-7.06605468832175,1.9476186344110786,-9.942670015227048,-7.421569307103347,-6.259952075006625,-5.904437456225029,-5.801644588046703,0.9738093172055394
increasing 1 to 2,1.0,-4.2404056521178966,,-4.2404056521178966,-4.2404056521178966,-4.2404056521178966,-4.2404056521178966,-4.2404056521178966,
