condition,count,mean,std,min,25%,50%,75%,max,sem
1 to 2,11.0,-1.7521210719212386,0.9447712077046929,-3.3542245859860427,-2.42767725268162,-1.3409471751906306,-1.0017408479887617,-0.6461523204838944,0.28485923715339956
2 to 2,14.0,-2.259023158744872,1.323338411167894,-5.941564856010966,-2.802373843644776,-2.0782622725180278,-1.3213463043629456,-0.6812525571210145,0.3536770672391458
3 to 2,14.0,-2.7862101107027897,1.6529326750093025,-5.616588584031017,-4.178848959421195,-2.5083825094366445,-1.407353731817044,-0.689268779577129,0.44176483952061196
4 to 2,13.0,-2.528263354589245,1.540555823292824,-4.935853422620728,-3.7096780284299182,-2.522959457372853,-1.226582857375439,-0.2434361793066466,0.42727330873822444
5 to 2,17.0,-3.3448123851819513,1.7355594677371529,-6.651539339932259,-4.290391442389616,-3.212684237328732,-1.877654111019105,-0.5326252516121683,0.4209350002953558
