condition,count,mean,std,min,25%,50%,75%,max,sem
4 to 2,1.0,486.6408881339116,,486.6408881339116,486.6408881339116,486.6408881339116,486.6408881339116,486.6408881339116,
5 to 2,2.0,488.49174527540004,0.7442073378957199,487.9655112201652,488.2286282477826,488.49174527540004,488.7548623030175,489.0179793306349,0.5262340552348519
