Source,SS,DF,MS,F,p-unc,ng2,eps
condition,7.46666666666669,2,3.733333333333345,0.09090909090909115,0.9135172474836399,0.0041310120979640135,0.9255171536602567
Error,739.2000000000003,18,41.066666666666684,,,,
