Source,SS,DF,MS,F,p-unc,ng2,eps
condition,1.9302011663417287,2,0.9651005831708643,1.6405461896562437,0.21671815638686165,0.021914676816618545,0.7838512558870572
Error,12.942160948365597,22,0.5882800431075271,,,,
