Source,SS,DF,MS,F,p-unc,ng2,eps
condition,635.111111111112,2,317.555555555556,6.326660250240626,0.003738524634155424,0.10178425157591092,0.8262156437976661
Error,2308.8888888888887,46,50.19323671497584,,,,
