Source,SS,DF,MS,F,p-unc,ng2,eps
condition,1925.7777777777833,2,962.8888888888916,1.6567035159172172,0.2019458480655977,0.028632505459867983,0.9429340357877201
Error,26735.555555555577,46,581.2077294685995,,,,
