Source,SS,DF,MS,F,p-unc,ng2,eps
condition,12.961707778486108,2,6.480853889243054,5.928283184017132,0.005120578681567729,0.03861813834604746,0.8426172936656164
Error,50.28762453671595,46,1.0932092290590425,,,,
