Source,SS,DF,MS,F,p-unc,ng2,eps
condition,13.52063404283361,2,6.760317021416805,3.2200471049964707,0.0524004350255627,0.0375443491001107,0.7866684964586356
Error,71.3811851918307,34,2.099446623289138,,,,
