condition,count,mean,std,min,25%,50%,75%,max,sem
Decreasing Crossover,24.0,112.33333333333333,9.35607994215836,100.0,104.0,110.0,124.0,124.0,1.9098018209146936
Decreasing Large,24.0,109.83333333333333,9.725210030890208,100.0,100.0,110.0,117.0,124.0,1.9851501847564712
Decreasing Small,24.0,117.0,7.846350577899534,100.0,112.0,120.0,124.0,124.0,1.601629604903814
