condition,count,mean,std,min,25%,50%,75%,max,sem
Decreasing Crossover,20.0,479.6,27.770487932335648,432.0,464.0,472.0,491.0,540.0,6.209669878504008
Decreasing Large,18.0,493.55555555555554,33.83388872334646,444.0,466.0,480.0,527.0,540.0,7.974724050063118
Decreasing Small,20.0,484.8,23.381504161240468,432.0,471.0,482.0,508.0,516.0,5.228263272072788
