condition,count,mean,std,min,25%,50%,75%,max,sem
Decreasing Crossover,20.0,4.704280680355842,2.731390138631494,1.09979541107603,3.1245568665389363,3.909197920020971,6.884516938294225,10.685504559434722,0.6107574023052595
Decreasing Large,18.0,4.184544281786898,2.478405214615057,0.9506071626822578,1.8332943393631842,3.990547735689838,5.877847610958888,8.300587334958632,0.5841657112608024
Decreasing Small,20.0,5.069482398038341,2.684959032969503,1.4137740774320091,2.7516695098199975,5.014253520375822,7.21882727639302,10.707220466005465,0.6003750914521906
