condition,count,mean,std,min,25%,50%,75%,max,sem
Decreasing Crossover,16.0,2.3923127031503713,1.4727477389445807,0.9240561021075686,1.2085363997663323,1.8349814047769006,2.6470668775150186,5.788148348713997,0.3681869347361451
Decreasing Large,13.0,2.9636513959089514,2.165580581401872,0.6763858359741782,1.3916002189897652,2.376918282454892,3.1724827206594064,7.079826498713127,0.600623986722582
Decreasing Small,19.0,2.6407971709301385,1.7535441979264732,0.5993910570856837,1.4581578204034742,2.033834847053337,3.601115513790873,7.191271655905226,0.4022906290417675
