Contrast,Coef,Std.Err.,z,P>|z|,P>|z| (adj)
Decreasing Crossover - Decreasing Large,-8.31307609614199,7.128116755220479,-1.166237364175281,0.24351848966184741,0.567092656569679
Decreasing Crossover - Decreasing Small,-3.240302474969408,6.881430438576572,-0.47087629583590856,0.6377290764238841,0.6880850743389733
Decreasing Large - Decreasing Small,5.072773621172582,6.590999463976179,0.7696516513008952,0.44150655719066245,0.6880850743389733
