Contrast,Coef,Std.Err.,z,P>|z|,P>|z| (adj)
Decreasing Crossover - Decreasing Large,0.6691911312188072,0.9515875924895162,0.7032365033975365,0.4819083740002599,0.7943706439970205
Decreasing Crossover - Decreasing Small,-0.09261532384808102,1.0959737168448915,-0.08450505922231753,0.932654880553887,0.932654880553887
Decreasing Large - Decreasing Small,-0.7618064550668883,0.9241686381173653,-0.8243154156570094,0.40976036163532337,0.7943706439970205
