Contrast,Coef,Std.Err.,z,P>|z|,P>|z| (adj)
Decreasing Crossover - Decreasing Large,0.566870042176688,0.4541707340856245,1.248143043205898,0.21197867775621093,0.21197867775621096
Decreasing Crossover - Decreasing Small,-0.7981443902894576,0.4364514735335559,-1.8287127863897417,0.06744264596860172,0.13033678144195732
Decreasing Large - Decreasing Small,-1.3650144324661455,0.41547875186083205,-3.2854013023591833,0.0010183721371459509,0.003052006222143926
