Contrast,A,B,Paired,Parametric,T,dof,alternative,p-unc,p-corr,p-adjust,BF10,cohen,ci_lower,ci_upper
condition,Decreasing Crossover,Decreasing Large,True,True,0.3277888818069413,20.0,two-sided,0.746477871328096,0.746477871328096,fdr_bh,0.239,0.0338442803303061,-0.36257395403294157,0.4827134774937608
condition,Decreasing Crossover,Decreasing Small,True,True,-0.961431947010076,20.0,two-sided,0.34781567872767893,0.5590573549899518,fdr_bh,0.343,-0.08826424973532522,-0.6699779767411036,0.2503746745770612
condition,Decreasing Large,Decreasing Small,True,True,-0.9118566506641168,20.0,two-sided,0.37270490332663453,0.5590573549899518,fdr_bh,0.329,-0.11801142720453382,-0.6586616841383509,0.26069481512718706
