Contrast,A,B,Paired,Parametric,T,dof,alternative,p-unc,p-corr,p-adjust,BF10,cohen,ci_lower,ci_upper
condition,Decreasing Crossover,Decreasing Large,True,True,1.816590212458495,11.0,two-sided,0.0966008969205373,0.14490134538080596,fdr_bh,1.014,0.49304555839388087,-0.15324050692014546,1.2020493550902969
condition,Decreasing Crossover,Decreasing Small,True,True,-1.4654045033934273,11.0,two-sided,0.17080192650680628,0.17080192650680628,fdr_bh,0.677,-0.3726203908711132,-1.2231876451366008,0.03010808508518148
condition,Decreasing Large,Decreasing Small,True,True,-2.293382359966742,11.0,two-sided,0.042524025227983694,0.1275720756839511,fdr_bh,1.878,-0.8523444347751279,-1.3797209537343254,-0.029442304437030886
