Contrast,A,B,Paired,Parametric,T,dof,alternative,p-unc,p-corr,p-adjust,BF10,cohen,ci_lower,ci_upper
condition,Decreasing Crossover,Decreasing Large,True,True,-1.6885807487517275,23.0,two-sided,0.10481408355767402,0.31444225067302206,fdr_bh,0.737,-0.3904117552280664,-0.7793038241796313,0.08994362019154861
condition,Decreasing Crossover,Decreasing Small,True,True,-1.0723276546628546,23.0,two-sided,0.29469602090693214,0.40256443316843893,fdr_bh,0.359,-0.23898453944439713,-0.6461788580745573,0.20840292624132328
condition,Decreasing Large,Decreasing Small,True,True,0.8527991721349141,23.0,two-sided,0.40256443316843893,0.40256443316843893,fdr_bh,0.298,0.19047448268671247,-0.2513729724625465,0.5995267765956227
