Source,SS,DF,MS,F,p-unc,ng2,eps
condition,0.28443507112173866,1,0.28443507112173866,0.06082139998034249,0.8122784522812919,0.004148944993387136,1.0
Error,32.73593666860147,7,4.6765623812287815,,,,
