Source,SS,DF,MS,F,p-unc,ng2,eps
condition,0.38473486707101356,1,0.38473486707101356,0.05540253632806326,0.8167278472671414,0.0009250548008739115,1.0
Error,118.05403098295068,17,6.944354763702981,,,,
