Source,SS,DF,MS,F,p-unc,ng2,eps
condition,2.1896674405105334,1,2.1896674405105334,0.6586637352898921,0.435923938831157,0.030280712519842358,1.0
Error,33.24408682598585,10,3.3244086825985852,,,,
