Source,SS,DF,MS,F,p-unc,ng2,eps
condition,27.35967394369021,1,27.35967394369021,8.040173539321176,0.009371453429210835,0.10368626961043723,1.0
Error,78.26603463561605,23,3.4028710711137413,,,,
