Source,SS,DF,MS,F,p-unc,ng2,eps
condition,530.1818181818177,1,530.1818181818177,7.82188841201716,0.01889917980522911,0.32530120481927693,1.0
Error,677.8181818181818,10,67.78181818181818,,,,
