Source,SS,DF,MS,F,p-unc,ng2,eps
condition,341.33333333333456,1,341.33333333333456,4.433734939759051,0.04635756724406497,0.07324749642346233,1.0
Error,1770.666666666667,23,76.98550724637683,,,,
