Source,SS,DF,MS,F,p-unc,ng2,eps
condition,645.333333333335,1,645.333333333335,5.959314775160617,0.022750781192965034,0.08451196088702657,1.0
Error,2490.666666666666,23,108.28985507246374,,,,
