Source,SS,DF,MS,F,p-unc,ng2,eps
condition,0.030759294026149065,1,0.030759294026149065,0.004370215515589617,0.9478634343865301,4.387923149908892e-05,1.0
Error,161.8830375933942,23,7.038392938843225,,,,
