Source,SS,DF,MS,F,p-unc,ng2,eps
condition,2.0,1,2.0,0.05084745762711864,0.8360832258079629,0.003484320557491289,1.0
Error,118.0,3,39.333333333333336,,,,
