condition,count,mean,std,min,25%,50%,75%,max,sem
Decreasing 3 to 1,10.0,106.4,12.53616989177937,88.0,100.0,106.0,119.0,120.0,3.964284999284934
Increasing 1 to 3,18.0,107.11111111111111,13.199326582148888,88.0,97.0,108.0,120.0,120.0,3.1111111111111116
