condition,count,mean,std,min,25%,50%,75%,max,sem
Decreasing 3 to 1,3.0,5.998305701010092,2.1759704367898007,4.2929337832370615,4.772959075089464,5.252984366941865,6.850991659896608,8.448998952851351,1.256297117429259
Increasing 1 to 3,2.0,4.503438923299421,2.1575142192658414,2.9778459883501447,3.7406424558247826,4.503438923299421,5.2662353907740584,6.029031858248697,1.525592934949276
