condition,count,mean,std,min,25%,50%,75%,max,sem
Decreasing 3 to 1,24.0,5.3029583787518595,3.65909725495074,-2.72872403467945,3.7986903427558696,5.4265182516813795,6.296501247389426,16.27049864203986,0.7469100994873267
Increasing 1 to 3,24.0,5.353587169989446,4.133749383413443,-1.5510518954905637,3.271986821298993,4.2609777532795805,7.422954968591354,14.245450205027396,0.8437980594922929
