condition,count,mean,std,min,25%,50%,75%,max,sem
Decreasing 3 to 1,20.0,469.2,37.21007220745763,400.0,454.0,474.0,492.0,528.0,8.320425090355092
Increasing 1 to 3,20.0,455.0,38.53911205379201,392.0,432.0,454.0,482.0,516.0,8.617607434476048
