Contrast,Coef,Std.Err.,z,P>|z|,P>|z| (adj)
Decreasing 3 to 1 - Increasing 1 to 3,-0.9221803229919749,4.699140439286449,-0.1962444695804847,0.844418823008908,0.844418823008908
