Contrast,Coef,Std.Err.,z,P>|z|,P>|z| (adj)
Decreasing 3 to 1 - Increasing 1 to 3,-0.41962908733356263,0.7290877349074438,-0.5755536230311619,0.5649169358568848,0.5649169358568848
