Contrast,Coef,Std.Err.,z,P>|z|,P>|z| (adj)
Decreasing 3 to 1 - Increasing 1 to 3,14.409988169282157,11.139228784230315,1.29362529923815,0.19579487936454454,0.19579487936454454
