Contrast,Coef,Std.Err.,z,P>|z|,P>|z| (adj)
Decreasing 3 to 1 - Increasing 1 to 3,-0.5374506264951572,0.5270332646344409,-1.019766042410894,0.3078394316243842,0.3078394316243842
