Contrast,Coef,Std.Err.,z,P>|z|,P>|z| (adj)
Decreasing 3 to 1 - Increasing 1 to 3,5.779912206964748,3.1830140546407537,1.8158613527130936,0.06939164302640233,0.06939164302640233
