Contrast,Coef,Std.Err.,z,P>|z|,P>|z| (adj)
Decreasing 3 to 1 - Increasing 1 to 3,4.166226099079195,5.042817075867782,0.8261703798490964,0.40870744814546844,0.40870744814546844
