Source,SS,DF,MS,F,p-unc,ng2,eps
condition,0.9407126125166992,4,0.2351781531291748,0.3656551600931872,0.8267344028203127,0.10090728495143575,0.48139214800649516
Error,5.145353957411451,8,0.6431692446764313,,,,
