Source,SS,DF,MS,F,p-unc,ng2,eps
condition,2570.5165175649954,4,642.6291293912489,4.34407785234143,0.00876020569193378,0.3364620591732953,0.7566687936495388
Error,3550.373549837976,24,147.932231243249,,,,
