condition,count,mean,std,min,25%,50%,75%,max,sem
2 to 3,2.0,4.767232510052509,1.3977292444618563,3.77888868303078,4.273060596541645,4.767232510052509,5.261404423563373,5.7555763370742365,0.9883438270217281
3 to 4,3.0,5.991058584857659,1.4370934145758747,4.351410541302855,5.470576231915219,6.589741922527582,6.810882606635062,7.032023290742541,0.8297062697560197
