condition,count,mean,std,min,25%,50%,75%,max,sem
1 to 2,22.0,-3.344184768013146,1.7508271056665485,-5.99256905609266,-4.711188793569252,-3.4401346904654804,-2.2388870921995307,-0.1244655835814993,0.3732775931429282
2 to 3,21.0,-3.4244831114531227,1.3927822746806922,-5.757256022692435,-4.338256161327011,-3.5150955014598093,-2.6348532522011343,-0.762417146323656,0.3039300095389071
3 to 4,23.0,-3.4019822911988054,1.6809089897057483,-6.993529278163775,-4.335285960119517,-3.076285045107948,-2.225866220548995,-0.7548574168199491,0.3504937530717636
4 to 5,22.0,-4.733737193523448,3.136902902723023,-12.446827630207189,-7.190599602641862,-3.7257941191940827,-2.0687307728762967,-1.468820641154399,0.6687899459985424
5 to 6,12.0,-3.4050423800563507,3.0669754689760955,-9.3787415607114,-5.558126422765023,-2.877104510792204,-0.5956465186163753,-0.1720799842184913,0.8853595563056637
