condition,count,mean,std,min,25%,50%,75%,max,sem
1 to 2,12.0,-1.8598581246346984,0.9099094593711567,-3.3542245859860427,-2.4904790286707548,-1.785724251094442,-1.214538773176247,-0.6461523204838944,0.26266823565306213
2 to 3,13.0,-3.1107001211096312,1.3715527738776614,-5.7589720205898125,-4.051644652888073,-2.9669568341146237,-2.295127284876788,-0.816833182978543,0.38040029640159806
3 to 4,16.0,-2.549044882875514,1.3940045938973908,-5.197386092246565,-3.2735744829701527,-2.1286249661489274,-1.5582736880419426,-0.4227632215372572,0.3485011484743477
4 to 5,17.0,-5.887832627726054,5.052696892846336,-18.825479208826582,-8.63774762498479,-3.2238684891108123,-1.995502776359384,-1.150597834682498,1.2254589990256233
5 to 6,13.0,-5.584789766126098,4.272083992556258,-17.831884097782744,-6.561178325703093,-4.245685335794804,-3.6390029313649785,-0.4673753353005563,1.184862914480808
