condition,count,mean,std,min,25%,50%,75%,max,sem
2 to 3,1.0,3.450066152903255,,3.450066152903255,3.450066152903255,3.450066152903255,3.450066152903255,3.450066152903255,
3 to 4,2.0,4.7247075863201475,2.029941812883089,3.2893219650164016,4.007014775668274,4.7247075863201475,5.44240039697202,6.160093207623893,1.4353856213037457
