condition,count,mean,std,min,25%,50%,75%,max,sem
1 to 2,22.0,171.45454545454547,17.470321153662894,144.0,164.0,166.0,179.0,204.0,3.724684984923501
2 to 3,21.0,168.57142857142858,18.034886826845987,136.0,156.0,164.0,180.0,204.0,3.9355349539992224
3 to 4,23.0,166.7826086956522,18.14826944351627,140.0,154.0,164.0,180.0,204.0,3.78417576916471
4 to 5,22.0,167.0909090909091,19.748198449259668,136.0,149.0,168.0,184.0,196.0,4.210330056114916
5 to 6,12.0,169.66666666666666,24.566545372012556,136.0,151.0,170.0,193.0,200.0,7.091750791795302
