{
  "analysis_id": "landing_on_1_ACC1",
  "date_analyzed": "2025-10-17T16:58:32.448459",
  "baseline_ms": [
    -100,
    0
  ],
  "response_filter": "MIXED",
  "fal_fraction": 0.5,
  "n_subjects_total": 24,
  "n_evokeds_included": 96,
  "conditions": [
    "1 to 1",
    "2 to 1",
    "3 to 1",
    "4 to 1"
  ],
  "components": {
    "P1": {
      "collapsed_peak_latency_ms": 120.0,
      "peak_gfp_amplitude": 2.479179856663674,
      "fwhm_ms": 47.439385387703425,
      "window_start_ms": 97.81133315899024,
      "window_end_ms": 145.25071854669366,
      "search_range_ms": [
        60.0,
        120.0
      ],
      "method": "GFP_collapsed_localizer",
      "n_subjects": 96,
      "n_conditions": 4
    },
    "N1": {
      "collapsed_peak_latency_ms": 180.0,
      "peak_gfp_amplitude": -2.524432247328815,
      "fwhm_ms": 47.503822700107435,
      "window_start_ms": 157.81540520994122,
      "window_end_ms": 205.31922791004865,
      "search_range_ms": [
        125.0,
        200.0
      ],
      "method": "GFP_collapsed_localizer",
      "n_subjects": 96,
      "n_conditions": 4
    },
    "P3b": {
      "collapsed_peak_latency_ms": 472.0,
      "peak_gfp_amplitude": 2.797754588525405,
      "fwhm_ms": 102.36125748535346,
      "window_start_ms": 428.0040935624396,
      "window_end_ms": 530.3653510477931,
      "search_range_ms": [
        320.0,
        590.0
      ],
      "method": "GFP_collapsed_localizer",
      "n_subjects": 96,
      "n_conditions": 4
    }
  }
}