{
  "analysis_id": "increase_by_1",
  "date_analyzed": "2025-10-13T19:57:03.270489",
  "baseline_ms": [
    -100,
    0
  ],
  "response_filter": "ALL",
  "fal_fraction": 0.5,
  "n_subjects_total": 24,
  "n_evokeds_included": 25,
  "conditions": [
    "1 to 2",
    "2 to 3",
    "3 to 4",
    "4 to 5",
    "5 to 6"
  ],
  "components": {
    "P1": {
      "peak_latency_ms": 100.0,
      "peak_gfp_amplitude": 0.414779993502411,
      "fwhm_ms": 31.130485164880213,
      "window_start_ms": 81.030953983802,
      "window_end_ms": 112.1614391486822,
      "search_range_ms": [
        60.0,
        120.0
      ],
      "method": "GFP_collapsed_localizer",
      "n_subjects": 25,
      "n_conditions": 5
    },
    "N1": {
      "peak_latency_ms": 160.0,
      "peak_gfp_amplitude": -3.758657708380317,
      "fwhm_ms": 65.27021839282179,
      "window_start_ms": 136.6419592773346,
      "window_end_ms": 201.91217767015638,
      "search_range_ms": [
        125.0,
        200.0
      ],
      "method": "GFP_collapsed_localizer",
      "n_subjects": 25,
      "n_conditions": 5
    },
    "P3b": {
      "peak_latency_ms": 508.0,
      "peak_gfp_amplitude": 0.9018908582431373,
      "fwhm_ms": 99.20020574912371,
      "window_start_ms": 429.17918468135565,
      "window_end_ms": 528.3793904304794,
      "search_range_ms": [
        320.0,
        590.0
      ],
      "method": "GFP_collapsed_localizer",
      "n_subjects": 25,
      "n_conditions": 5
    }
  }
}