{
  "analysis_id": "from_1_ACC1",
  "date_analyzed": "2025-11-03T02:26:24.693443",
  "baseline_ms": [
    -100,
    0
  ],
  "response_filter": "MIXED",
  "fal_fraction": 0.5,
  "n_subjects_total": 24,
  "n_evokeds_included": 96,
  "conditions": [
    "1 to 1",
    "1 to 2",
    "1 to 3",
    "1 to 4"
  ],
  "components": {
    "P1": {
      "collapsed_peak_latency_ms": 112.0,
      "peak_gfp_amplitude": 0.39324403703722355,
      "fwhm_ms": 46.633667230144994,
      "window_start_ms": 77.89139639105105,
      "window_end_ms": 124.52506362119604,
      "search_range_ms": [
        60.0,
        120.0
      ],
      "method": "GFP_collapsed_localizer",
      "n_subjects": 96,
      "n_conditions": 4
    },
    "N1": {
      "collapsed_peak_latency_ms": 168.0,
      "peak_gfp_amplitude": -3.662781331692863,
      "fwhm_ms": 69.71845171435362,
      "window_start_ms": 140.51800488014615,
      "window_end_ms": 210.23645659449977,
      "search_range_ms": [
        125.0,
        200.0
      ],
      "method": "GFP_collapsed_localizer",
      "n_subjects": 96,
      "n_conditions": 4
    },
    "P3b": {
      "collapsed_peak_latency_ms": 456.0,
      "peak_gfp_amplitude": 2.2807196439242152,
      "fwhm_ms": 183.91552998176013,
      "window_start_ms": 353.1205069778147,
      "window_end_ms": 537.0360369595749,
      "search_range_ms": [
        320.0,
        590.0
      ],
      "method": "GFP_collapsed_localizer",
      "n_subjects": 96,
      "n_conditions": 4
    },
    "Fz": {
      "collapsed_peak_latency_ms": 100.0,
      "peak_gfp_amplitude": -0.005801972679711818,
      "fwhm_ms": 26.69888878240957,
      "window_start_ms": 86.35584804426702,
      "window_end_ms": 113.05473682667659,
      "search_range_ms": [
        80.0,
        120.0
      ],
      "method": "GFP_collapsed_localizer",
      "n_subjects": 96,
      "n_conditions": 4
    }
  }
}