{
  "analysis_id": "12_21_13_31",
  "date_analyzed": "2025-10-17T16:27:28.899615",
  "baseline_ms": [
    -100,
    0
  ],
  "response_filter": "ALL",
  "fal_fraction": 0.5,
  "n_subjects_total": 24,
  "n_evokeds_included": 96,
  "conditions": [
    "Increasing 1 to 2",
    "Decreasing 2 to 1",
    "Increasing 1 to 3",
    "Decreasing 3 to 1"
  ],
  "components": {
    "P1": {
      "collapsed_peak_latency_ms": 116.0,
      "peak_gfp_amplitude": 0.9498646568658755,
      "fwhm_ms": 34.95989806221661,
      "window_start_ms": 95.79762033620867,
      "window_end_ms": 130.75751839842528,
      "search_range_ms": [
        60.0,
        120.0
      ],
      "method": "GFP_collapsed_localizer",
      "n_subjects": 96,
      "n_conditions": 4
    },
    "N1": {
      "collapsed_peak_latency_ms": 176.0,
      "peak_gfp_amplitude": -3.266406702202669,
      "fwhm_ms": 69.14856082727903,
      "window_start_ms": 144.53312471731238,
      "window_end_ms": 213.6816855445914,
      "search_range_ms": [
        125.0,
        200.0
      ],
      "method": "GFP_collapsed_localizer",
      "n_subjects": 96,
      "n_conditions": 4
    },
    "P3b": {
      "collapsed_peak_latency_ms": 480.0,
      "peak_gfp_amplitude": 3.095183271847162,
      "fwhm_ms": 120.2086271823631,
      "window_start_ms": 417.21548766043816,
      "window_end_ms": 537.4241148428013,
      "search_range_ms": [
        320.0,
        590.0
      ],
      "method": "GFP_collapsed_localizer",
      "n_subjects": 96,
      "n_conditions": 4
    }
  }
}