Source,SS,DF,MS,F,p-unc,ng2,eps
condition,42.68804039334175,5,8.53760807866835,1.9013401353227435,0.11295313073207093,0.07601751299744114,0.6773767855901625
Error,202.06398445108346,45,4.490310765579633,,,,
