Source,SS,DF,MS,F,p-unc,ng2,eps
condition,1099.7440788510514,5,219.94881577021027,0.9052499893052641,0.48611226222364523,0.07067023984875791,0.6625652962373255
Error,10933.661227939334,45,242.97024950976297,,,,
