Source,SS,DF,MS,F,p-unc,ng2,eps
condition,3810.1333333333278,5,762.0266666666655,0.6644482566190596,0.6522812840008623,0.05916748107535067,0.6760400027476353
Error,51608.533333333326,45,1146.856296296296,,,,
