Source,SS,DF,MS,F,p-unc,ng2,eps
condition,31.387311672345348,5,6.277462334469069,2.2402882013298218,0.05699499834029351,0.057118497977239543,0.7880986053410122
Error,252.1870220835214,90,2.802078023150238,,,,
