condition,count,mean,std,min,25%,50%,75%,max,sem
1 to 4,24.0,-1.3049381326618261,1.9769163873704174,-4.455107902791341,-2.453554979333001,-0.9962589103711478,-0.22327048290230317,2.748680476114197,0.4035363677669844
2 to 4,24.0,-1.730094995623767,1.9378613710240344,-6.143868588060331,-2.381522630708112,-1.673046070768138,-0.4985904753420469,1.6714054358484265,0.39556429593825987
3 to 4,24.0,-1.546934149063912,1.7741947183262372,-5.415187366509326,-2.39233207030167,-1.307215739298142,-0.4537036122845766,1.5001261584265415,0.36215598035335067
5 to 4,24.0,-1.5412854379023617,2.5431917532522386,-7.018345947959356,-3.0699878137687904,-1.479813022111173,0.0676119633461512,3.359720327386739,0.5191268427935105
6 to 4,24.0,-2.103005877992787,1.8054084378252133,-7.384079357695899,-3.1321018183361313,-1.791117874033208,-1.0314554275082646,0.6065794403809042,0.36852745416558846
Cardinality4,24.0,-1.5615772261541607,1.862011022852137,-6.843577137777803,-2.6164706925109273,-1.6629683259599255,-0.11783466607084592,1.255437687191676,0.380081408452127
