condition,count,mean,std,min,25%,50%,75%,max,sem
1 to 4,24.0,171.83333333333334,18.329512118241272,144.0,160.0,168.0,189.0,204.0,3.7414959936543313
2 to 4,24.0,173.16666666666666,16.40696211359987,144.0,160.0,172.0,184.0,204.0,3.349057117291256
3 to 4,24.0,167.83333333333334,18.927014663120307,144.0,154.0,164.0,180.0,204.0,3.863460689901667
5 to 4,24.0,174.66666666666666,19.65499530856495,144.0,162.0,176.0,189.0,204.0,4.012059116898446
6 to 4,24.0,173.0,20.095424527899922,144.0,155.0,174.0,188.0,204.0,4.101961354830362
Cardinality4,24.0,172.0,19.77262050763961,144.0,159.0,166.0,190.0,204.0,4.036069260117295
