Contrast,Coef,Std.Err.,z,P>|z|,P>|z| (adj)
Change by 1 - Change by 2,0.32300934438231277,0.20240527377261816,1.5958543883850629,0.11052130698151008,0.20882765466611897
Change by 1 - Change by 3,0.6210708000136327,0.19829530006077045,3.132050027526102,0.0017359029340635601,0.005198673956099933
Change by 2 - Change by 3,0.2980614556313199,0.20095211871738505,1.483246146065807,0.13800902486337896,0.20882765466611897
