Contrast,Coef,Std.Err.,z,P>|z|,P>|z| (adj)
Change by 1 - Change by 2,-0.33709728586351506,0.24257002284936774,-1.38969062171729,0.16462284386147275,0.30214500700190666
Change by 1 - Change by 3,-0.557114068107701,0.24804098734301314,-2.2460564847586024,0.024700390135270256,0.07228591252437125
Change by 2 - Change by 3,-0.22001678224418597,0.2449140442834377,-0.8983428569313149,0.36900279090417665,0.3690027909041766
