Source,SS,DF,MS,F,p-unc,ng2,eps
condition,1150.666666666679,3,383.5555555555597,1.9538340387833657,0.1290380425924726,0.0586356841962229,0.931203482190774
Error,13545.333333333336,69,196.30917874396138,,,,
