Source,SS,DF,MS,F,p-unc,ng2,eps
condition,15.889462497848553,3,5.2964874992828515,0.9361548105178947,0.4368189638836115,0.06581058243423209,0.7840383075621195
Error,152.7580277043328,27,5.657704729790104,,,,
