Source,SS,DF,MS,F,p-unc,ng2,eps
condition,6.328587011949146,3,2.1095290039830488,0.8662953412418373,0.49330294083303916,0.13321116131920863,0.4993447754901953
Error,21.916037328137175,9,2.4351152586819085,,,,
