Source,SS,DF,MS,F,p-unc,ng2,eps
condition,58.08105567149368,3,19.360351890497892,2.9556261809608255,0.038408964193984235,0.055259419396706574,0.9677415976748884
Error,451.97335476642957,69,6.550338474875791,,,,
