Source,SS,DF,MS,F,p-unc,ng2,eps
condition,755.0,3,251.66666666666666,2.0205173951828725,0.18160378318554662,0.35362997658079626,0.6588478874406173
Error,1121.0,9,124.55555555555556,,,,
