condition,count,mean,std,min,25%,50%,75%,max,sem
3a,8.0,4.9624824646117744,1.6723041144139759,2.7932854506873817,3.69488835705368,4.878825858851642,5.773745974016847,7.390222227634461,0.5912487897541432
3b,9.0,4.229619622165897,1.4596417771181769,1.8413087270051656,3.351102889258661,4.054583860472134,5.19855793138654,6.268261564902155,0.4865472590393923
3c,12.0,6.026498612875886,3.0497671604471033,1.364402229909533,3.4210964785516227,5.432311227277523,8.581930077555421,10.48536196369215,0.8803919455249078
3d,12.0,4.210938860333889,1.8387377228833488,1.1105506398007106,3.1065212854609756,3.961729002899688,4.842675970787067,8.314406659972219,0.5307978596379105
