condition,count,mean,std,min,25%,50%,75%,max,sem
3a,16.0,4.343355806141919,3.1707177563994473,0.1388916983304686,1.8496736476370659,4.292293523078406,6.0170662299880835,10.99548919489531,0.7926794390998618
3b,11.0,4.047087195064673,2.7635911338366577,0.1269953658654619,1.8383666665517744,3.5090528539795818,6.248342426372485,8.011298734258737,0.8332540786262768
3c,11.0,4.791843869702118,1.6969553144216305,1.2170376008953014,4.676459319055014,4.869733520284844,5.938482000225328,6.810434021794935,0.5116512785396474
3d,15.0,3.225181784995638,3.5040312698203695,0.0663939648319098,0.8898477596669065,2.32713429832688,4.197011750184351,14.168750122678746,0.9047369835069544
