condition,count,mean,std,min,25%,50%,75%,max,sem
3a,24.0,2.9769539163615018,3.2318323317138606,-3.1579619607875418,1.4488600143211388,2.481545088995028,5.698349156738784,8.675021952694294,0.6596950122440121
3b,24.0,3.132599083228935,3.693748959254434,-7.979137245072443,2.0810493450507903,2.7072446030121196,4.487194874649294,10.753749758627052,0.7539833490091479
3c,24.0,2.728623538279504,4.441916647103379,-9.02267223492051,-0.20445596825990708,3.233445589266786,5.7074154759722795,9.319840600076777,0.9067024387814643
3d,24.0,2.452514166759069,2.6269364015820114,-1.9909345174522648,0.7917990399661807,2.214750368497211,4.719866376697059,6.044979761941088,0.536221147551574
