condition,count,mean,std,min,25%,50%,75%,max,sem
3a,24.0,4.807458365431291,3.2301256940591787,-0.771435094934633,2.6967491744460372,4.738486873239392,6.823242359353559,10.905762407693697,0.6593466462915294
3b,24.0,4.280534116909606,3.5666310604026212,-1.4562377550402528,1.89370313439066,4.197677567281216,5.29661887607623,14.369791534430355,0.7280355165623426
3c,24.0,3.3878919624218717,3.3559268575903256,-3.752462112853359,0.9390806709899262,3.3855523992868104,5.684529968793216,9.913276635415526,0.6850257012665072
3d,24.0,2.797174022575888,2.9590968976839354,-3.060308918901069,0.9253553371271948,3.0133659476414545,4.444926554343825,8.202650054397038,0.6040231248981935
