Contrast,Coef,Std.Err.,z,P>|z|,P>|z| (adj)
3a - 3b,0.3870882401094898,0.5692856406289254,0.6799543365995482,0.49653337477348236,0.8723819631842845
3a - 3c,0.31714696141165366,0.6108611310908809,0.5191801299344254,0.6036351340168791,0.8723819631842845
3a - 3d,1.0746429828475952,0.6248461353575664,1.7198521716592419,0.08545931634167614,0.41491605650877245
3b - 3c,-0.06994127869783612,0.6889305119343291,-0.10152152863931091,0.9191364684649135,0.9191364684649135
3b - 3d,0.6875547427381055,0.6663435012786864,1.0318322928320236,0.3021506884965408,0.7912647585396293
3c - 3d,0.7574960214359415,0.6852840187986518,1.1053752906187455,0.26899700599034837,0.7912647585396293
