Contrast,Coef,Std.Err.,z,P>|z|,P>|z| (adj)
3a - 3b,0.5551975339536658,3.9460447975855977,0.14069722023768344,0.8881091411803963,0.9979957169667801
3a - 3c,-1.4565389406598066,3.935935722450694,-0.37006166852564826,0.7113365419119753,0.9979957169667801
3a - 3d,-0.9248562129210744,3.57232770620253,-0.25889456090920027,0.7957165949193457,0.9979957169667801
3b - 3c,-2.0117364746134725,4.133341846496375,-0.48670943496210456,0.6264642580674915,0.9972836046222524
3b - 3d,-1.4800537468747401,4.0101234149250775,-0.3690793508664103,0.712068579725011,0.9979957169667801
3c - 3d,0.5316827277387322,3.9977057904591544,0.13299696265984245,0.89419578260749,0.9979957169667801
