Contrast,Coef,Std.Err.,z,P>|z|,P>|z| (adj)
3a - 3b,0.9890071764177562,0.7802131968425933,1.267611443154411,0.204936743403469,0.6823064363873069
3a - 3c,-0.598314877487351,0.7662672015805829,-0.7808175480474749,0.4349098116205359,0.7295991593979454
3a - 3d,0.235681220184971,0.7129008317469567,0.33059467697272343,0.7409506675069446,0.7409506675069446
3b - 3c,-1.5873220539051072,0.8230882240528673,-1.928495643017671,0.05379350566438856,0.2823452773481846
3b - 3d,-0.7533259562327852,0.7863627365622936,-0.957987861334918,0.3380688795761917,0.7295991593979454
3c - 3d,0.833996097672322,0.7702088862957077,1.08281806729522,0.2788891844726096,0.7295991593979454
