Contrast,Coef,Std.Err.,z,P>|z|,P>|z| (adj)
3a - 3b,3.486657747206363,3.92098617391476,0.8892297989730583,0.3738795909513848,0.7360356383965682
3a - 3c,5.055233871957592,3.9156088382813716,1.2910467007160045,0.19668748421517357,0.6428953339756324
3a - 3d,8.627312017005838,3.9526683791124224,2.1826551558426246,0.029061214687385206,0.1621792752475676
3b - 3c,1.5685761247512287,3.883462509745263,0.40391174649298206,0.6862776181563395,0.7360356383965682
3b - 3d,5.140654269799475,3.8881390442765444,1.3221374573439368,0.18612238272115889,0.6428953339756324
3c - 3d,3.5720781450482466,3.890368507038927,0.918185035321258,0.3585220018100834,0.7360356383965682
