Contrast,Coef,Std.Err.,z,P>|z|,P>|z| (adj)
3a - 3b,1.3199901867030976,0.6764876496592699,1.9512406285139783,0.051028428018910166,0.14540645560598905
3a - 3c,-0.9619127465861687,0.6730386598477702,-1.4292087571964094,0.15294424145980434,0.2824965419238938
3a - 3d,1.4376893753961837,0.6694128805742163,2.1476870510214066,0.031738624731677545,0.12103732877609812
3b - 3c,-2.2819029332892664,0.6682288508171299,-3.414852457356321,0.0006381656942200387,0.0031867585147028117
3b - 3d,0.11769918869308604,0.6225315989886199,0.18906540468677097,0.8500415555000778,0.8500415555000778
3c - 3d,2.3996021219823525,0.6372182221788911,3.7657462364732783,0.0001660523806423786,0.0009959007745186641
