Contrast,A,B,Paired,Parametric,T,dof,alternative,p-unc,p-corr,p-adjust,BF10,cohen,ci_lower,ci_upper
condition,3a,3b,True,True,0.37431627192082156,3.0,two-sided,0.7330608434890721,0.9657971875382324,fdr_bh,0.453,0.30041377619241943,-0.9122701311252424,0.9374949228243403
condition,3a,3c,True,True,0.04655018072537389,3.0,two-sided,0.9657971875382324,0.9657971875382324,fdr_bh,0.428,0.037881473231392536,-1.1784559263613765,0.414035968308697
condition,3a,3d,True,True,0.5944875909176394,3.0,two-sided,0.5940379502277718,0.9657971875382324,fdr_bh,0.492,0.09861612936055555,-0.581348593269585,0.7651021901706228
condition,3b,3c,True,True,-1.8644277762305737,3.0,two-sided,0.15912969371746732,0.954778162304804,fdr_bh,1.086,-0.8884625666116497,-0.7663031514357869,1.0959051053256
condition,3b,3d,True,True,-0.20532230428382553,3.0,two-sided,0.8504628477026773,0.9657971875382324,fdr_bh,0.435,-0.16463175470261288,-0.8239900787149312,1.3050181957422864
condition,3c,3d,True,True,0.1256253501058325,3.0,two-sided,0.9079744955252336,0.9657971875382324,fdr_bh,0.431,0.09740109650741548,-0.4957571630446909,1.2320027572040089
