Contrast,A,B,Paired,Parametric,T,dof,alternative,p-unc,p-corr,p-adjust,BF10,cohen,ci_lower,ci_upper
condition,3a,3b,True,True,-1.5738243475442477,23.0,two-sided,0.12918449274724983,0.23240397693902107,fdr_bh,0.631,-0.4241499737894922,-0.754276404082228,0.11176530470688428
condition,3a,3c,True,True,-1.9673976938266822,23.0,two-sided,0.06131209670635782,0.23240397693902107,fdr_bh,1.109,-0.5540497277467427,-0.8405516432898206,0.03736489812253102
condition,3a,3d,True,True,0.1386557282552304,23.0,two-sided,0.8909290771760063,0.8909290771760063,fdr_bh,0.217,0.03573675376562059,-0.3940445403921052,0.4506505044153249
condition,3b,3c,True,True,-0.35625272272992264,23.0,two-sided,0.7248985029832217,0.869878203579866,fdr_bh,0.227,-0.10455041496748142,-0.495540629737565,0.35010106470997754
condition,3b,3d,True,True,1.4706470729691106,23.0,two-sided,0.15493598462601404,0.23240397693902107,fdr_bh,0.554,0.42090935162534415,-0.13147682041646547,0.7318659738317889
condition,3c,3d,True,True,1.6994817750355597,23.0,two-sided,0.10271552555240922,0.23240397693902107,fdr_bh,0.748,0.5374263802357684,-0.08787626271423876,0.7816867920469974
