Contrast,A,B,Paired,Parametric,T,dof,alternative,p-unc,p-corr,p-adjust,BF10,cohen,ci_lower,ci_upper
condition,3a,3b,True,True,0.37900967098609567,9.0,two-sided,0.7134675963004884,0.8137098526552513,fdr_bh,0.328,0.12372730934987346,-0.42061437060396356,0.7415617985809282
condition,3a,3c,True,True,1.547785977192412,9.0,two-sided,0.15607992427653414,0.46823977282960244,fdr_bh,0.771,0.6217326597394781,-0.3869087869305512,0.6456913547330128
condition,3a,3d,True,True,1.5482761998305254,9.0,two-sided,0.15596306364169912,0.46823977282960244,fdr_bh,0.771,0.7688414923193271,-0.14978551055166228,0.8771516442978207
condition,3b,3c,True,True,0.8016013364972011,9.0,two-sided,0.44343210765784724,0.6651481614867709,fdr_bh,0.404,0.31553516285722216,-0.6321951742230015,0.6385474051416068
condition,3b,3d,True,True,0.8680303809447197,9.0,two-sided,0.4079269455424369,0.6651481614867709,fdr_bh,0.422,0.4095387200196244,-0.25335729772965726,1.069187127417443
condition,3c,3d,True,True,0.24265820958537296,9.0,two-sided,0.8137098526552513,0.8137098526552513,fdr_bh,0.317,0.11474748318461013,-0.3558801605625139,0.6438375116780262
