Contrast,A,B,Paired,Parametric,T,dof,alternative,p-unc,p-corr,p-adjust,BF10,cohen,ci_lower,ci_upper
condition,3a,3b,True,True,-0.25789410808574204,23.0,two-sided,0.7987821793584848,0.7987821793584848,fdr_bh,0.221,-0.044848256471001484,-0.4751978259036257,0.36991299715691883
condition,3a,3c,True,True,0.27711068160921254,23.0,two-sided,0.7841704514439314,0.7987821793584848,fdr_bh,0.222,0.06393204416246963,-0.3660356183424246,0.4791655803786614
condition,3a,3d,True,True,0.622183163095457,23.0,two-sided,0.5399410458308952,0.7987821793584848,fdr_bh,0.256,0.17808065665086273,-0.29695968059005373,0.550964893279173
condition,3b,3c,True,True,0.5300593654068168,23.0,two-sided,0.6011510618916647,0.7987821793584848,fdr_bh,0.244,0.09889248912141974,-0.315299084273569,0.531694914045262
condition,3b,3d,True,True,0.7329120927662282,23.0,two-sided,0.47101634187424946,0.7987821793584848,fdr_bh,0.274,0.21219226412294148,-0.2750140763531791,0.574224185285284
condition,3c,3d,True,True,0.30063307563033986,23.0,two-sided,0.7663950611883417,0.7987821793584848,fdr_bh,0.224,0.07566568998909615,-0.36129385402414116,0.4840267932071206
