Contrast,A,B,Paired,Parametric,T,dof,alternative,p-unc,p-corr,p-adjust,BF10,cohen,ci_lower,ci_upper
condition,3a,3b,True,True,0.8351056050882468,3.0,two-sided,0.46493981321319744,0.7895988839368293,fdr_bh,0.556,0.5180227398548014,-0.5277311591611273,1.0340417597883176
condition,3a,3c,True,True,1.1563133538982293,3.0,two-sided,0.3312736533704436,0.7895988839368293,fdr_bh,0.677,0.6321726659043907,-0.6107779323205109,1.0845591980863645
condition,3a,3d,True,True,4.08258267980675,3.0,two-sided,0.02654617885453017,0.15927707312718103,fdr_bh,3.656,2.2832414230944265,0.7318038733313137,3.9810807760142803
condition,3b,3c,True,True,0.11025189227148186,3.0,two-sided,0.9191713909686583,0.9191713909686583,fdr_bh,0.43,0.04260760965700499,-0.9816726742045971,1.5515612187926195
condition,3b,3d,True,True,0.4895743390013378,3.0,two-sided,0.6579990699473578,0.7895988839368293,fdr_bh,0.471,0.39522589164268085,-0.5994502018642466,1.3072834291161306
condition,3c,3d,True,True,0.5747398050692105,3.0,two-sided,0.6057370705803522,0.7895988839368293,fdr_bh,0.488,0.37250728705230135,-0.9284296949703623,1.63019224183528
