Contrast,A,B,Paired,Parametric,T,dof,alternative,p-unc,p-corr,p-adjust,BF10,cohen,ci_lower,ci_upper
condition,3a,3b,True,True,0.592107069706935,23.0,two-sided,0.5595551527175473,0.6714661832610568,fdr_bh,0.252,0.13542049995518107,-0.3029389103846099,0.5446656093640335
condition,3a,3c,True,True,0.9124148482382701,23.0,two-sided,0.371015559787511,0.6714661832610568,fdr_bh,0.312,0.24535301925807942,-0.23966313972883233,0.6121549417159511
condition,3a,3d,True,True,1.5683223000460333,23.0,two-sided,0.13046236216537072,0.6714661832610568,fdr_bh,0.627,0.4290430836017631,-0.11281424473254165,0.7530791426226885
condition,3b,3c,True,True,0.3970690535506812,23.0,two-sided,0.6949772001427554,0.6949772001427554,fdr_bh,0.231,0.09494927760800312,-0.3419045126205667,0.5040072749287363
condition,3b,3d,True,True,1.207458494327624,23.0,two-sided,0.2395264861663675,0.6714661832610568,fdr_bh,0.41,0.26182496335438155,-0.18215648790966807,0.6750993540249907
condition,3c,3d,True,True,0.6398129258559,23.0,two-sided,0.5286165705811431,0.6714661832610568,fdr_bh,0.259,0.17155547097324844,-0.2934584793677218,0.5546610125650753
