Contrast,A,B,Paired,Parametric,T,dof,alternative,p-unc,p-corr,p-adjust,BF10,cohen,ci_lower,ci_upper
condition,3a,3b,True,True,-3.2439789464058193,23.0,two-sided,0.0035811606628510973,0.021486963977106584,fdr_bh,11.588,-0.705438286664121,-1.1284333438903367,-0.19591551528060253
condition,3a,3c,True,True,-0.3758267821039833,23.0,two-sided,0.7104898175942418,0.7104898175942418,fdr_bh,0.229,-0.10215842979925646,-0.4995991105500604,0.3461684692455745
condition,3a,3d,True,True,-2.2010849594749624,23.0,two-sided,0.038034449159191894,0.07606889831838379,fdr_bh,1.616,-0.5103415662104238,-0.8923554623876835,-0.006233709483691063
condition,3b,3c,True,True,2.2562804163564887,23.0,two-sided,0.03386312537946747,0.07606889831838379,fdr_bh,1.774,0.5665350118320017,0.016470266308495463,0.9046523564761341
condition,3b,3d,True,True,0.6092532149903609,23.0,two-sided,0.5483281980794864,0.6579938376953837,fdr_bh,0.254,0.15126027199602723,-0.2995292343033259,0.5482558177827531
condition,3c,3d,True,True,-1.4830331196714908,23.0,two-sided,0.15163986013368097,0.22745979020052146,fdr_bh,0.562,-0.39047582948919035,-0.7345516482758163,0.12910591246864067
