Source,SS,DF,MS,F,p-unc,ng2,eps
condition,9268.000000000004,3,3089.3333333333344,1.1700331842446985,0.33254532179564933,0.06280505765488033,0.8869790983043685
Error,110895.99999999997,42,2640.380952380952,,,,
