Source,SS,DF,MS,F,p-unc,ng2,eps
condition,113.63929392366752,3,37.87976464122251,0.8593949972802026,0.46782338354319764,0.014147335459739426,0.8011021423674392
Error,2380.171279911565,54,44.077245924288235,,,,
