Source,SS,DF,MS,F,p-unc,ng2,eps
condition,13.25091927960032,3,4.416973093200107,0.8354206532751253,0.479007789443454,0.024419552671230405,0.8882558654236206
Error,364.8115978890439,69,5.287124607087593,,,,
