Source,SS,DF,MS,F,p-unc,ng2,eps
condition,17.49359039476134,3,5.831196798253781,0.7489877430946589,0.529076561863568,0.021440440035543743,0.8400391703741632
Error,326.98834898785043,42,7.785436880663106,,,,
