condition,count,mean,std,min,25%,50%,75%,max,sem
1 to 3,15.0,2.9925686453933156,1.819117048280264,0.9226963724856408,1.5585165170170692,2.8117787131870684,4.190675416087881,7.032773044510149,0.4696940021860971
2 to 4,7.0,2.398679618545473,1.204816957810128,1.0363575904747608,1.3969991284336034,2.108819017148021,3.4228219833153073,4.005938498697713,0.4553780065312853
3 to 5,10.0,3.1848736947595353,2.2343136650980484,0.9385680606363556,1.739622923427723,2.3481501869183976,4.263694128975434,7.66260060844812,0.7065520188948492
4 to 6,9.0,3.6444334936225298,1.4251759768474574,1.3169179238496442,2.733330220930646,3.326183359924296,4.817609290594479,5.286329272564354,0.47505865894915245
