condition,count,mean,std,min,25%,50%,75%,max,sem
1 to 3,20.0,4.240495418427171,3.4644384847567147,0.5556207048501868,1.9623648085712984,2.8348876768654643,5.653039821711315,12.223816591293488,0.7746719955782384
2 to 4,19.0,4.569986100490037,3.5048858968038172,0.5000462059974489,1.7500106106173607,4.104888697635409,6.0406650448901384,11.955146894112296,0.8040759701478298
3 to 5,16.0,3.635570256393347,2.2026162745538698,0.179242516238751,2.2748487130833235,3.4949999790632087,4.836315545232875,8.051493362759063,0.5506540686384674
4 to 6,18.0,3.7718469255075977,2.4158163404513178,0.3364951247195468,1.563304501509378,3.7086286064627956,5.630405002230174,7.734571253695796,0.5694133721447986
