condition,count,mean,std,min,25%,50%,75%,max,sem
1 to 3,12.0,1.4688531938776457,1.1557881081723995,0.0344297264513525,0.803243372595049,1.2743944259545592,1.8879496948642214,4.239265591842862,0.3336472876897516
2 to 4,16.0,1.432100929485626,1.0510320597118943,-0.0394822654972618,0.8039948302930395,1.161025821835999,1.8393975925126589,3.7332752744329154,0.26275801492797357
3 to 5,13.0,1.4125332950486629,1.0988709830227807,0.159949990980412,0.4079443483756708,1.0773243892815008,1.992055170264878,3.877800929317448,0.30477197495447345
4 to 6,15.0,1.6794455409190079,1.3350540886683215,-0.008898744658773,0.45517184506384545,1.532813349984281,2.967612402582845,3.9145658629652473,0.3447094834465686
