condition,count,mean,std,min,25%,50%,75%,max,sem
1 to 3,20.0,6.43931193448276,3.6147933859562884,1.7081574839963198,3.602461215743673,5.07092921174071,8.02811033565805,14.245450205027396,0.8082923735614895
2 to 4,19.0,7.318046700533689,4.33709475634731,1.5988420986173364,4.504905438351998,6.437686466635776,8.684677551467175,17.43030802984083,0.9949977763935832
3 to 5,16.0,6.440311842703354,3.414161450589096,1.909191571449972,3.9018301598161798,6.505515823945682,6.928625066411907,16.516159840958252,0.853540362647274
4 to 6,18.0,6.7651043164924225,3.526043494557266,1.8599140295494017,3.4561208196993265,6.595904232561736,9.677641451624288,12.371546635073862,0.8310964219200514
