condition,count,mean,std,min,25%,50%,75%,max,sem
1 to 3,9.0,-3.0713562528266944,2.1040467083185432,-5.857562979053741,-4.774376321898253,-3.7327627315133207,-1.1476352967160406,-0.2736292924243128,0.7013489027728478
2 to 4,17.0,-3.1576243028564983,1.6967197929207645,-6.043144722207426,-4.252196337386434,-3.774067230784109,-1.3321451990581852,-0.4264624094813138,0.4115149954875551
3 to 5,14.0,-3.0690694277608914,1.18235967293128,-4.98008707171903,-3.9490689645065054,-2.5692102511660173,-2.2547639370722004,-1.4706304063119338,0.3159989145747818
4 to 6,15.0,-3.757543342617278,1.5369800509718783,-7.193659965097433,-4.435154538144269,-4.004651316877044,-2.587805635087945,-1.643288287267239,0.3968465427244741
