condition,count,mean,std,min,25%,50%,75%,max,sem
1 to 3,24.0,-6.353102107468373,2.657919884818285,-12.5319481070098,-7.130865487842683,-6.164077329870102,-4.958819896401911,-1.9477835694615813,0.5425456245834863
2 to 4,22.0,-6.654194727265787,2.6955829850778463,-15.658396953449513,-7.54610058052416,-6.045043354461145,-5.115395266642356,-2.932865339428788,0.5747002234145917
3 to 5,22.0,-5.987284647064115,2.5842586363768354,-13.75003188984616,-6.476736012935553,-5.827870899229936,-4.704321832565725,-1.698766237151244,0.5509657925237142
4 to 6,22.0,-6.923466890669537,3.5884561055757045,-16.086970707323204,-7.387639231022261,-6.350789092204568,-4.2922808564345525,-3.111005515787161,0.765061412319404
