condition,count,mean,std,min,25%,50%,75%,max,sem
1 to 3,20.0,454.6,39.24068779911189,388.0,432.0,454.0,482.0,516.0,8.774484540266078
2 to 4,19.0,468.2105263157895,53.72313690205079,388.0,414.0,484.0,510.0,536.0,12.32493287821264
3 to 5,16.0,470.75,51.84013888870284,388.0,429.0,474.0,512.0,536.0,12.96003472217571
4 to 6,18.0,479.3333333333333,52.517784102709655,388.0,441.0,500.0,518.0,536.0,12.378560423972354
