Contrast,Coef,Std.Err.,z,P>|z|,P>|z| (adj)
1 to 3 - 2 to 4,1.7399846457305372,0.6296591406176072,2.7633755050770112,0.0057206910988638615,0.033836980306836024
1 to 3 - 3 to 5,0.9440231459653706,0.6268959888643851,1.5058688566112182,0.1321008427740511,0.432616023672385
1 to 3 - 4 to 6,1.5177756402291813,0.6271039329916984,2.4202936074541785,0.015507979966322916,0.07517193340234612
2 to 4 - 3 to 5,-0.7959614997651666,0.627991067884328,-1.2674726448685376,0.20498633884523132,0.49751422198086365
2 to 4 - 4 to 6,-0.22220900550135592,0.6276349850707033,-0.35404177712675466,0.7233075746540989,0.7233075746540989
3 to 5 - 4 to 6,0.5737524942638107,0.626599767802893,0.9156602407875354,0.3598451246490175,0.5902017355643681
