Contrast,Coef,Std.Err.,z,P>|z|,P>|z| (adj)
1 to 3 - 2 to 4,-0.010313592013386743,0.4212821552148453,-0.02448143574495108,0.980468591406972,0.9975133015190182
1 to 3 - 3 to 5,-0.07791573760582854,0.4566545054236625,-0.1706229472838377,0.864520253187415,0.9975133015190182
1 to 3 - 4 to 6,0.28758073734543366,0.4246401232827178,0.677234019061283,0.49825748665639047,0.9661915699306172
2 to 4 - 3 to 5,-0.06760214559244179,0.46408896727433646,-0.1456663492551423,0.8841847873651696,0.9975133015190182
2 to 4 - 4 to 6,0.2978943293588204,0.43360212022098016,0.6870223079329089,0.4920686708861015,0.9661915699306172
3 to 5 - 4 to 6,0.3654964749512622,0.45903185524531104,0.7962333567371644,0.4258964127935547,0.9641951743715407
