Contrast,Coef,Std.Err.,z,P>|z|,P>|z| (adj)
1 to 3 - 2 to 4,0.24390936183433898,0.21749178696543403,1.121464700977897,0.26209010881383366,0.6529563998593633
1 to 3 - 3 to 5,0.27977366753396055,0.2343117302963983,1.194023308948528,0.23246885038519993,0.6529563998593633
1 to 3 - 4 to 6,-0.23537107809113314,0.21690576038385184,-1.0851306008406774,0.27786381582479525,0.6529563998593633
2 to 4 - 3 to 5,0.03586430569962157,0.2163883682231602,0.16574045081126956,0.8683612111369983,0.8683612111369983
2 to 4 - 4 to 6,-0.4792804399254721,0.20694844064133572,-2.3159412964899673,0.020561474127310353,0.10999950376036373
3 to 5 - 4 to 6,-0.5151447456250937,0.2200581168769803,-2.3409486227362226,0.019234813839687392,0.10999950376036373
