Contrast,Coef,Std.Err.,z,P>|z|,P>|z| (adj)
1 to 3 - 2 to 4,0.24390936183433948,0.2174917869657534,1.1214647009762526,0.2620901088145333,0.6529563998638804
1 to 3 - 3 to 5,0.279773667532845,0.23431173029671698,1.194023308942143,0.2324688503876975,0.6529563998638804
1 to 3 - 4 to 6,-0.235371078091304,0.21690576038420636,-1.0851306008396915,0.2778638158252318,0.6529563998638804
2 to 4 - 3 to 5,0.035864305698505516,0.21638836822346905,0.16574045080587538,0.8683612111412433,0.8683612111412433
2 to 4 - 4 to 6,-0.4792804399256435,0.2069484406416045,-2.3159412964877877,0.02056147412742937,0.10999950376243833
3 to 5 - 4 to 6,-0.515144745624149,0.22005811687727195,-2.340948622728827,0.01923481384006842,0.10999950376243833
