Contrast,Coef,Std.Err.,z,P>|z|,P>|z| (adj)
1 to 3 - 2 to 4,0.20083577707234998,2.047342544214593,0.0980958353255904,0.9218561945068122,0.9218561945068122
1 to 3 - 3 to 5,3.5476602884940607,2.0473909319106562,1.73277132041575,0.08313632226004897,0.40594232802536834
1 to 3 - 4 to 6,1.3053816868432875,2.032902558570047,0.6421270322771884,0.5207907053724996,0.8899536357382526
2 to 4 - 3 to 5,3.3468245114217106,2.0762956369035654,1.611920986557058,0.10697913472048781,0.4320527106572119
2 to 4 - 4 to 6,1.1045459097709376,2.1139412300103593,0.5225054954652286,0.6013184211900366,0.8899536357382526
3 to 5 - 4 to 6,-2.2422786016507734,2.114589668889244,-1.0603847330950984,0.2889696048259631,0.7444048165626023
