Contrast,Coef,Std.Err.,z,P>|z|,P>|z| (adj)
1 to 3 - 2 to 4,3.5754330988595053,7.029436788069231,0.5086372075964803,0.6110065435857699,0.9965353946272851
1 to 3 - 3 to 5,2.110937723828167,6.257570508344052,0.3373414204463814,0.7358595387095841,0.9965353946272851
1 to 3 - 4 to 6,3.1243298301235014,6.510953780126103,0.47985747336436935,0.6313287422091427,0.9965353946272851
2 to 4 - 3 to 5,-1.4644953750313383,7.608045353924417,-0.1924929869504413,0.8473560607965396,0.9965353946272851
2 to 4 - 4 to 6,-0.4511032687360039,7.880722375199068,-0.05724136027880426,0.9543529314155348,0.9965353946272851
3 to 5 - 4 to 6,1.0133921062953344,7.055294096837489,0.14363569999861295,0.8857881484315118,0.9965353946272851
