Contrast,Coef,Std.Err.,z,P>|z|,P>|z| (adj)
1 to 3 - 2 to 4,0.46090051894037976,0.48314262686363013,0.9539636813509144,0.34010202672261713,0.7924522807484011
1 to 3 - 3 to 5,-0.18372985309837814,0.4826580218263309,-0.38066259088197124,0.7034536307495691,0.9120602508843871
1 to 3 - 4 to 6,0.4727382467271321,0.48034782460334113,0.9841581922797448,0.3250377383664034,0.7924522807484011
2 to 4 - 3 to 5,-0.6446303720387578,0.49071196468124495,-1.3136634491019485,0.18895948632674786,0.710742893516136
2 to 4 - 4 to 6,0.01183772778675235,0.49786160846888894,0.023777145265644804,0.9810303703311072,0.9810303703311072
3 to 5 - 4 to 6,0.6564680998255102,0.49724965050217157,1.3201982126333205,0.18676884858277365,0.710742893516136
