Contrast,Coef,Std.Err.,z,P>|z|,P>|z| (adj)
1 to 3 - 2 to 4,4.177038233098879,5.238769351607597,0.7973319596170217,0.4252582637484359,0.9468028083611346
1 to 3 - 3 to 5,1.8634598086039322,5.490922473920532,0.3393709922976599,0.7343302681025787,0.9850759435860709
1 to 3 - 4 to 6,-0.10677815091050612,5.2709962430744035,-0.020257679191253954,0.983837815965344,0.9850759435860709
2 to 4 - 3 to 5,-2.3135784244949473,5.106164978023996,-0.4530951182447429,0.6504802504479001,0.9850759435860709
2 to 4 - 4 to 6,-4.283816384009385,4.949222186008774,-0.8655534593131702,0.38673508738877604,0.9468028083611346
3 to 5 - 4 to 6,-1.9702379595144384,5.192642195207478,-0.37942879278931624,0.7043694726939753,0.9850759435860709
