Contrast,Coef,Std.Err.,z,P>|z|,P>|z| (adj)
1 to 3 - 2 to 4,-0.5499848653197402,0.5665059692920218,-0.9708368404433082,0.3316295338701063,0.8471470110892588
1 to 3 - 3 to 5,-0.7344100511696099,0.6132203212176193,-1.1976283657908702,0.2310617280782845,0.7932960080456573
1 to 3 - 4 to 6,-0.5753869790039183,0.5704746497414734,-1.0086109510118828,0.3131612532920649,0.8471470110892588
2 to 4 - 3 to 5,-0.18442518584986967,0.6242001135766039,-0.2954584304593152,0.7676437032800016,0.98745521165544
2 to 4 - 4 to 6,-0.025402113684178107,0.5828803416143512,-0.04358032321663853,0.9652389365922684,0.98745521165544
3 to 5 - 4 to 6,0.15902307216569156,0.6173081248851032,0.2576072884109371,0.7967100041845772,0.98745521165544
