Contrast,A,B,Paired,Parametric,T,dof,alternative,p-unc,p-corr,p-adjust,BF10,cohen,ci_lower,ci_upper
condition,1 to 3,2 to 4,True,True,-0.38225219022451296,18.0,two-sided,0.70675005792425,0.7571801430528657,fdr_bh,0.254,-0.11018691094193342,-0.5448646684178593,0.34411634496536087
condition,1 to 3,3 to 5,True,True,-0.794465113360794,18.0,two-sided,0.4372747288089348,0.7571801430528657,fdr_bh,0.314,-0.20653719868260417,-0.6729552929597643,0.2248544673801793
condition,1 to 3,4 to 6,True,True,0.6635140953273877,18.0,two-sided,0.5154102311593367,0.7571801430528657,fdr_bh,0.289,0.1590606756646778,-0.21371987179308302,0.6852695505839422
condition,2 to 4,3 to 5,True,True,-0.31393425874685743,18.0,two-sided,0.7571801430528657,0.7571801430528657,fdr_bh,0.248,-0.08458752472687721,-0.5145951376813682,0.39658599183893406
condition,2 to 4,4 to 6,True,True,0.9250437859160278,18.0,two-sided,0.3671794958113396,0.7571801430528657,fdr_bh,0.346,0.2287294477636361,-0.34808794464103343,0.591397772178621
condition,3 to 5,4 to 6,True,True,2.281028849797724,18.0,two-sided,0.034942536028393874,0.20965521617036326,fdr_bh,1.877,0.304891546018926,0.07614069922760891,1.0884030748876166
