Contrast,A,B,Paired,Parametric,T,dof,alternative,p-unc,p-corr,p-adjust,BF10,cohen,ci_lower,ci_upper
condition,1 to 3,2 to 4,True,True,-1.1941795023547883,14.0,two-sided,0.25224925157545947,0.5044985031509189,fdr_bh,0.48,-0.4198717101452587,-0.7206608232588368,0.28561206307630094
condition,1 to 3,3 to 5,True,True,-1.6898059963740593,14.0,two-sided,0.11320024429384025,0.5044985031509189,fdr_bh,0.832,-0.6980122790795269,-0.8296007421267815,0.25769185290596797
condition,1 to 3,4 to 6,True,True,-1.422926579521163,14.0,two-sided,0.17665761894758206,0.5044985031509189,fdr_bh,0.608,-0.6243320612273803,-0.8976542766915001,0.1326581439183399
condition,2 to 4,3 to 5,True,True,-0.5608265536537342,14.0,two-sided,0.5837807503064114,0.703058924383539,fdr_bh,0.301,-0.226164185336213,-0.5649250114305363,0.5010713064401421
condition,2 to 4,4 to 6,True,True,-0.5576617954932774,14.0,two-sided,0.5858824369862825,0.703058924383539,fdr_bh,0.301,-0.18684445188218501,-0.7169472922381807,0.32136622159551365
condition,3 to 5,4 to 6,True,True,0.09161029853614663,14.0,two-sided,0.9283055880333915,0.9283055880333915,fdr_bh,0.263,0.030292848959358715,-0.5302053184787436,0.5775126732216218
