Contrast,A,B,Paired,Parametric,T,dof,alternative,p-unc,p-corr,p-adjust,BF10,cohen,ci_lower,ci_upper
condition,1 to 3,2 to 4,True,True,-0.5645072048574415,23.0,two-sided,0.5778734306556785,0.7276150725023647,fdr_bh,0.248,-0.10609036243890145,-0.5388918844552694,0.30843278311768507
condition,1 to 3,3 to 5,True,True,1.1438897324734432,23.0,two-sided,0.26443547541882195,0.5288709508376439,fdr_bh,0.385,0.20536633486166075,-0.19448421532510435,0.6614752430865531
condition,1 to 3,4 to 6,True,True,-0.19438046776130496,23.0,two-sided,0.8475846616683816,0.8475846616683816,fdr_bh,0.218,-0.027472254869719163,-0.46210687528094546,0.3827513816178267
condition,2 to 4,3 to 5,True,True,1.8923622171859344,23.0,two-sided,0.07109705261495824,0.3385746652508973,fdr_bh,0.989,0.29205242453155944,-0.051454277210385146,0.8240079173149484
condition,2 to 4,4 to 6,True,True,0.5224608268978816,23.0,two-sided,0.6063458937519706,0.7276150725023647,fdr_bh,0.243,0.08489212196696741,-0.31681505241400393,0.5301087918294003
condition,3 to 5,4 to 6,True,True,-1.6484329419097572,23.0,two-sided,0.1128582217502991,0.3385746652508973,fdr_bh,0.697,-0.24163628670682405,-0.7705357760087705,0.0975658455297958
