Contrast,A,B,Paired,Parametric,T,dof,alternative,p-unc,p-corr,p-adjust,BF10,cohen,ci_lower,ci_upper
condition,1 to 3,2 to 4,True,True,-1.8403501854533495,14.0,two-sided,0.08700965609795225,0.5220579365877135,fdr_bh,1.01,-0.5974118902113337,-0.8041054488609021,0.21202840457231198
condition,1 to 3,3 to 5,True,True,-0.8164450633618147,14.0,two-sided,0.4279199995130596,0.5767111606380568,fdr_bh,0.35,-0.292689096085311,-0.6772551035084609,0.3938077316896653
condition,1 to 3,4 to 6,True,True,-0.9377139171512373,14.0,two-sided,0.3642877240078247,0.5767111606380568,fdr_bh,0.383,-0.3529859457769273,-0.7560958479134043,0.254028279029262
condition,2 to 4,3 to 5,True,True,0.7246677969038605,14.0,two-sided,0.48059263386504736,0.5767111606380568,fdr_bh,0.33,0.3203159933795549,-0.2842190547964815,0.7990138823659307
condition,2 to 4,4 to 6,True,True,0.7776356074458849,14.0,two-sided,0.4497259781297973,0.5767111606380568,fdr_bh,0.341,0.24708427448179268,-0.5667887601770731,0.4622188865481265
condition,3 to 5,4 to 6,True,True,-0.2189318410097972,14.0,two-sided,0.8298626820784131,0.8298626820784131,fdr_bh,0.268,-0.06878448361387798,-0.6107517130608332,0.4976957965027699
