{
  "analysis_id": "landing_on_2",
  "date_analyzed": "2025-10-13T23:02:19.380924",
  "baseline_ms": [
    -100,
    0
  ],
  "response_filter": "ALL",
  "fal_fraction": 0.5,
  "n_subjects_total": 24,
  "n_evokeds_included": 120,
  "conditions": [
    "increasing 1 to 2",
    "Cardinality2",
    "3 to 2",
    "4 to 2",
    "5 to 2"
  ],
  "components": {
    "P1": {
      "collapsed_peak_latency_ms": 116.0,
      "peak_gfp_amplitude": 0.10751877880848106,
      "fwhm_ms": 20.28205478613421,
      "window_start_ms": 102.66462823795607,
      "window_end_ms": 122.94668302409028,
      "search_range_ms": [
        60.0,
        120.0
      ],
      "method": "GFP_collapsed_localizer",
      "n_subjects": 120,
      "n_conditions": 5
    },
    "N1": {
      "collapsed_peak_latency_ms": 168.0,
      "peak_gfp_amplitude": -4.160672318494987,
      "fwhm_ms": 71.85390770575785,
      "window_start_ms": 140.72173349718568,
      "window_end_ms": 212.57564120294353,
      "search_range_ms": [
        125.0,
        200.0
      ],
      "method": "GFP_collapsed_localizer",
      "n_subjects": 120,
      "n_conditions": 5
    },
    "P3b": {
      "collapsed_peak_latency_ms": 472.0,
      "peak_gfp_amplitude": 2.17726937649498,
      "fwhm_ms": 124.97754922407125,
      "window_start_ms": 416.15249760338327,
      "window_end_ms": 541.1300468274545,
      "search_range_ms": [
        320.0,
        590.0
      ],
      "method": "GFP_collapsed_localizer",
      "n_subjects": 120,
      "n_conditions": 5
    }
  }
}