Source,SS,DF,MS,F,p-unc,ng2,eps
condition,24.888595492649287,3,8.296198497549762,0.8275437052850886,0.49348980441448553,0.04965943768290239,0.7437630664264842
Error,210.5268487161366,21,10.025088034101744,,,,
