Source,SS,DF,MS,F,p-unc,ng2,eps
condition,48.717745810831346,3,16.23924860361045,3.53749832300176,0.019068221692439147,0.08739028394952482,0.9282016123296996
Error,316.7515716864874,69,4.590602488209963,,,,
