Source,SS,DF,MS,F,p-unc,ng2,eps
condition,1113.8333333333298,3,371.27777777777663,2.538924034951512,0.06358681400778467,0.04291264006164305,0.8483352752336927
Error,10090.166666666668,69,146.23429951690824,,,,
