Source,SS,DF,MS,F,p-unc,ng2,eps
condition,57.184239426057445,3,19.06141314201915,3.8686484264699534,0.012837837720555065,0.06808724554229298,0.8480141416773859
Error,339.9733865192406,69,4.927150529264356,,,,
