condition,count,mean,std,min,25%,50%,75%,max,sem
3 to 1,19.0,184.0,15.084944665313014,156.0,174.0,184.0,198.0,208.0,3.4607236507896015
4 to 2,24.0,178.33333333333334,14.962755694423889,148.0,171.0,180.0,188.0,208.0,3.0542597164384917
5 to 3,24.0,174.5,15.860807589505155,148.0,164.0,172.0,184.0,208.0,3.2375737918958727
6 to 4,23.0,174.6086956521739,20.559755769761782,148.0,154.0,176.0,190.0,208.0,4.287005427488441
