condition,count,mean,std,min,25%,50%,75%,max,sem
3 to 1,21.0,3.8222000412734656,1.7595098504217408,1.644881821222122,2.7406814501137178,3.414774691876301,4.49330594980944,9.143972660189712,0.38395652740847874
4 to 2,14.0,3.0122139580398657,1.157414359215263,1.284613786526129,2.1241832446874716,2.674531909223423,4.138041664446137,4.868344329273978,0.3093319990511441
5 to 3,17.0,3.113521395157462,1.2986461562798841,1.1039618913698963,1.8244299616700448,3.547572468366099,4.303361649154924,4.758825454511565,0.31496795721437304
6 to 4,15.0,4.223175615641998,1.8862231941420018,1.3897734189245907,2.7931320081896787,3.979897054502578,5.719707168745085,7.454496966872363,0.48702073454280886
