Contrast,Coef,Std.Err.,z,P>|z|,P>|z| (adj)
3 to 1 - 4 to 2,-3.3640803112896553,2.726161335665634,-1.2339989813802652,0.2172032838115423,0.6245120705997136
3 to 1 - 5 to 3,2.9274638157274344,2.549965713036205,1.1480404621761553,0.2509518606205705,0.6245120705997136
3 to 1 - 6 to 4,3.175825790813127,2.7073617379744643,1.1730334170967298,0.24078240519123906,0.6245120705997136
4 to 2 - 5 to 3,6.29154412701709,2.867089181482615,2.1944012651059697,0.028206575046675786,0.1577447279740603
4 to 2 - 6 to 4,6.5399061021027824,3.0005397568395473,2.1795765535835563,0.029288864356036504,0.1577447279740603
5 to 3 - 6 to 4,0.2483619750856927,2.8031890882954107,0.08859979375730195,0.9293999719997892,0.9293999719997892
