Contrast,Coef,Std.Err.,z,P>|z|,P>|z| (adj)
3 to 1 - 4 to 2,-2.6610299509603714,2.970297772675556,-0.8958798593998859,0.3703169320358237,0.9376649815624538
3 to 1 - 5 to 3,-2.298323206598421,4.094499046932435,-0.5613197561543716,0.5745795759708052,0.9860654906710505
3 to 1 - 6 to 4,-1.1904889121107145,3.253142007694015,-0.36595049010928077,0.7144020199011005,0.9860654906710505
4 to 2 - 5 to 3,0.3627067443619505,4.2079709097688,0.08619516440095323,0.9313112746520684,0.9860654906710505
4 to 2 - 6 to 4,1.470541038849657,3.224452022132285,0.45605920905506564,0.648347401750504,0.9860654906710505
5 to 3 - 6 to 4,1.1078342944877064,3.3216036973953598,0.3335239226029331,0.7387388345462409,0.9860654906710505
