Contrast,Coef,Std.Err.,z,P>|z|,P>|z| (adj)
3 to 1 - 4 to 2,-0.48780183186876774,0.6466817707185825,-0.7543151113208745,0.4506600306073145,0.8385765931657059
3 to 1 - 5 to 3,-0.8903896175984717,0.8248970190053236,-1.0793948784929788,0.2804117330735303,0.8070608471827558
3 to 1 - 6 to 4,-1.129803260896462,0.7093861120731382,-1.5926492521747855,0.11123889796206288,0.5071551385842699
4 to 2 - 5 to 3,-0.40258778572970394,0.8155859489806393,-0.4936178538054494,0.6215760894011186,0.8567953438870498
4 to 2 - 6 to 4,-0.6420014290276943,0.7103965583171051,-0.9037226060730987,0.36614250903960377,0.8385765931657059
5 to 3 - 6 to 4,-0.23941364329799042,0.8433596398765459,-0.2838808403648966,0.7765016998947216,0.8567953438870498
