Contrast,Coef,Std.Err.,z,P>|z|,P>|z| (adj)
3 to 1 - 4 to 2,5.099074936229081,3.405817682729882,1.497166146645288,0.13435003169127824,0.43847477587856876
3 to 1 - 5 to 3,9.476458476693603,3.4856910508107806,2.7186742423684835,0.006554412387464126,0.03234526530067188
3 to 1 - 6 to 4,9.861658583615585,3.528793312093571,2.7946262961388455,0.005195974056050989,0.030773666863008572
4 to 2 - 5 to 3,4.377383540464522,3.384973814851631,1.2931809165727297,0.19594849427717254,0.43847477587856876
4 to 2 - 6 to 4,4.762583647386504,3.4054722686575327,1.398509008932249,0.16196026924719575,0.43847477587856876
5 to 3 - 6 to 4,0.3852001069219817,3.367052315667183,0.11440276859661865,0.9089185193841034,0.9089185193841034
