Contrast,Coef,Std.Err.,z,P>|z|,P>|z| (adj)
3 to 1 - 4 to 2,-0.2868381772931432,8.914766835482151,-0.032175623051797934,0.9743319960979635,0.9743319960979635
3 to 1 - 5 to 3,17.113798411285224,8.769960636628365,1.951411086135122,0.0510081637525015,0.22919936451061848
3 to 1 - 6 to 4,-5.9016363498323745,8.747800543220613,-0.6746423081635116,0.49990304629261995,0.8749272706185215
4 to 2 - 5 to 3,17.400636588578365,8.906358598413261,1.9537318642973154,0.050732935869827855,0.22919936451061848
4 to 2 - 6 to 4,-5.614798172539231,8.587996811641954,-0.6537960243450216,0.5132432282018364,0.8749272706185215
5 to 3 - 6 to 4,-23.015434761117596,8.797085741966214,-2.6162567282166194,0.008889968775340318,0.052168297881849394
