Contrast,Coef,Std.Err.,z,P>|z|,P>|z| (adj)
3 to 1 - 4 to 2,1.0475558937292007,0.4544198589899118,2.305259933088568,0.021152020070497324,0.12038729547388555
3 to 1 - 5 to 3,0.31403627624893954,0.4636532952029749,0.6773084101806349,0.4982102959455348,0.8736529116657525
3 to 1 - 6 to 4,0.08995291284858477,0.47723305294129437,0.18848843828855688,0.8504937779933246,0.8736529116657525
4 to 2 - 5 to 3,-0.7335196174802612,0.4196781123388271,-1.7478148035703471,0.08049610109214322,0.2851510224412319
4 to 2 - 6 to 4,-0.9576029808806159,0.42917673141502677,-2.2312555895640696,0.025664203606301506,0.12190138421243793
5 to 3 - 6 to 4,-0.22408336340035478,0.4235099883735699,-0.5291099845387713,0.5967291555356116,0.8736529116657525
