Contrast,Coef,Std.Err.,z,P>|z|,P>|z| (adj)
3 to 1 - 4 to 2,2.488880802183966,2.06095787797733,1.2076330277194258,0.22718844925472625,0.6433071381014683
3 to 1 - 5 to 3,4.456213937436619,2.1058688283622744,2.116092834187682,0.03433691282609086,0.18912523712122126
3 to 1 - 6 to 4,4.1803729186773655,2.1671966258972906,1.9289310756224318,0.05373941935523652,0.24132854671292062
4 to 2 - 5 to 3,1.967333135252653,1.897075421394533,1.0370347499449832,0.29971966245639914,0.6565877387516847
4 to 2 - 6 to 4,1.6914921164933996,1.9410432476266648,0.8714345332395895,0.3835169370413638,0.6565877387516847
5 to 3 - 6 to 4,-0.2758410187592535,1.9143992108477885,-0.14408751173539072,0.8854313660073994,0.8854313660073994
