Contrast,Coef,Std.Err.,z,P>|z|,P>|z| (adj)
3 to 1 - 4 to 2,-0.01688902013103213,0.44471820562681613,-0.03797690294065564,0.9697060975238685,0.9999381788818225
3 to 1 - 5 to 3,0.04959342798230134,0.4305943147610331,0.11517436780330971,0.908306914984224,0.9999381788818225
3 to 1 - 6 to 4,0.09682401947254753,0.436574429311633,0.2217812427200888,0.824484181992488,0.9999381788818225
4 to 2 - 5 to 3,0.06648244811333347,0.4472900586667376,0.14863386034445167,0.8818425530809759,0.9999381788818225
4 to 2 - 6 to 4,0.11371303960357966,0.4514976818681244,0.251857416261981,0.8011512756126882,0.9999381788818225
5 to 3 - 6 to 4,0.047230591490246186,0.3959882266809763,0.119272716479768,0.9050592982706087,0.9999381788818225
