Contrast,Coef,Std.Err.,z,P>|z|,P>|z| (adj)
3 to 1 - 4 to 2,1.0475558937292009,0.4544198589899117,2.305259933088569,0.021152020070497324,0.12038729547388555
3 to 1 - 5 to 3,0.31403627624894004,0.46365329520297477,0.6773084101806363,0.4982102959455341,0.8736529116657519
3 to 1 - 6 to 4,0.08995291284858485,0.47723305294129437,0.18848843828855708,0.8504937779933244,0.8736529116657519
4 to 2 - 5 to 3,-0.7335196174802608,0.4196781123388271,-1.7478148035703462,0.08049610109214322,0.2851510224412319
4 to 2 - 6 to 4,-0.957602980880616,0.42917673141502677,-2.23125558956407,0.025664203606301506,0.12190138421243793
5 to 3 - 6 to 4,-0.22408336340035517,0.42350998837356996,-0.5291099845387721,0.5967291555356111,0.8736529116657519
