Contrast,Coef,Std.Err.,z,P>|z|,P>|z| (adj)
3 to 1 - 4 to 2,-0.17487149580641032,0.3117881793596821,-0.5608663425455803,0.5748886561395654,0.7804668922913605
3 to 1 - 5 to 3,0.32406335366437866,0.2931749699917952,1.1053581882295338,0.269004413608916,0.6093891843387025
3 to 1 - 6 to 4,-0.3873433113422971,0.3053855953749535,-1.2683745311127579,0.20466423243660992,0.5998691328164429
4 to 2 - 5 to 3,0.498934849470789,0.32657161603332974,1.52779612487776,0.1265631647053167,0.49165621649509583
4 to 2 - 6 to 4,-0.2124718155358868,0.33952880897189064,-0.6257843514936524,0.5314563972172499,0.7804668922913605
5 to 3 - 6 to 4,-0.7114066650066757,0.3197290548588224,-2.2250297687859493,0.026079239793916464,0.14662141479192162
