Contrast,A,B,Paired,Parametric,T,dof,alternative,p-unc,p-corr,p-adjust,BF10,cohen,ci_lower,ci_upper
condition,3 to 1,4 to 2,True,True,-1.5071573172061195,7.0,two-sided,0.1754994493585011,0.3509988987170022,fdr_bh,0.774,-0.5753964555687505,-0.8282305902429892,0.3433786805614034
condition,3 to 1,5 to 3,True,True,0.513418276223035,7.0,two-sided,0.6234617718777556,0.7481541262533068,fdr_bh,0.375,0.2007020924735805,-0.2716801557921615,0.8134164946781228
condition,3 to 1,6 to 4,True,True,0.8819171036881969,7.0,two-sided,0.4070838220655887,0.6106257330983831,fdr_bh,0.46,0.3005371535187643,-0.06331551812096659,1.1778719432716724
condition,4 to 2,5 to 3,True,True,1.6666666666666667,7.0,two-sided,0.13951958313684432,0.3509988987170022,fdr_bh,0.905,0.7849822820284491,0.05367357490318281,1.6132789448942484
condition,4 to 2,6 to 4,True,True,2.5824971129863203,7.0,two-sided,0.036339839119456076,0.21803903471673647,fdr_bh,2.413,1.0213243599737853,0.18326662118102455,1.9864550908577123
condition,5 to 3,6 to 4,True,True,0.28365431446558775,7.0,two-sided,0.7848815134082947,0.7848815134082947,fdr_bh,0.348,0.07227641798688508,-0.659254429400894,0.6116648035008239
