Contrast,A,B,Paired,Parametric,T,dof,alternative,p-unc,p-corr,p-adjust,BF10,cohen,ci_lower,ci_upper
condition,3 to 1,4 to 2,True,True,1.3393250210758996,23.0,two-sided,0.19355082859538425,0.9259139700899935,fdr_bh,0.474,0.20034258006137276,-0.15669214479779425,0.7034692950275075
condition,3 to 1,5 to 3,True,True,0.7086036223270653,23.0,two-sided,0.485691160823128,0.9259139700899935,fdr_bh,0.27,0.14050023737407932,-0.27982271911611434,0.5691089365476396
condition,3 to 1,6 to 4,True,True,0.638951120585759,23.0,two-sided,0.5291671401755692,0.9259139700899935,fdr_bh,0.258,0.1452749414744701,-0.29362956771584225,0.554480270384948
condition,4 to 2,5 to 3,True,True,-0.46342294251403465,23.0,two-sided,0.6474167752014214,0.9259139700899935,fdr_bh,0.237,-0.08198964659001269,-0.5178023653261186,0.3286107412830309
condition,4 to 2,6 to 4,True,True,-0.29373465655947445,23.0,two-sided,0.7715949750749946,0.9259139700899935,fdr_bh,0.223,-0.06398858304826252,-0.48260064086495863,0.3626839694745632
condition,5 to 3,6 to 4,True,True,0.07348141663847439,23.0,two-sided,0.9420583534352338,0.9420583534352338,fdr_bh,0.215,0.015247737935786857,-0.40728738464903436,0.4372860473725544
