Contrast,Coef,Std.Err.,z,P>|z|,P>|z| (adj)
Change by 1 - Change by 2,-2.9382550426340583,1.3774193878264749,-2.133159347546671,0.032911656692603763,0.09552108779343058
Change by 1 - Change by 3,-1.128283644379331,1.4179558680587447,-0.7957113968039146,0.4261998010803263,0.4261998010803263
Change by 2 - Change by 3,1.8099713982547274,1.4053828891866091,1.2878848975472308,0.19778603340148448,0.35645275179427577
