Contrast,Coef,Std.Err.,z,P>|z|,P>|z| (adj)
Change by 1 - Change by 2,0.12780450698008972,0.21219442836658048,0.6022990705453333,0.5469750794240615,0.7947684213371646
Change by 1 - Change by 3,0.1857055020477818,0.21991375034385813,0.8444469786787404,0.3984196799605244,0.7822887550700881
Change by 2 - Change by 3,0.057900995067692085,0.21752500746378156,0.266180866939323,0.7900999176136971,0.7947684213371646
