Contrast,A,B,Paired,Parametric,T,dof,alternative,p-unc,p-corr,p-adjust,BF10,cohen,ci_lower,ci_upper
condition,Change by 1,Change by 2,True,True,1.5175871510442773,23.0,two-sided,0.14274473367545165,0.3538480122761366,fdr_bh,0.587,0.14524200640515544,-0.12249832726170617,0.7420506873054566
condition,Change by 1,Change by 3,True,True,1.217123939538943,23.0,two-sided,0.23589867485075772,0.3538480122761366,fdr_bh,0.415,0.16269294820826327,-0.18028507354848913,0.6771738411479048
condition,Change by 2,Change by 3,True,True,0.17316743975225835,23.0,two-sided,0.8640347612018748,0.8640347612018748,fdr_bh,0.218,0.020291467291114633,-0.3870471901182063,0.45774250136106975
