Source,SS,DF,MS,F,p-unc,ng2,eps
condition,664.5555555555562,5,132.91111111111124,1.5534187792897083,0.17888999649010826,0.047065211403929885,0.8664335221829654
Error,9839.444444444445,115,85.56038647342996,,,,
