Source,SS,DF,MS,F,p-unc,ng2,eps
condition,76.0,5,15.2,1.0,0.5000000000000001,0.2923076923076923,0.2
Error,76.0,5,15.2,,,,
