Source,SS,DF,MS,F,p-unc,ng2,eps
condition,18.770340882655617,4,4.692585220663904,1.2871220920698223,0.2932556336202602,0.05375668183185332,0.71533158009272
Error,131.24867406497475,36,3.6457965018048544,,,,
