Source,SS,DF,MS,F,p-unc,ng2,eps
condition,256.0,5,51.2,1.0,0.5000000000000001,0.45714285714285713,0.2
Error,256.0,5,51.2,,,,
