Source,SS,DF,MS,F,p-unc,ng2,eps
condition,45.9277014401363,4,11.481925360034076,3.32526429958856,0.01545794022742164,0.09677793946774231,0.7515235984821832
Error,220.9879145946697,64,3.452936165541714,,,,
