Source,SS,DF,MS,F,p-unc,ng2,eps
condition,1091.6226458503309,4,272.9056614625827,1.6539716171200796,0.18209623831101981,0.09876928419501896,0.5193363829071382
Error,5940.007501313552,36,165.00020836982088,,,,
