Source,SS,DF,MS,F,p-unc,ng2,eps
condition,77.84322071714966,5,15.568644143429932,0.40819990000772843,0.826074020744031,0.279781772487915,0.19999999999999996
Error,190.698774584893,5,38.139754916978596,,,,
