condition,count,mean,std,min,25%,50%,75%,max,sem
3 to 1,18.0,2.0632529909701467,1.3930873661948842,0.1005596438677037,1.397815001170605,1.8040451593275155,2.9507080507356473,5.761845341511479,0.3283538411405699
3 to 2,10.0,1.8204067784032283,1.5094511346063118,-0.0028581089264684,0.5121112308000796,1.7467787829448784,2.7251725123728745,3.980347884304628,0.47733036020813524
3 to 3,13.0,2.23553093637742,1.9807320040002283,0.1786998243171159,0.8595048089478926,1.3972846840055684,2.649855244369222,7.431913131335948,0.5493562156442591
3 to 4,14.0,2.081367321357478,1.985592348356469,0.1847479067727326,0.7425051181702981,1.1584355660055026,2.759915323261002,6.528470463813092,0.5306718769535571
3 to 5,11.0,2.148044206500421,1.5633222974131602,0.1196987037374022,1.036023702965423,1.6008212454210144,3.297843065100885,4.940770244688046,0.47135940790144043
3 to 6,10.0,2.387226388265367,2.381183461493883,-0.0235450249550297,0.7828116463798506,1.0917583903123296,3.9037458391989617,6.947459314198901,0.7529963265044518
