condition,count,mean,std,min,25%,50%,75%,max,sem
3 to 1,20.0,4.1399333329416885,2.521958696221987,0.8318234413780294,2.613798629746392,3.763287830781705,4.622698087218428,10.93885898810134,0.5639271081199104
3 to 2,18.0,4.330440925316658,3.2031274797167084,0.3492980618951662,1.7490791728332193,3.847020915292012,6.398825948145252,12.50538114385287,0.75498438730422
3 to 4,16.0,4.2910306736892565,2.2677620477627083,0.3129243770624144,3.042918038549673,4.458405904614613,6.28845867684371,7.230129929271099,0.5669405119406771
3 to 5,16.0,3.832135937212022,2.6396029837777024,0.007275947183993,2.052854734791345,3.760313026781685,4.993696825470077,10.097933799037063,0.6599007459444255
3 to 6,20.0,2.820971363756109,2.0448659194487204,0.1016147598476079,1.6233100968955345,2.714484019174705,3.6776865933225973,8.896452041153475,0.4572459200759948
