condition,count,mean,std,min,25%,50%,75%,max,sem
3 to 1,20.0,483.303076237813,12.221584423736374,463.9086193730355,476.58837891866744,482.254835012278,490.1584153128546,507.0397548888712,2.732829356422713
3 to 2,18.0,490.21296579443674,19.07968371184099,441.232742335822,483.93174654465713,490.78285161759106,502.0272890877234,530.9593081419698,4.497124578512429
3 to 4,16.0,491.83755072084875,14.370352545507318,462.3252164713406,483.16200331154033,493.02040654562836,501.21701756438046,519.7578824008025,3.5925881363768304
3 to 5,16.0,487.6332533370754,21.4344239422582,440.02077529654775,478.3234049164837,490.60936863868426,500.31368538822255,531.7721707877911,5.358605985564552
3 to 6,20.0,487.67519392286647,22.417227120970157,438.20931642100845,477.59280161317855,488.76645712815434,496.9994218258749,543.4935149668605,5.012644370954114
