condition,count,mean,std,min,25%,50%,75%,max,sem
3 to 1,13.0,-2.8697520759379738,1.87084225684705,-6.477444150255391,-3.790663473630645,-1.882163603404512,-1.6032987420351852,-1.3234687319809144,0.5188782834897546
3 to 2,14.0,-2.802886006365974,1.637138704781605,-5.616588584031017,-4.178848959421195,-2.5083825094366445,-1.5824506362804798,-0.689268779577129,0.43754372342282966
3 to 3,12.0,-3.608264380225346,1.8532963380396306,-8.809577621901047,-3.8935892736460653,-3.460470889784009,-2.867706523007194,-1.480480172107801,0.5350005698276641
3 to 4,15.0,-2.6998920842777463,1.5226141836655216,-5.415187366509326,-3.361763775385807,-2.43492770452336,-1.596722134218882,-0.4227632215372572,0.3931372917357178
3 to 5,15.0,-2.8874895572956336,1.3226713759904687,-4.98008707171903,-3.675058723260088,-2.639197397117756,-2.208953669531133,-0.5665715665033436,0.3415122807810889
3 to 6,13.0,-3.250981081809628,1.1518452440263374,-4.888301920287612,-4.124140724755797,-2.7405552040922427,-2.562812115591836,-1.511999852010233,0.3194643914412531
