Source,SS,DF,MS,F,p-unc,ng2,eps
condition,909.5404161386418,2,454.7702080693209,1.653785172258895,0.20725944190102602,0.03902215402495281,0.9981368650637041
Error,8799.59918756612,32,274.98747461144126,,,,
