Source,SS,DF,MS,F,p-unc,ng2,eps
condition,549.3333333333334,2,274.6666666666667,3.855614973262033,0.046355925952304054,0.23684966944524288,0.635684421014361
Error,997.3333333333333,14,71.23809523809523,,,,
