Source,SS,DF,MS,F,p-unc,ng2,eps
condition,406.40000000000043,2,203.20000000000022,1.9718228867165066,0.16814094721414705,0.15047393364928924,0.9355877910678454
Error,1854.9333333333325,18,103.05185185185181,,,,
