Source,SS,DF,MS,F,p-unc,ng2,eps
condition,8.15266491043879,2,4.076332455219395,1.2755496718246846,0.2889692045696234,0.021303370328886722,0.8371755776894387
Error,147.0043049533741,46,3.1957457598559587,,,,
