condition,count,mean,std,min,25%,50%,75%,max,sem
4 to 1,17.0,5.275356954740418,2.845503065681903,1.4534589631790908,3.730130656780745,4.706390964149093,6.155229749178878,13.378663298619712,0.690135864577962
5 to 2,15.0,3.346656175677361,1.5937573383803891,0.7475762905074356,2.4005472651642914,2.732676334271336,4.458683134256562,6.196534610977822,0.411506375296207
6 to 3,12.0,3.403509255301931,2.2473518465193534,0.1575802234452318,1.8819432709084116,2.8862268382780716,4.7521519499399,8.169367511709694,0.6487545967758757
