condition,count,mean,std,min,25%,50%,75%,max,sem
4 to 1,17.0,109.41176470588235,11.48400422070527,92.0,100.0,112.0,120.0,120.0,2.7852801415886383
5 to 2,17.0,105.41176470588235,9.480630408426249,92.0,100.0,108.0,112.0,120.0,2.299390621846125
6 to 3,16.0,103.5,10.21110506589109,92.0,92.0,104.0,110.0,120.0,2.5527762664727724
