condition,count,mean,std,min,25%,50%,75%,max,sem
4 to 1,7.0,2.142562803111026,0.961782111236722,1.113290127175898,1.577255723823467,1.7931257035871369,2.467045717475883,4.00292090841545,0.36351946882328956
5 to 2,7.0,3.6578087452735466,1.5768167033459126,1.5579312775115668,2.7139252468335204,3.7051288325357534,4.297423092590121,6.318904428020224,0.595980694312285
6 to 3,8.0,2.070787141634389,0.4241371075974566,1.588908508499333,1.6653210066784698,2.0655782593478604,2.463105616629189,2.5624284587580304,0.149955112467505
