Contrast,Coef,Std.Err.,z,P>|z|,P>|z| (adj)
4 to 1 - 5 to 2,-0.031711001016861584,0.3584224485682147,-0.08847381391298756,0.9295000961774551,0.9578169650576963
4 to 1 - 6 to 3,-0.16827723494591262,0.3730095937923902,-0.451133798557397,0.6518931193712805,0.9578169650576963
5 to 2 - 6 to 3,-0.13656623392905104,0.3642575967199671,-0.37491663910043316,0.7077224639737711,0.9578169650576963
