Contrast,Coef,Std.Err.,z,P>|z|,P>|z| (adj)
4 to 1 - 5 to 2,0.9851878026124959,0.5784530662617442,1.703142156336515,0.08854146842249366,0.242799759331036
4 to 1 - 6 to 3,0.9681188166382063,0.58295615925985,1.6607060432595444,0.09677249909360541,0.242799759331036
5 to 2 - 6 to 3,-0.01706898597428963,0.5566242637312411,-0.030665184912835874,0.9755365565116769,0.9755365565116769
