Contrast,Coef,Std.Err.,z,P>|z|,P>|z| (adj)
4 to 1 - 5 to 2,0.192907858333114,0.39754487110063275,0.48524801187607863,0.6275004284550021,0.6275004284550021
4 to 1 - 6 to 3,-0.37425057108134685,0.4036416539764154,-0.9271852084503007,0.35383038132369027,0.5824648238997124
5 to 2 - 6 to 3,-0.5671584294144608,0.4029212632809586,-1.4076160309737213,0.1592447979025451,0.40569595053726876
