Contrast,Coef,Std.Err.,z,P>|z|,P>|z| (adj)
4 to 1 - 5 to 2,0.19290785833311533,0.3975448711006328,0.48524801187608196,0.6275004284549999,0.6275004284549999
4 to 1 - 6 to 3,-0.374250571081345,0.40364165397641544,-0.9271852084502961,0.3538303813236925,0.5824648238997153
5 to 2 - 6 to 3,-0.5671584294144604,0.40292126328095884,-1.4076160309737196,0.15924479790254553,0.4056959505372697
