Contrast,Coef,Std.Err.,z,P>|z|,P>|z| (adj)
4 to 1 - 5 to 2,-2.5227235485229467,10.258944200547486,-0.24590479285269115,0.8057559335756705,0.8057559335756705
4 to 1 - 6 to 3,6.222509351530287,10.321910094018246,0.6028447540088879,0.5466119710810702,0.7944392952330077
5 to 2 - 6 to 3,8.745232900053233,10.131214832850088,0.8631968667466354,0.3880292361161075,0.7708119210663172
