Contrast,Coef,Std.Err.,z,P>|z|,P>|z| (adj)
4 to 1 - 5 to 2,3.373052977862777,3.165920874285716,1.0654255465635392,0.286683401310871,0.37806589019037345
4 to 1 - 6 to 3,7.45764351181387,2.6833976467543526,2.779179418612857,0.005449641545470341,0.016259990704174786
5 to 2 - 6 to 3,4.0845905339510935,3.2681909862385163,1.2498016643305787,0.21137200797230982,0.37806589019037345
