Contrast,Coef,Std.Err.,z,P>|z|,P>|z| (adj)
4 to 1 - 5 to 2,7.889973197585834,5.636850081786851,1.3997131524003128,0.16159923364465278,0.2970841549747664
4 to 1 - 6 to 3,9.444421941497815,5.749772675653232,1.6425731023226642,0.10047128970950991,0.2721446343910153
5 to 2 - 6 to 3,1.5544487439119807,5.831610624514309,0.2665556471444704,0.7898113087518306,0.7898113087518306
