Contrast,A,B,Paired,Parametric,T,dof,alternative,p-unc,p-corr,p-adjust,BF10,cohen,ci_lower,ci_upper
condition,4 to 1,5 to 2,True,True,1.3856918402125469,23.0,two-sided,0.17913190689742806,0.5172021567885423,fdr_bh,0.5,0.21724158969045163,-0.1477728707092864,0.7134791955857831
condition,4 to 1,6 to 3,True,True,0.18520731834328102,23.0,two-sided,0.8546899577285563,0.8546899577285563,fdr_bh,0.218,0.0338320754908415,-0.3846085327511428,0.4602191038461838
condition,5 to 2,6 to 3,True,True,-0.9645533362001211,23.0,two-sided,0.34480143785902817,0.5172021567885423,fdr_bh,0.326,-0.16203124236479732,-0.6232242217717021,0.22944697120678692
