Contrast,A,B,Paired,Parametric,T,dof,alternative,p-unc,p-corr,p-adjust,BF10,cohen,ci_lower,ci_upper
condition,4 to 1,5 to 2,True,True,1.5510827639380738,23.0,two-sided,0.134534141424652,0.40360242427395604,fdr_bh,0.613,0.3706636216764466,-0.1161024834479975,0.7493293701936796
condition,4 to 1,6 to 3,True,True,0.5873670062235365,23.0,two-sided,0.5626797179564957,0.5626797179564957,fdr_bh,0.251,0.17519688974960695,-0.3038819689415544,0.5436735451071903
condition,5 to 2,6 to 3,True,True,-0.7688814650024635,23.0,two-sided,0.4497875768503583,0.5626797179564957,fdr_bh,0.28,-0.20957314702700314,-0.5818026231066961,0.2679080794500899
