Contrast,A,B,Paired,Parametric,T,dof,alternative,p-unc,p-corr,p-adjust,BF10,cohen,ci_lower,ci_upper
condition,4 to 1,5 to 2,True,True,1.0380349998052882,16.0,two-sided,0.3146875770666992,0.7122443771774243,fdr_bh,0.397,0.2756109896217561,-0.3260658076711904,0.6760979812245975
condition,4 to 1,6 to 3,True,True,0.37546687385768857,16.0,two-sided,0.7122443771774243,0.7122443771774243,fdr_bh,0.265,0.11894638554205172,-0.424153285442977,0.606281471306002
condition,5 to 2,6 to 3,True,True,-0.553344555613502,16.0,two-sided,0.5876770106720544,0.7122443771774243,fdr_bh,0.285,-0.18396931628914384,-0.6506682600904358,0.3822567247780905
