Contrast,A,B,Paired,Parametric,T,dof,alternative,p-unc,p-corr,p-adjust,BF10,cohen,ci_lower,ci_upper
condition,4 to 1,5 to 2,True,True,2.8360370077311523,23.0,two-sided,0.009360281308438604,0.028080843925315815,fdr_bh,5.119,0.5298589700287168,0.12263199211160769,1.0351752679868846
condition,4 to 1,6 to 3,True,True,1.945915045898371,23.0,two-sided,0.06398452177925326,0.09597678266887989,fdr_bh,1.073,0.5067778816601514,-0.041394164622208796,0.8358106554981283
condition,5 to 2,6 to 3,True,True,0.05819652496151998,23.0,two-sided,0.9540947590137374,0.9540947590137374,fdr_bh,0.215,0.014603801597685808,-0.41039854757010213,0.4341571793965802
