Contrast,A,B,Paired,Parametric,T,dof,alternative,p-unc,p-corr,p-adjust,BF10,cohen,ci_lower,ci_upper
condition,4 to 1,5 to 2,True,True,0.6253804746263172,16.0,two-sided,0.5405394421104088,0.5405394421104088,fdr_bh,0.296,0.12962662175137388,-0.34672530086547365,0.6536914785371153
condition,4 to 1,6 to 3,True,True,-0.6758159443453526,16.0,two-sided,0.5088086048898075,0.5405394421104088,fdr_bh,0.305,-0.12850325410995825,-0.6815038240490925,0.3536849391064531
condition,5 to 2,6 to 3,True,True,-1.72559670922119,16.0,two-sided,0.10367721020801125,0.3110316306240338,fdr_bh,0.847,-0.2641919347302724,-0.9547132255387613,0.1176758726755599
