Contrast,A,B,Paired,Parametric,T,dof,alternative,p-unc,p-corr,p-adjust,BF10,cohen,ci_lower,ci_upper
condition,4 to 1,5 to 2,True,True,0.7199527030705157,16.0,two-sided,0.4819397285434388,0.7229095928151582,fdr_bh,0.313,0.14632304732620896,-0.288706558236027,0.7172195045129729
condition,4 to 1,6 to 3,True,True,-0.2379674052916495,16.0,two-sided,0.8149270301759591,0.8149270301759591,fdr_bh,0.255,-0.04310555057383866,-0.5722961237859502,0.45686497702458106
condition,5 to 2,6 to 3,True,True,-1.315103679828257,16.0,two-sided,0.20701205012870644,0.6210361503861194,fdr_bh,0.52,-0.19601824439858442,-0.8460267004657445,0.20810771451628884
