Source,SS,DF,MS,F,p-unc,ng2,eps
condition,51.67194897922919,4,12.917987244807298,5.205733079419634,0.0036509747139681892,0.17380487049400595,0.5941077983691414
Error,59.55581839204467,24,2.4814924330018613,,,,
