Source,SS,DF,MS,F,p-unc,ng2,eps
condition,73.86666666666609,4,18.466666666666523,0.6054357122493537,0.6597009140311365,0.01267038697282947,0.8153017400884095
Error,2806.133333333334,92,30.501449275362326,,,,
