Source,SS,DF,MS,F,p-unc,ng2,eps
condition,30.66478122654119,4,7.666195306635298,4.591035208469955,0.006777533269883887,0.18992192694427013,0.5398684862308988
Error,40.07564285715088,24,1.6698184523812867,,,,
