Source,SS,DF,MS,F,p-unc,ng2,eps
condition,22.98807028022709,4,5.747017570056773,2.0118369583263305,0.10186927197989465,0.032963955683372126,0.8191834103202382
Error,205.67534726487986,72,2.8566020453455536,,,,
