Source,SS,DF,MS,F,p-unc,ng2,eps
condition,126.7016803436704,4,31.6754200859176,5.6969466223219865,0.0003843549246592431,0.0701299510132886,0.7813104508696852
Error,511.52640898654977,92,5.56006966289728,,,,
