condition,count,mean,std,min,25%,50%,75%,max,sem
3 to 2,11.0,2.8363915554673307,1.737968838247361,0.8302701536570782,1.3624627928305297,3.045174446719364,3.97459098842132,6.403349803283053,0.5240173212542156
4 to 2,10.0,3.098551960354043,1.925927107973164,0.5665476023831078,1.4555531367196775,3.1962117748699246,4.60786573276626,5.760651430937038,0.6090316268656231
5 to 2,7.0,3.4007990038200036,1.2601188987022791,1.5579312775115668,2.7139252468335204,3.5322897906916717,4.047703389629236,5.192114685611274,0.4762801754769746
Cardinality2,10.0,2.3054988801797656,1.4985911986181981,0.8054586211932526,1.3154431669191573,2.0150425094713187,2.491678837163153,5.996262944181175,0.47389614691152826
increasing 1 to 2,14.0,2.600726372192869,1.70900726339666,0.6765196220124049,1.3135567070396132,2.595382698172634,3.1461133711274645,5.815415622489612,0.4567514036527451
