condition,count,mean,std,min,25%,50%,75%,max,sem
3 to 2,11.0,110.546936059922,2.9548705404650075,104.24407667061696,110.36797791658128,111.75172718533808,112.43279140049205,113.58810613006273,0.8909269897088281
4 to 2,14.0,113.05113918404167,1.1952241593848743,111.01936087698788,112.07824528138687,113.11540092247613,114.25334492840295,114.63335650803891,0.3194370932009347
5 to 2,16.0,111.92697627966854,3.3736283331043375,105.00719570471392,110.86421864952781,112.36684090923785,113.39638372876757,118.4678814516452,0.8434070832760846
Cardinality2,13.0,112.51596297500183,2.8432466885633367,107.31545043428068,111.43380711201726,112.3706834104584,113.08814473583232,117.60248905299858,0.7885747480314077
increasing 1 to 2,13.0,112.20553448832956,3.6549109673630653,106.46558571839384,109.9351680377522,112.6967056170891,113.66676283662542,117.94402887795192,1.0136899153910175
