condition,count,mean,std,min,25%,50%,75%,max,sem
3 to 2,17.0,173.97646555936657,7.320905693578978,159.60695566515622,169.04255129793646,173.67839678264443,178.32068316255322,189.23226792332704,1.7755804382242277
4 to 2,16.0,175.67760308883737,7.145882315891365,162.9532815059088,170.80074408342927,175.3525641671942,178.07341794247876,193.0750404311807,1.7864705789728423
5 to 2,16.0,175.6301847389538,7.187317931995014,163.39029569783145,170.27308262029985,176.057367712548,180.2670914414856,190.40158323803283,1.796829482998753
Cardinality2,15.0,177.99408680091494,11.81586551459293,158.82547576486263,170.75765236197046,175.96840746902376,183.64801490019045,199.32646227852436,3.050843357269661
increasing 1 to 2,17.0,173.08142415537088,9.134504422423637,158.45723155853148,166.76357502374248,173.3812184218484,177.60975195579712,192.94858605907632,2.215442739489665
