condition,count,mean,std,min,25%,50%,75%,max,sem
3 to 2,24.0,177.4916386783938,11.023335124819074,160.1454979079097,170.221331259109,174.77060726890744,180.91431788750475,207.30091266801324,2.25012885995882
4 to 2,24.0,178.1515584144416,9.657670838228341,161.62829064545616,172.50322717782814,176.34570624806105,181.90020146973535,204.4579043454856,1.9713638047847115
5 to 2,24.0,175.41082569299064,9.410333182667692,155.86565510876935,170.1492867046226,176.55957847312675,181.32872302198888,193.6468594809226,1.9208762172597238
Cardinality2,22.0,176.29586193639975,13.098311238403241,157.19764890330256,167.27082527860432,174.02991133371626,187.96766872283257,197.7307455140921,2.7925693390763158
increasing 1 to 2,21.0,174.4961766870998,11.369610352257071,155.51245520124797,169.04310506981096,171.41612370652825,178.40758489812467,206.27120249407,2.4810523838748355
