condition,count,mean,std,min,25%,50%,75%,max,sem
1 to 2,13.0,112.92307692307692,7.686151382644183,104.0,104.0,116.0,120.0,120.0,2.131754840084772
3 to 2,11.0,110.54545454545455,6.517110346827593,104.0,106.0,108.0,116.0,120.0,1.964982703433643
4 to 2,14.0,116.28571428571429,5.075257802145794,108.0,113.0,120.0,120.0,120.0,1.3564197032272063
5 to 2,16.0,113.0,7.229568912920511,104.0,104.0,114.0,120.0,120.0,1.8073922282301278
Cardinality2,13.0,112.61538461538461,7.0891755695856675,104.0,104.0,112.0,120.0,120.0,1.966183539762135
