condition,count,mean,std,min,25%,50%,75%,max,sem
3 to 2,11.0,104.72727272727273,8.911687933168542,96.0,96.0,100.0,114.0,116.0,2.686975011187079
4 to 2,10.0,105.2,9.247221805013174,96.0,96.0,104.0,115.0,116.0,2.924228293261508
5 to 2,7.0,112.0,7.659416862050705,96.0,112.0,116.0,116.0,116.0,2.894987457822983
Cardinality2,10.0,104.0,8.432740427115679,96.0,96.0,102.0,111.0,116.0,2.666666666666667
increasing 1 to 2,14.0,106.0,8.978607053178383,96.0,97.0,104.0,116.0,116.0,2.3996336716761086
