condition,count,mean,std,min,25%,50%,75%,max,sem
1 to 2,10.0,-2.14982378267962,1.7493123746464179,-6.4138768291307,-2.5550192983565103,-1.7452592962078017,-0.8834340727583977,-0.7240508501262377,0.5531811443000466
3 to 2,13.0,-2.7672388977956954,1.6426451904388757,-5.646813636861455,-3.051426239146428,-2.306208529453704,-1.8184542032722013,-0.6103766252939653,0.4555878047324366
4 to 2,14.0,-2.2557218580661713,1.304968171673827,-4.935853422620728,-3.0373797623204006,-2.357227328499999,-1.3854918524040678,-0.2434361793066466,0.3487674142177329
5 to 2,17.0,-3.3155955539563386,1.6509698875294143,-6.226497102460308,-4.290391442389616,-3.212684237328732,-1.9007100066819136,-0.5326252516121683,0.4004190135881108
Cardinality2,14.0,-2.2207390209698814,1.332974487813037,-5.941564856010966,-2.802373843644776,-1.9476372415958705,-1.2641172777715939,-0.6812525571210145,0.3562524170504901
