condition,count,mean,std,min,25%,50%,75%,max,sem
3 to 2,24.0,-3.6673130539570984,2.0803163828846647,-8.19303107579876,-4.525271530087499,-3.2324706253570974,-2.537858850179223,-0.5990329670391623,0.42464280346831573
4 to 2,24.0,-4.026113129920723,2.41593381909388,-9.036859709966263,-5.627189643707687,-3.4521562727106785,-2.1240443704341128,-0.6247236814581041,0.49315042575945417
5 to 2,24.0,-4.397241293911938,2.4528590567732222,-9.272743238978077,-5.8537776062550435,-4.735447273083208,-2.6006030540636442,-0.2535861095304855,0.5006877583382358
Cardinality2,22.0,-3.1040300282372097,1.7900768575051427,-7.170025367714865,-4.42219808614505,-3.374775118465096,-1.7490557936738491,-0.1176109363285689,0.3816456683516964
increasing 1 to 2,21.0,-3.380065351146161,1.7579227221380946,-7.602180852998687,-4.130235206853467,-3.3606832258659063,-2.4521585608277308,-0.3599314670714805,0.38361018762288773
