condition,count,mean,std,min,25%,50%,75%,max,sem
3 to 2,17.0,-3.906997513062823,1.4529241786538452,-6.7324043321796125,-4.873405024635517,-3.6507168717858542,-2.876645399887624,-1.862839011489883,0.3523858738002111
4 to 2,16.0,-4.197344331033255,1.5775046443846703,-6.752141459160849,-5.024167422690736,-4.1391090737290614,-3.0143394257942577,-1.5540210088542707,0.39437616109616763
5 to 2,16.0,-4.738769934835874,1.8865172753154384,-8.870632015839597,-5.695912590468204,-4.39676130272208,-3.2647299744450287,-2.515985096483385,0.4716293188288596
Cardinality2,15.0,-3.412858614803733,1.5897783860984502,-6.696653210246975,-4.446362622992538,-3.163981873061553,-1.9919767406706925,-1.4065388140635215,0.41047901423465355
increasing 1 to 2,17.0,-3.474368623956328,1.3243274375844343,-6.589979146927933,-4.333081810526212,-3.197192265367077,-2.6156251667284374,-1.584993401770422,0.321196582827306
