Source,SS,DF,MS,F,p-unc,ng2,eps
condition,1.4843936178045936,1,1.4843936178045936,0.8315394486890201,0.39214880814519115,0.048795371276932765,1.0
Error,12.495805630164515,7,1.7851150900235022,,,,
