Source,SS,DF,MS,F,p-unc,ng2,eps
condition,0.5013981936286271,1,0.5013981936286271,0.14881753024868363,0.7032130566857989,0.0024365007670916284,1.0
Error,77.49193548762332,23,3.3692145864184053,,,,
