Source,SS,DF,MS,F,p-unc,ng2,eps
condition,6.239030745568543,1,6.239030745568543,1.6648836982216664,0.2097671034167035,0.0249823522981101,1.0
Error,86.19082960650798,23,3.747427374195999,,,,
