Source,SS,DF,MS,ng2,eps
condition,0.23748808034718538,1,0.23748808034718538,1.0,1.0
Error,0.0,0,,,
