Source,SS,DF,MS,F,p-unc,ng2,eps
condition,145.45454545454461,1,145.45454545454461,0.3751339764201478,0.5467947363645969,0.007131650263871019,1.0
Error,8142.545454545456,21,387.74025974025983,,,,
