Source,SS,DF,MS,F,p-unc,ng2,eps
condition,0.07958525154647893,1,0.07958525154647893,0.06515306530200322,0.8086963565429912,0.006819496503050301,1.0
Error,6.107560034019762,5,1.2215120068039524,,,,
