Source,SS,DF,MS,F,p-unc,ng2,eps
condition,12.0,1,12.0,0.18987341772151897,0.681192017209792,0.016697588126159554,1.0
Error,316.0,5,63.2,,,,
