Source,SS,DF,MS,F,p-unc,ng2,eps
condition,0.10422583706480627,1,0.10422583706480627,0.08045147792295979,0.7880562358731893,0.0034424114112396455,1.0
Error,6.477558881181324,5,1.2955117762362647,,,,
