condition,count,mean,std,min,25%,50%,75%,max,sem
Decreasing 3 to 2,19.0,482.5263157894737,34.20748524495225,432.0,450.0,488.0,508.0,532.0,7.847735331337134
Increasing 2 to 3,18.0,480.0,44.71083563890762,424.0,438.0,472.0,526.0,532.0,10.53844502426291
