condition,count,mean,std,min,25%,50%,75%,max,sem
Decreasing 3 to 2,24.0,0.7980429583883218,2.258771982794195,-2.893538448749098,-0.5478940469041775,0.6984795074232515,1.760840565302186,5.612874591010968,0.46106990026170025
Increasing 2 to 3,24.0,1.519097206553728,2.3419735341256103,-4.195783838271979,0.12033129639778259,1.0871325692962444,2.7147039879727046,6.873121173575885,0.47805334580919595
