condition,count,mean,std,min,25%,50%,75%,max,sem
Decreasing 3 to 2,24.0,-5.810428746778517,2.5193276044158788,-10.326302308053505,-6.886517870610188,-5.270097770811725,-4.330313088103036,-1.3497673420148362,0.514255593810601
Increasing 2 to 3,22.0,-5.266242638660845,1.9639940732047299,-10.612126660825744,-6.399437530491056,-5.226382724398985,-4.2620919250972245,-0.9083599019313242,0.41872494332542154
