condition,count,mean,std,min,25%,50%,75%,max,sem
Decreasing 3 to 2,2.0,515.1794906224916,3.8358338663094567,512.4671464841192,513.8233185533054,515.1794906224916,516.5356626916779,517.8918347608641,2.7123441383724582
Increasing 2 to 3,3.0,514.1117685835983,3.354257362278049,511.34545573805127,512.2463422790987,513.1472288201461,515.4949250063717,517.8426211925972,1.9365813910425134
