condition,count,mean,std,min,25%,50%,75%,max,sem
Decreasing 3 to 2,11.0,103.27272727272727,13.364811327444238,88.0,90.0,100.0,116.0,120.0,4.029642233365839
Increasing 2 to 3,8.0,118.5,4.242640687119285,108.0,120.0,120.0,120.0,120.0,1.5
