condition,count,mean,std,min,25%,50%,75%,max,sem
Decreasing 3 to 2,17.0,-3.838110056837643,1.4514529375904328,-6.529725855135163,-4.847939625715925,-3.536039108751352,-2.78313977233086,-1.819874236460144,0.3520290454293172
Increasing 2 to 3,18.0,-3.3768447191868955,0.8019379906175159,-4.823909095043224,-4.198680863246872,-3.185340917690923,-2.862363820990509,-2.209490207665584,0.18901859708558652
