Contrast,Coef,Std.Err.,z,P>|z|,P>|z| (adj)
Decreasing 3 to 2 - Increasing 2 to 3,8.414595302896174,6.130537420947833,1.3725705798881178,0.16988588317320508,0.1698858831732051
