Contrast,Coef,Std.Err.,z,P>|z|,P>|z| (adj)
Decreasing 3 to 2 - Increasing 2 to 3,7.452519444696751,7.081376685430437,1.0524111024950729,0.29261097705481554,0.29261097705481554
