Contrast,Coef,Std.Err.,z,P>|z|,P>|z| (adj)
Decreasing 3 to 2 - Increasing 2 to 3,1.9637443950904414,2.7635703533205422,0.7105823785998148,0.47734306590570963,0.4773430659057097
