Contrast,Coef,Std.Err.,z,P>|z|,P>|z| (adj)
Decreasing 3 to 2 - Increasing 2 to 3,-1.2559097196322948,1.2222589073488936,-1.0275316564118075,0.30417018702186116,0.30417018702186116
