Contrast,Coef,Std.Err.,z,P>|z|,P>|z| (adj)
Decreasing 3 to 2 - Increasing 2 to 3,-0.36714047888760587,0.36075615308332654,-1.0176970669792142,0.30882194157055265,0.30882194157055265
