Contrast,Coef,Std.Err.,z,P>|z|,P>|z| (adj)
Decreasing 3 to 2 - Increasing 2 to 3,0.16278610500153823,0.5050870324670325,0.32229317827945514,0.7472306006029268,0.7472306006029268
