Contrast,Coef,Std.Err.,z,P>|z|,P>|z| (adj)
Decreasing 3 to 2 - Increasing 2 to 3,0.03465270072572041,0.32529363889667257,0.10652744653493706,0.9151638801164663,0.9151638801164663
