Contrast,Coef,Std.Err.,z,P>|z|,P>|z| (adj)
Decreasing 3 to 2 - Increasing 2 to 3,-0.7215099494107842,0.5470829312328339,-1.3188310367952525,0.18722560568368296,0.18722560568368296
