Contrast,Coef,Std.Err.,z,P>|z|,P>|z| (adj)
Decreasing 3 to 2 - Increasing 2 to 3,0.4130739443736567,0.73051028919178,0.5654594473004239,0.5717612997722412,0.5717612997722412
