Contrast,Coef,Std.Err.,z,P>|z|,P>|z| (adj)
Decreasing 3 to 2 - Increasing 2 to 3,0.23483856867843203,0.12473893106180879,1.8826405411640756,0.05974909832096276,0.05974909832096276
