Source,SS,DF,MS,F,p-unc,ng2,eps
condition,9.690188818573413,1,9.690188818573413,1.7262130662780428,0.21345865117281945,0.04623916633403661,1.0
Error,67.36263795847739,12,5.61355316320645,,,,
