Source,SS,DF,MS,F,p-unc,ng2,eps
condition,34.22967456171605,1,34.22967456171605,3.1915731741963738,0.09297945528407728,0.07173323328067728,1.0
Error,171.60026203233122,16,10.725016377020701,,,,
