Source,SS,DF,MS,F,p-unc,ng2,eps
condition,34.545734507379365,1,34.545734507379365,9.766372264442552,0.0204511989351185,0.25744133806755887,1.0
Error,21.223275278879314,6,3.5372125464798856,,,,
