Source,SS,DF,MS,F,p-unc,ng2,eps
condition,30.11764705882377,1,30.11764705882377,0.8576214405360197,0.36816380567762197,0.014285714285714395,1.0
Error,561.8823529411768,16,35.11764705882355,,,,
