Source,SS,DF,MS,F,p-unc,ng2,eps
condition,11.764705882352859,1,11.764705882352859,0.19361084220716246,0.6658141340634278,0.00179791441927363,1.0
Error,972.2352941176459,16,60.76470588235287,,,,
