condition,count,mean,std,min,25%,50%,75%,max,sem
54 Correct,12.0,2.1120332631193226,1.3204878804296325,0.5168918322664559,1.0608568030119983,1.688090410476681,3.1213771725455137,3.954673097725173,0.38119201661384333
54 Incorrect,7.0,3.0910402659269622,2.753170086256222,0.4349506790200885,1.2124315586088188,2.582332931292096,3.8635411692976795,8.468052795363553,1.0406004807566014
