condition,count,mean,std,min,25%,50%,75%,max,sem
54 Correct,22.0,-6.179415071732055,2.919664839480742,-14.146635073252382,-8.184854638924332,-6.2589656846089134,-3.848194715821136,-1.5067436689414002,0.6224746352955827
54 Incorrect,14.0,-8.38954756566557,3.868799130919701,-19.27113302942305,-9.639781463891264,-8.001742623111706,-6.284081165037201,-3.275220007793195,1.0339800604393075
