Contrast,Coef,Std.Err.,z,P>|z|,P>|z| (adj)
54 Correct - 54 Incorrect,-2.2676896822555204,1.9194156758868286,-1.181447932693255,0.23742482597085313,0.2374248259708531
