Contrast,Coef,Std.Err.,z,P>|z|,P>|z| (adj)
54 Correct - 54 Incorrect,-0.49003265300524346,1.5318839118034526,-0.3198888957769254,0.7490525558346828,0.7490525558346828
