Contrast,Coef,Std.Err.,z,P>|z|,P>|z| (adj)
54 Correct - 54 Incorrect,2.480157535572108,1.172994552870401,2.1143811192498605,0.034482728945556484,0.034482728945556484
