Contrast,Coef,Std.Err.,z,P>|z|,P>|z| (adj)
54 Correct - 54 Incorrect,-0.7974044943100327,1.1305933047519077,-0.7052973787820295,0.48062519135626514,0.4806251913562651
