Contrast,Coef,Std.Err.,z,P>|z|,P>|z| (adj)
54 Correct - 54 Incorrect,-0.8067363744164392,0.44297011185950025,-1.821198209129552,0.06857673262053243,0.06857673262053243
