Contrast,Coef,Std.Err.,z,P>|z|,P>|z| (adj)
54 Correct - 54 Incorrect,11.585220639528828,10.380417097525351,1.1160650415762867,0.26439429468367726,0.26439429468367726
