Contrast,A,B,Paired,Parametric,T,dof,alternative,p-unc,BF10,cohen,ci_lower,ci_upper
condition,54 Correct,54 Incorrect,True,True,3.125119560023673,6.0,two-sided,0.02045119893511847,3.881,1.0902607025494466,-0.023814964855414233,2.386183300045766
