{
  "analysis_id": "landing_on_5_any_preceding_ACC1",
  "date_analyzed": "2025-10-15T22:32:00.251953",
  "baseline_ms": [
    -100,
    0
  ],
  "response_filter": "ACC1",
  "fal_fraction": 0.5,
  "n_subjects_total": 24,
  "n_evokeds_included": 88,
  "conditions": [
    "2 to 5",
    "3 to 5",
    "4 to 5",
    "6 to 5"
  ],
  "components": {
    "P1": {
      "collapsed_peak_latency_ms": 100.0,
      "peak_gfp_amplitude": 0.38686286496181077,
      "fwhm_ms": 25.980455815956276,
      "window_start_ms": 83.43863708902728,
      "window_end_ms": 109.41909290498356,
      "search_range_ms": [
        60.0,
        120.0
      ],
      "method": "GFP_collapsed_localizer",
      "n_subjects": 88,
      "n_conditions": 4
    },
    "N1": {
      "collapsed_peak_latency_ms": 164.0,
      "peak_gfp_amplitude": -4.35295872971655,
      "fwhm_ms": 84.19974463603313,
      "window_start_ms": 129.59267356377063,
      "window_end_ms": 213.79241819980376,
      "search_range_ms": [
        125.0,
        200.0
      ],
      "method": "GFP_collapsed_localizer",
      "n_subjects": 88,
      "n_conditions": 4
    },
    "P3b": {
      "collapsed_peak_latency_ms": 480.0,
      "peak_gfp_amplitude": 1.8960220297220405,
      "fwhm_ms": 196.1868026557836,
      "window_start_ms": 378.56477256215794,
      "window_end_ms": 574.7515752179415,
      "search_range_ms": [
        320.0,
        590.0
      ],
      "method": "GFP_collapsed_localizer",
      "n_subjects": 88,
      "n_conditions": 4
    }
  }
}