Source,SS,DF,MS,F,p-unc,ng2,eps
condition,49.91223834379929,1,49.91223834379929,12.166689824338805,0.0024610239004607395,0.1986325076964472,1.0
Error,77.94499097323074,19,4.102367945959513,,,,
