Source,SS,DF,MS,F,p-unc,ng2,eps
condition,0.18321007228390584,1,0.18321007228390584,0.5776963842417041,0.4895500437980709,0.016381324289653564,1.0
Error,1.2685561293542875,4,0.3171390323385719,,,,
