Source,SS,DF,MS,F,p-unc,ng2,eps
condition,0.12528278653975108,1,0.12528278653975108,0.05721822667689895,0.8138079755722348,0.00037384716750313247,1.0
Error,37.22253370770136,17,2.189560806335374,,,,
