Source,SS,DF,MS,F,p-unc,ng2,eps
condition,48.53959013312179,1,48.53959013312179,8.919268009398113,0.006595744364426888,0.12060444231055681,1.0
Error,125.16840752912171,23,5.442104675179205,,,,
