Source,SS,DF,MS,F,p-unc,ng2,eps
condition,243.0,1,243.0,1.585531914893617,0.22059550179837908,0.028388955956228826,1.0
Error,3525.0,23,153.2608695652174,,,,
