Source,SS,DF,MS,F,p-unc,ng2,eps
condition,518.3999999999983,1,518.3999999999983,2.2017167381974176,0.15425730019526415,0.04158644589911423,1.0
Error,4473.6,19,235.45263157894738,,,,
