Source,SS,DF,MS,F,p-unc,ng2,eps
condition,361.0,1,361.0,1.775825720309206,0.22440355090890535,0.16658975542224272,1.0
Error,1423.0,7,203.28571428571428,,,,
