Source,SS,DF,MS,F,p-unc,ng2,eps
condition,1067.111111111105,1,1067.111111111105,0.8036582724605675,0.38252136506749135,0.012789576574992868,1.0
Error,22572.88888888889,17,1327.8169934640523,,,,
