condition,count,mean,std,min,25%,50%,75%,max,sem
Decreasing 4 to 1,7.0,111.42857142857143,16.39976771031776,88.0,102.0,116.0,124.0,124.0,6.198529560103992
Increasing 1 to 4,14.0,109.71428571428571,15.188196689578348,88.0,94.0,114.0,124.0,124.0,4.0592163096668825
