condition,count,mean,std,min,25%,50%,75%,max,sem
Decreasing 4 to 1,17.0,121.17647058823529,9.461998296591787,108.0,112.0,120.0,128.0,136.0,2.294871670956606
Increasing 1 to 4,12.0,110.33333333333333,16.837908169221958,88.0,96.0,106.0,120.0,136.0,4.860685407045247
