condition,count,mean,std,min,25%,50%,75%,max,sem
Decreasing 4 to 1,20.0,-3.975898054006109,1.8445686032864945,-8.08945289848373,-4.767668114249124,-3.863049487509887,-2.963968104952832,-0.5111670041638661,0.4124580786110444
Increasing 1 to 4,23.0,-6.546507505411954,2.816878423629608,-12.546084559266092,-7.526871793676843,-5.984659474891909,-5.149761560722599,-2.31645549092053,0.5873597539731442
