condition,count,mean,std,min,25%,50%,75%,max,sem
Decreasing 4 to 1,17.0,5.3842131140420335,2.8291483858013446,1.4534589631790908,4.216545899409237,4.706390964149093,6.34619064296798,13.378663298619712,0.6861692720708618
Increasing 1 to 4,12.0,3.724811081299983,2.0569669650827764,1.155415834540505,2.2653205070129503,3.3552299864275223,5.004600023453891,7.079586985261686,0.5937952155023543
