condition,count,mean,std,min,25%,50%,75%,max,sem
Decreasing 4 to 1,24.0,5.413716073470451,3.4266202702572657,-1.204002653277548,3.0358505076948417,4.897453019520434,8.599733015524526,12.02700164821976,0.6994559337006745
Increasing 1 to 4,24.0,5.02544110433056,3.688268883723507,-0.8404855317939977,2.840188920946301,3.8503860149335773,7.298119160615129,13.02436466029466,0.7528647332755911
