Contrast,Coef,Std.Err.,z,P>|z|,P>|z| (adj)
Decreasing 4 to 1 - Increasing 1 to 4,1.6686085885197728,0.6139138381871991,2.7179849756228633,0.006568082053053148,0.006568082053053149
