Contrast,Coef,Std.Err.,z,P>|z|,P>|z| (adj)
Decreasing 4 to 1 - Increasing 1 to 4,3.9981715629930576,3.947093681419911,1.012940630675574,0.31108851957305195,0.31108851957305195
