Contrast,Coef,Std.Err.,z,P>|z|,P>|z| (adj)
Decreasing 4 to 1 - Increasing 1 to 4,1.4818229884119094,0.496431065443186,2.9849521747576784,0.002836226639974626,0.002836226639974626
