Contrast,Coef,Std.Err.,z,P>|z|,P>|z| (adj)
Decreasing 4 to 1 - Increasing 1 to 4,1.4646573832136471,2.2391027510378367,0.6541269187109748,0.5130300400687129,0.5130300400687129
