Contrast,Coef,Std.Err.,z,P>|z|,P>|z| (adj)
Decreasing 4 to 1 - Increasing 1 to 4,0.20234980893592977,0.5448579956483373,0.3713808195016937,0.7103539095314599,0.7103539095314599
