Contrast,Coef,Std.Err.,z,P>|z|,P>|z| (adj)
Decreasing 4 to 1 - Increasing 1 to 4,8.803632988142459,4.80125517327274,1.8336107268678092,0.06671179877882705,0.06671179877882705
