Contrast,Coef,Std.Err.,z,P>|z|,P>|z| (adj)
Decreasing 4 to 1 - Increasing 1 to 4,9.869372870248313,11.245823143184571,0.8776034216961305,0.38015897175103897,0.3801589717510389
