Contrast,Coef,Std.Err.,z,P>|z|,P>|z| (adj)
Decreasing 4 to 1 - Increasing 1 to 4,-0.24103881863108267,0.4611941418464351,-0.522640677234235,0.6012243278149318,0.6012243278149318
