Contrast,Coef,Std.Err.,z,P>|z|,P>|z| (adj)
Decreasing 4 to 1 - Increasing 1 to 4,5.610593028392895,3.3993438044529816,1.6504929630957834,0.09884215139790564,0.09884215139790566
