Contrast,Coef,Std.Err.,z,P>|z|,P>|z| (adj)
Decreasing 4 to 1 - Increasing 1 to 4,7.500096116225307,2.84045157369364,2.6404590684404456,0.00827937930944267,0.008279379309442668
