{
  "analysis_id": "ratio_within_large_ACC1",
  "date_analyzed": "2025-11-03T02:37:50.414342",
  "baseline_ms": [
    -100,
    0
  ],
  "response_filter": "ACC1",
  "fal_fraction": 0.5,
  "n_subjects_total": 24,
  "n_evokeds_included": 67,
  "conditions": [
    "Large Ratio 0.67 (4:6)",
    "Large Ratio 0.8 (4:5)",
    "Large Ratio 0.83 (5:6)"
  ],
  "components": {
    "P1": {
      "collapsed_peak_latency_ms": 108.0,
      "peak_gfp_amplitude": 0.7282862709072652,
      "fwhm_ms": 24.934126105553588,
      "window_start_ms": 93.7184861155873,
      "window_end_ms": 118.65261222114088,
      "search_range_ms": [
        60.0,
        120.0
      ],
      "method": "GFP_collapsed_localizer",
      "n_subjects": 67,
      "n_conditions": 3
    },
    "N1": {
      "collapsed_peak_latency_ms": 172.0,
      "peak_gfp_amplitude": -4.1447589252804296,
      "fwhm_ms": 68.74351349251322,
      "window_start_ms": 138.30708505576973,
      "window_end_ms": 207.05059854828295,
      "search_range_ms": [
        125.0,
        200.0
      ],
      "method": "GFP_collapsed_localizer",
      "n_subjects": 67,
      "n_conditions": 3
    },
    "P3b": {
      "collapsed_peak_latency_ms": 524.0,
      "peak_gfp_amplitude": 2.410732407418068,
      "fwhm_ms": 39.795584927414325,
      "window_start_ms": 503.15558630506735,
      "window_end_ms": 542.9511712324817,
      "search_range_ms": [
        320.0,
        590.0
      ],
      "method": "GFP_collapsed_localizer",
      "n_subjects": 67,
      "n_conditions": 3
    },
    "Fz": {
      "collapsed_peak_latency_ms": 104.0,
      "peak_gfp_amplitude": -1.047064917325007,
      "fwhm_ms": 28.29358734789804,
      "window_start_ms": 87.92665857607156,
      "window_end_ms": 116.2202459239696,
      "search_range_ms": [
        80.0,
        120.0
      ],
      "method": "GFP_collapsed_localizer",
      "n_subjects": 67,
      "n_conditions": 3
    }
  }
}