Source,SS,DF,MS,F,p-unc,ng2,eps
condition,1775.8761441753993,4,443.9690360438498,4.350657621565419,0.0056755287906645295,0.1683592629084842,0.5303163170699247
Error,3673.6711292459186,36,102.04642025683107,,,,
