Source,SS,DF,MS,F,p-unc,ng2,eps
condition,82.13333333333352,4,20.53333333333338,0.6660398646107571,0.6171751842319059,0.011775725946741629,0.8120455683024915
Error,2836.2666666666682,92,30.828985507246394,,,,
