Source,SS,DF,MS,F,p-unc,ng2,eps
condition,3.1522125296067176,4,0.7880531324016794,0.7496973370587462,0.5608331468754459,0.00893643679787821,0.8421305956197118
Error,92.50223019788268,88,1.0511617067941215,,,,
