condition,count,mean,std,min,25%,50%,75%,max,sem
Ratio 0.5 (1:2),24.0,172.83333333333334,15.55821233350711,144.0,164.0,172.0,180.0,204.0,3.175806793914035
Ratio 0.67 (2:3),24.0,174.5,19.836286468731117,144.0,159.0,172.0,196.0,204.0,4.049065020005469
Ratio 0.75 (3:4),24.0,172.33333333333334,18.53473042383023,144.0,160.0,170.0,181.0,204.0,3.78338600486862
Ratio 0.8 (4:5),24.0,172.0,21.198851486526955,144.0,150.0,174.0,185.0,204.0,4.327197439585978
Ratio 0.83 (5:6),24.0,175.5,18.05547008526779,144.0,160.0,174.0,189.0,204.0,3.6855573979159972
