condition,count,mean,std,min,25%,50%,75%,max,sem
Ratio 0.5 (1:2),24.0,-0.9433515540842802,1.1830143424198183,-4.194984922209232,-1.3513398724412762,-0.6568422756998247,-0.2739619689787716,0.887298421694988,0.2414817914435609
Ratio 0.67 (2:3),24.0,-1.030520898007709,1.3523953930483306,-3.857423763660983,-1.8214325741394695,-0.9407819307542242,-0.169935607342969,1.4596644995178092,0.27605655362159254
Ratio 0.75 (3:4),24.0,-0.9801712618007551,1.6327229242832368,-5.601362357902534,-1.8056853406290048,-0.795582349543856,0.03966119089146688,1.9780912699805744,0.33327817131989534
Ratio 0.8 (4:5),24.0,-1.3648767827316497,2.2578565474220462,-8.22173681429788,-2.1799037726733754,-0.7148557999481151,-0.032932788113952005,2.178837813015126,0.4608830377988453
Ratio 0.83 (5:6),24.0,-1.1969704747431298,1.2856684118042756,-4.38779048899115,-1.7167618004447622,-1.0578353540948695,-0.30293559004118237,0.8237911025007791,0.26243596561124266
