condition,count,mean,std,min,25%,50%,75%,max,sem
Ratio 0.5 (1:2),15.0,105.6,7.375635565834308,92.0,102.0,108.0,112.0,112.0,1.904380914278093
Ratio 0.67 (2:3),13.0,106.15384615384616,6.65640235470275,92.0,100.0,108.0,112.0,112.0,1.8461538461538463
Ratio 0.75 (3:4),14.0,104.28571428571429,7.760140476807118,92.0,100.0,104.0,112.0,112.0,2.073984781246343
Ratio 0.8 (4:5),12.0,103.0,8.883078909313532,92.0,92.0,106.0,112.0,112.0,2.564323999762427
Ratio 0.83 (5:6),13.0,103.07692307692308,7.510676161988108,92.0,96.0,108.0,108.0,112.0,2.0830867704194764
