Source,SS,DF,MS,F,p-unc,ng2,eps
condition,2056.0,4,514.0,1.2065727699530517,0.3174486574306765,0.02806481114948334,0.6798883627108123
Error,25560.0,60,426.0,,,,
