Source,SS,DF,MS,F,p-unc,ng2,eps
condition,254.13333333333412,4,63.53333333333353,1.2821877742029875,0.282751150572778,0.020429600411593273,0.8206454719420803
Error,4558.666666666666,92,49.55072463768115,,,,
