condition,count,mean,std,min,25%,50%,75%,max,sem
a,24.0,467.3333333333333,10.72448100159738,452.0,459.0,470.0,476.0,484.0,2.189125517507155
b,24.0,462.0,11.001976107085015,452.0,452.0,458.0,469.0,484.0,2.245768968720862
c,24.0,466.6666666666667,12.849180879548793,452.0,452.0,466.0,480.0,484.0,2.6228280639683774
d,24.0,471.5,10.701483034160956,452.0,467.0,472.0,480.0,484.0,2.1844310770621225
e,24.0,465.1666666666667,11.645736919825945,452.0,452.0,464.0,476.0,484.0,2.3771760943554185
