condition,count,mean,std,min,25%,50%,75%,max,sem
a,24.0,102.83333333333333,10.647174218569909,88.0,95.0,102.0,109.0,120.0,2.173345336501041
b,24.0,105.66666666666667,10.805259052350657,88.0,96.0,104.0,116.0,120.0,2.205614268070668
c,24.0,107.0,8.277785883340712,88.0,100.0,108.0,112.0,120.0,1.6896959678498729
d,24.0,105.33333333333333,10.91734426484305,88.0,95.0,108.0,112.0,120.0,2.2284935662638183
e,24.0,103.83333333333333,10.581635719148228,88.0,96.0,104.0,112.0,120.0,2.159967346326806
