{
  "analysis_id": "prime_12_ACC1",
  "date_analyzed": "2026-02-23T12:03:37.192015",
  "baseline_ms": [
    -100,
    0
  ],
  "response_filter": "ACC1",
  "fal_fraction": 0.5,
  "n_subjects_total": 24,
  "n_evokeds_included": 95,
  "conditions": [
    "1a",
    "1b",
    "1c",
    "1d",
    "1e"
  ],
  "components": {
    "P1": {
      "collapsed_peak_latency_ms": 84.0,
      "peak_gfp_amplitude": 0.699629024655096,
      "fwhm_ms": 120.17980708100794,
      "window_start_ms": 6.035267824704761,
      "window_end_ms": 126.2150749057127,
      "search_range_ms": [
        60.0,
        120.0
      ],
      "method": "GFP_collapsed_localizer",
      "n_subjects": 95,
      "n_conditions": 5
    },
    "N1": {
      "collapsed_peak_latency_ms": 164.0,
      "peak_gfp_amplitude": -3.6007763461893263,
      "fwhm_ms": 73.92529342572914,
      "window_start_ms": 135.99644604912385,
      "window_end_ms": 209.92173947485298,
      "search_range_ms": [
        125.0,
        200.0
      ],
      "method": "GFP_collapsed_localizer",
      "n_subjects": 95,
      "n_conditions": 5
    },
    "P3b": {
      "collapsed_peak_latency_ms": 456.0,
      "peak_gfp_amplitude": 2.3603142289621304,
      "fwhm_ms": 27.497238508582313,
      "window_start_ms": 444.5881334575505,
      "window_end_ms": 472.0853719661328,
      "search_range_ms": [
        320.0,
        590.0
      ],
      "method": "GFP_collapsed_localizer",
      "n_subjects": 95,
      "n_conditions": 5
    },
    "Fz": {
      "collapsed_peak_latency_ms": 104.0,
      "peak_gfp_amplitude": -0.8300151031985933,
      "fwhm_ms": 99.07160478027615,
      "window_start_ms": 28.642473625062934,
      "window_end_ms": 127.71407840533908,
      "search_range_ms": [
        80.0,
        120.0
      ],
      "method": "GFP_collapsed_localizer",
      "n_subjects": 95,
      "n_conditions": 5
    }
  }
}