analysis_id,component,condition,n_subjects,peak_latency_ms,window_start_ms,window_end_ms,fwhm_ms,mean_amplitude_roi,roi_channels
cardinality_within_small,P1,Cardinality1,24,112.0,98.28791551155996,124.78992795100152,26.502012439441557,2.2106954130054143e-06,E71;E75;E76;E70;E83;E74;E81;E82
cardinality_within_small,P1,Cardinality2,24,112.0,98.28791551155996,124.78992795100152,26.502012439441557,8.450754710245004e-07,E71;E75;E76;E70;E83;E74;E81;E82
cardinality_within_small,P1,Cardinality3,24,112.0,98.28791551155996,124.78992795100152,26.502012439441557,8.921610906088612e-07,E71;E75;E76;E70;E83;E74;E81;E82
cardinality_within_small,N1,Cardinality1,24,180.0,149.0109994548518,207.04623460897847,58.03523515412667,-9.765819233190448e-07,E66;E65;E59;E60;E67;E71;E70;E84;E76;E77;E85;E91;E90;E83
cardinality_within_small,N1,Cardinality2,24,180.0,149.0109994548518,207.04623460897847,58.03523515412667,-2.6864617560449154e-06,E66;E65;E59;E60;E67;E71;E70;E84;E76;E77;E85;E91;E90;E83
cardinality_within_small,N1,Cardinality3,24,180.0,149.0109994548518,207.04623460897847,58.03523515412667,-2.7525799016064675e-06,E66;E65;E59;E60;E67;E71;E70;E84;E76;E77;E85;E91;E90;E83
