Source,SS,DF,MS,F,p-unc,ng2,eps
condition,4.0,1,4.0,1.0,0.5000000000000001,0.012048192771084338,1.0
Error,4.0,1,4.0,,,,
