Source,SS,DF,MS,F,p-unc,ng2,eps
condition,4.181102522401224,1,4.181102522401224,5.408705260544974,0.035573995167672574,0.04876032283157665,1.0
Error,10.822448718109513,14,0.7730320512935366,,,,
