Source,SS,DF,MS,F,p-unc,ng2,eps
condition,0.35604575927014215,1,0.35604575927014215,0.136282790933066,0.7153815852145513,0.002263055740134453,1.0
Error,60.08867595935311,23,2.6125511286675267,,,,
