Source,SS,DF,MS,F,p-unc,ng2,eps
condition,769.4545454545474,1,769.4545454545474,4.262854950115132,0.05152250729876226,0.04502894109635694,1.0
Error,3790.5454545454522,21,180.5021645021644,,,,
