Source,SS,DF,MS,F,p-unc,ng2,eps
condition,5.621427473165545,1,5.621427473165545,1.9414370219072845,0.17808640260509376,0.016755706241479918,1.0
Error,60.80546296603694,21,2.8954982364779496,,,,
