Source,SS,DF,MS,F,p-unc,ng2,eps
condition,20.128554174560524,1,20.128554174560524,13.631232893884643,0.020980998325937104,0.3051943688354673,1.0
Error,5.9065982750806825,4,1.4766495687701706,,,,
