Source,SS,DF,MS,F,p-unc,ng2,eps
condition,5.092728732292644,1,5.092728732292644,2.496655814965816,0.12903380685089338,0.026406811359472007,1.0
Error,42.836222252609474,21,2.0398201072671176,,,,
