condition,count,mean,std,min,25%,50%,75%,max,sem
Large_Decreasing,18.0,5.180105143013858,2.34317172606563,1.9655849457251755,3.824895095848559,4.703224592586609,6.381576947074234,9.667385936832188,0.5522908723285315
Large_Increasing,15.0,5.948174964204711,2.701231266266687,1.0799711918144597,3.476870507625196,6.103806238815111,8.193233404506625,10.58224982512212,0.6974549139003766
