condition,count,mean,std,min,25%,50%,75%,max,sem
Large_Decreasing,13.0,498.1107463682692,10.171038704650693,479.84540503696513,492.0552146536213,493.8414579109603,506.9368115900448,512.7108720141727,2.8209385826420705
Large_Increasing,11.0,501.6323933910877,16.53335042016758,471.4288536661799,496.3147372943479,506.52956041009554,512.8079874650216,520.237010387493,4.98499271556006
