condition,count,mean,std,min,25%,50%,75%,max,sem
Large_Decreasing,24.0,-1.7010426840886188,1.8130110465261762,-7.586696016311614,-2.3405630891150153,-1.377302599426068,-0.5945050022710962,1.0353462565257936,0.3700793301682053
Large_Increasing,24.0,-1.8732938958091134,1.8809386224378157,-5.597977821580583,-2.9845059912762903,-1.5437818913307924,-0.7930783152956505,2.602655931416504,0.3839449885388459
