condition,count,mean,std,min,25%,50%,75%,max,sem
Large_Decreasing,14.0,2.877365908618028,1.7911350573058897,0.2200475204783937,1.7096641656862874,2.6255510053701445,3.7071564304058264,6.220869981430313,0.47870097984845356
Large_Increasing,12.0,3.591712351642272,1.5973791574111378,1.5921070535974822,2.3615224209068315,3.157535712648656,4.680430557545224,6.451797000885251,0.4611236432646091
