condition,count,mean,std,min,25%,50%,75%,max,sem
Large_Decreasing,24.0,-3.6316776808274747,1.9073578612092326,-8.124834098870542,-5.0182894602168275,-3.535593709565738,-2.254421146949708,-0.374985657340527,0.38933779307073973
Large_Increasing,22.0,-4.499490671236833,2.35248522123892,-10.9114745552586,-5.695751269758524,-3.9031911641990273,-2.739937639746041,-2.110772751298043,0.5015515343841244
