condition,count,mean,std,min,25%,50%,75%,max,sem
Large_Decreasing,18.0,3.5216097487147544,2.0726126822058735,0.916437967233845,1.8053391423701934,3.1467269949378522,4.972747246210738,7.164880654221634,0.4885194941203374
Large_Increasing,15.0,4.219801503345026,2.3024155495860965,0.4737687128108516,2.396294539601823,4.620382783323806,5.803887261978197,7.842170957644199,0.5944811386397298
