condition,count,mean,std,min,25%,50%,75%,max,sem
Large_Decreasing,19.0,172.78016460293082,8.811977008962623,157.85671221480158,166.50847526134925,172.66419469285603,176.3876842396804,191.0369519644903,2.021606172361681
Large_Increasing,14.0,169.68190347901825,8.024130346764062,153.55365177252568,165.54350056881827,169.95781677309714,173.74418676159803,184.12453373642356,2.144539041743338
