Contrast,Coef,Std.Err.,z,P>|z|,P>|z| (adj)
Large_Decreasing - Large_Increasing,-7.420250358943083,10.418914659372836,-0.7121903385846279,0.4763469188600309,0.476346918860031
