Contrast,Coef,Std.Err.,z,P>|z|,P>|z| (adj)
Large_Decreasing - Large_Increasing,0.5550262514417516,0.3259727940909466,1.7026766083027742,0.08862860474007284,0.08862860474007284
