Contrast,Coef,Std.Err.,z,P>|z|,P>|z| (adj)
Large_Decreasing - Large_Increasing,0.1543133372608311,0.4914845403404832,0.3139739393510287,0.753540832020136,0.753540832020136
