Contrast,Coef,Std.Err.,z,P>|z|,P>|z| (adj)
Large_Decreasing - Large_Increasing,0.21659573914379746,0.3277523158477368,0.6608518953819411,0.5087072982816598,0.5087072982816598
