Contrast,Coef,Std.Err.,z,P>|z|,P>|z| (adj)
Large_Decreasing - Large_Increasing,-0.7985209246960631,0.4690463095929231,-1.7024351505698554,0.08867382543477609,0.0886738254347761
