Contrast,Coef,Std.Err.,z,P>|z|,P>|z| (adj)
Large_Decreasing - Large_Increasing,-17.646707283774877,8.075298128890044,-2.1852700670755834,0.028869050757769132,0.028869050757769132
