Contrast,Coef,Std.Err.,z,P>|z|,P>|z| (adj)
Large_Decreasing - Large_Increasing,0.5662036104451633,0.43157386787995644,1.3119506359978554,0.18953679088522524,0.18953679088522526
