Contrast,Coef,Std.Err.,z,P>|z|,P>|z| (adj)
Large_Decreasing - Large_Increasing,-0.7985209246960633,0.469046309592923,-1.7024351505698563,0.08867382543477587,0.08867382543477587
