Contrast,Coef,Std.Err.,z,P>|z|,P>|z| (adj)
Large_Decreasing - Large_Increasing,-0.452936782654618,0.5107043558372142,-0.8868864686147117,0.37514002749242104,0.37514002749242104
