{
  "analysis_id": "decrease_by_2_ACC0_ACC1",
  "date_analyzed": "2025-11-03T15:06:18.500394",
  "baseline_ms": [
    -100,
    0
  ],
  "response_filter": "MIXED",
  "fal_fraction": 0.5,
  "n_subjects_total": 24,
  "n_evokeds_included": 44,
  "conditions": [
    "Decrease by 2 (Incorrect)",
    "Decrease by 2 (Correct)"
  ],
  "components": {
    "P1": {
      "collapsed_peak_latency_ms": 116.0,
      "peak_gfp_amplitude": 1.1039376373878336,
      "fwhm_ms": 28.389482505455334,
      "window_start_ms": 100.6073096155396,
      "window_end_ms": 128.99679212099494,
      "search_range_ms": [
        60.0,
        120.0
      ],
      "method": "GFP_collapsed_localizer",
      "n_subjects": 44,
      "n_conditions": 2
    },
    "N1": {
      "collapsed_peak_latency_ms": 180.0,
      "peak_gfp_amplitude": -3.4745332524890387,
      "fwhm_ms": 65.8258119835804,
      "window_start_ms": 143.60653393255987,
      "window_end_ms": 209.43234591614026,
      "search_range_ms": [
        125.0,
        200.0
      ],
      "method": "GFP_collapsed_localizer",
      "n_subjects": 44,
      "n_conditions": 2
    },
    "P3b": {
      "collapsed_peak_latency_ms": 456.0,
      "peak_gfp_amplitude": 2.686486545790443,
      "fwhm_ms": 89.89217010790242,
      "window_start_ms": 419.23909064358236,
      "window_end_ms": 509.1312607514848,
      "search_range_ms": [
        320.0,
        590.0
      ],
      "method": "GFP_collapsed_localizer",
      "n_subjects": 44,
      "n_conditions": 2
    },
    "Fz": {
      "collapsed_peak_latency_ms": 112.0,
      "peak_gfp_amplitude": -0.986133608352607,
      "fwhm_ms": 31.96475839387446,
      "window_start_ms": 93.08744430607999,
      "window_end_ms": 125.05220269995445,
      "search_range_ms": [
        80.0,
        120.0
      ],
      "method": "GFP_collapsed_localizer",
      "n_subjects": 44,
      "n_conditions": 2
    }
  }
}