Source,SS,DF,MS,F,p-unc,ng2,eps
condition,6519.619047619042,2,3259.809523809521,1.2893172150813046,0.2924922567027961,0.058486806806259416,0.9754101040064802
Error,65736.38095238098,26,2528.322344322345,,,,
