Source,SS,DF,MS,F,p-unc,ng2,eps
condition,8.223058921699476,2,4.111529460849738,1.2036152930331576,0.3093817393798154,0.008092447543825433,0.8948008787069816
Error,157.13522110746203,46,3.4159830675535225,,,,
