condition,count,mean,std,min,25%,50%,75%,max,sem
1 to 2,12.0,92.66666666666667,8.835191342614266,80.0,87.0,92.0,101.0,104.0,2.550500050000098
1 to 3,9.0,97.33333333333333,8.717797887081348,80.0,92.0,100.0,104.0,104.0,2.9059326290271157
1 to 4,13.0,95.07692307692308,9.402672833309495,80.0,88.0,96.0,104.0,104.0,2.607832232839204
