condition,count,mean,std,min,25%,50%,75%,max,sem
1 to 2,2.0,2.138015494749304,1.3876780425576691,1.1567789407531015,1.6473972177512026,2.138015494749304,2.628633771747405,3.119252048745506,0.9812365539962025
1 to 3,2.0,1.0761946374831248,0.1490185395781177,0.9708226176249218,1.0235086275540233,1.0761946374831248,1.1288806474122262,1.1815666573413277,0.10537201985820291
1 to 4,4.0,2.3779875908548047,1.2849921205633417,0.9078425528970648,1.7514651449536969,2.3012324828405255,2.927754928741633,4.001642844841101,0.6424960602816708
