condition,count,mean,std,min,25%,50%,75%,max,sem
1 to 2,24.0,4.334755554405787,3.8059897877425244,-3.511377206593195,1.9015889841398042,4.6186338434467125,6.061914451455412,11.994213510809589,0.7768944121844031
1 to 3,24.0,5.07641004103131,3.9465510099712056,-1.0726013030976989,2.3278745045687304,4.367862582879157,6.63495707167007,15.567573757001798,0.8055863515245885
1 to 4,24.0,5.024020624393381,3.709669616360758,-1.2680751165712234,2.9232398145915073,3.8503860149335773,7.298119160615129,13.02436466029466,0.7572331395325069
