condition,count,mean,std,min,25%,50%,75%,max,sem
1 to 2,3.0,-3.439034884574662,0.6365541647325025,-3.933852537378767,-3.7980942544333773,-3.662335971487987,-3.1916260581726092,-2.720916144857231,0.36751471836208777
1 to 3,4.0,-2.873486205635822,1.159352888730644,-4.07198957474043,-3.7437232905611824,-2.874508310737741,-2.00427122581238,-1.6729386263273769,0.579676444365322
1 to 4,5.0,-5.708007296243471,2.5095749761050183,-10.138767544698206,-5.195493417630016,-4.735862667748263,-4.314757659328691,-4.155155191812181,1.122316048240646
