condition,count,mean,std,min,25%,50%,75%,max,sem
1 to 2,3.0,161.00111060874912,7.988804377326477,153.9427202303424,156.66477530742546,159.38683038450853,164.53030579795245,169.6737812113964,4.612338357752699
1 to 3,4.0,177.96988219456838,13.967112799195078,169.40584642760544,169.63669188462234,171.89996549306517,180.23315580301121,198.6737513645377,6.983556399597539
1 to 4,5.0,173.40005518224115,1.9600961480206474,171.20922378810707,172.04092257684778,173.0604820479963,174.6232405833118,176.06640691494286,0.8765816458819333
