condition,count,mean,std,min,25%,50%,75%,max,sem
1 to 2,21.0,-3.160663436529891,1.693759511325822,-7.075725711787159,-4.068698070587014,-3.1485330702888543,-2.377595386947071,0.0148628293010499,0.3696086271286663
1 to 3,24.0,-4.066507149552478,1.685563193540233,-8.325204853024744,-4.720856984825689,-3.9700987156179877,-3.248833640685666,-1.0674027054569637,0.34406414611580494
1 to 4,21.0,-4.322813650887282,2.2861392974808346,-9.43517687485012,-4.856567375562363,-4.010046539861662,-2.80408087206605,-0.9067504864854546,0.4988764942818615
