condition,count,mean,std,min,25%,50%,75%,max,sem
1 to 2,15.0,6.044898199456883,3.0888519461471686,1.6949275706123674,4.6186338434467125,5.112016919608686,8.633368509266575,11.994213510809589,0.7975381430885569
1 to 3,19.0,6.205803697655461,3.6002330029040364,1.7081574839963198,3.789302260911176,4.745177727906791,7.928461217164269,15.567573757001798,0.8259500964662457
1 to 4,20.0,6.04912478596327,3.1284909240569854,2.268592796480553,3.507163606935513,5.736452388152431,7.776826149121805,13.02436466029466,0.6995518373182551
