condition,count,mean,std,min,25%,50%,75%,max,sem
1 to 2,10.0,2.809928494048302,1.388240621591091,0.6047214467671006,1.929064637438395,2.9572332587505565,4.067872565440318,4.450815870301911,0.43900023045957715
1 to 3,10.0,2.5989818813969943,1.929367434945766,0.928594475934567,1.455230020999328,1.9556160794531674,2.9316687928506333,7.468012305548097,0.6101195537785363
1 to 4,15.0,2.5357819293917956,1.167361928554207,0.7442177133205994,1.4226693817388358,2.4774082545217606,3.6417632107260496,4.280584900946898,0.3014115538858011
