condition,count,mean,std,min,25%,50%,75%,max,sem
1 to 2,12.0,-2.103852745075403,1.3367007710042105,-5.075034299780424,-2.9551208105588627,-1.826042613268545,-1.1335869382115313,-0.5477835813385513,0.38587227498263055
1 to 3,9.0,-2.297321630721099,1.8857975565818308,-5.857562979053741,-3.631913646111755,-1.2996933135901856,-0.9783922922859316,-0.2700344536055403,0.6285991855272769
1 to 4,13.0,-2.733301966620707,1.0826911648521553,-4.332913208475812,-3.777541956517015,-2.628540511686265,-2.199672797230974,-0.8902545052754864,0.30028450079740626
