Contrast,Coef,Std.Err.,z,P>|z|,P>|z| (adj)
1 to 2 - 1 to 3,0.4288795998897837,3.107429778116946,0.13801747119437016,0.8902266096745437,0.9685477835289006
1 to 2 - 1 to 4,-0.6803252310294277,2.8001795407362726,-0.2429577179363808,0.8080381523409319,0.9685477835289006
1 to 3 - 1 to 4,-1.1092048309192113,2.728365421260816,-0.40654555371348755,0.6843417929706768,0.9685477835289006
