Contrast,Coef,Std.Err.,z,P>|z|,P>|z| (adj)
1 to 2 - 1 to 3,-0.1636106260377253,0.4395752650078028,-0.3722016206594816,0.709742739531706,0.975546035587658
1 to 2 - 1 to 4,-0.15636536071470214,0.42675573056599164,-0.366404829543402,0.714063016489324,0.975546035587658
1 to 3 - 1 to 4,0.0072452653230231645,0.3887675287798962,0.01863649812977341,0.9851310865893153,0.9851310865893153
