Contrast,Coef,Std.Err.,z,P>|z|,P>|z| (adj)
1 to 2 - 1 to 3,0.10558864386180691,0.38176911813506964,0.2765772265122024,0.7821047533984615,0.9894584612263553
1 to 2 - 1 to 4,0.11590752041332211,0.4163936082284928,0.27836046981230017,0.7807356612850176,0.9894584612263553
1 to 3 - 1 to 4,0.0103188765515152,0.3993636405402448,0.025838297491369504,0.9793863150562596,0.9894584612263553
