Contrast,Coef,Std.Err.,z,P>|z|,P>|z| (adj)
1 to 2 - 1 to 3,-4.5635775480714384,3.5362088692315643,-1.2905282795309334,0.19686729956551918,0.4819616312732343
1 to 2 - 1 to 4,-1.7277949107284825,3.383513300979396,-0.5106511359740636,0.6095953622749335,0.6750392751226912
1 to 3 - 1 to 4,2.835782637342956,3.5928600296150273,0.7892828036629105,0.42994673505249636,0.6750392751226912
