Contrast,Coef,Std.Err.,z,P>|z|,P>|z| (adj)
1 to 2 - 1 to 3,0.43490613696951375,0.35554756972623686,1.2232009834981605,0.2212537942185786,0.34926459928628517
1 to 2 - 1 to 4,0.8938059759201626,0.3587294754535814,2.4915877759696907,0.012717353950635335,0.03766892536892428
1 to 3 - 1 to 4,0.4588998389506489,0.3527759319746897,1.3008252472948556,0.1933182779350242,0.34926459928628517
