Contrast,Coef,Std.Err.,z,P>|z|,P>|z| (adj)
1 to 2 - 1 to 3,-0.8400115345776767,2.2938763449656223,-0.3661973917736467,0.7142177882908478,0.9535075116568684
1 to 2 - 1 to 4,-1.0741726363360409,2.299612957623081,-0.46711018598813425,0.6404210469269054,0.9535075116568684
1 to 3 - 1 to 4,-0.23416110175836413,2.275031290561782,-0.10292654115563477,0.9180212727701969,0.9535075116568684
