Contrast,Coef,Std.Err.,z,P>|z|,P>|z| (adj)
1 to 2 - 1 to 3,0.4288795998897574,3.1074297781169458,0.13801747119436172,0.8902266096745504,0.9685477835288994
1 to 2 - 1 to 4,-0.6803252310294687,2.800179540736272,-0.2429577179363955,0.8080381523409204,0.9685477835288994
1 to 3 - 1 to 4,-1.1092048309192262,2.7283654212608157,-0.4065455537134931,0.6843417929706728,0.9685477835288994
