Contrast,Coef,Std.Err.,z,P>|z|,P>|z| (adj)
1 to 2 - 1 to 3,0.1038480457915579,0.5018843378941645,0.20691629116638618,0.8360752333286974,0.8360752333286974
1 to 2 - 1 to 4,-0.6040249741595127,0.501746027353761,-1.2038460520458472,0.2286490863756736,0.405017768050917
1 to 3 - 1 to 4,-0.7078730199510707,0.5011232537073755,-1.4125726848916573,0.1577814051986195,0.40258726375366305
