Contrast,Coef,Std.Err.,z,P>|z|,P>|z| (adj)
1 to 2 - 1 to 3,3.454268084255448,4.826028063795007,0.7157579770763168,0.4741408045697302,0.8466008281684585
1 to 2 - 1 to 4,0.0037300925275980464,4.613335334433278,0.0008085457174025844,0.9993548739256726,0.9993548739256726
1 to 3 - 1 to 4,-3.45053799172785,4.7193256849921275,-0.7311506393171519,0.4646871462339459,0.8466008281684585
