Contrast,Coef,Std.Err.,z,P>|z|,P>|z| (adj)
1 to 2 - 1 to 3,-0.6167523849214395,0.5333864860008491,-1.1562954838725659,0.24756031496243058,0.5739946248360066
1 to 2 - 1 to 4,-0.5988788225455727,0.5313510524355075,-1.1270869226673101,0.2597057318747993,0.5739946248360066
1 to 3 - 1 to 4,0.01787356237586679,0.5294324496933923,0.0337598543236589,0.9730686492920326,0.9730686492920326
