Contrast,A,B,Paired,Parametric,T,dof,alternative,p-unc,p-corr,p-adjust,BF10,cohen,ci_lower,ci_upper
condition,1 to 2,1 to 3,True,True,-0.8655029148054855,23.0,two-sided,0.39570124742570556,0.39570124742570556,fdr_bh,0.301,-0.14689276484613448,-0.6022152031732118,0.2488751178123818
condition,1 to 2,1 to 4,True,True,-2.7029395762652886,23.0,two-sided,0.01269398412358631,0.03808195237075893,fdr_bh,3.966,-0.6322519409992575,-1.0049959027494586,-0.0984745584879636
condition,1 to 3,1 to 4,True,True,-1.740479328427352,23.0,two-sided,0.09513941140183756,0.14270911710275636,fdr_bh,0.792,-0.4569740558280036,-0.7906574353595897,0.0801097249414307
