Contrast,A,B,Paired,Parametric,T,dof,alternative,p-unc,p-corr,p-adjust,BF10,cohen,ci_lower,ci_upper
condition,1 to 2,1 to 3,True,True,-1.3353737790524751,13.0,two-sided,0.20466590707749208,0.30699886061623816,fdr_bh,0.565,-0.5214906957215745,-0.9523784565031246,0.23859114728942066
condition,1 to 2,1 to 4,True,True,-1.3417267078747197,13.0,two-sided,0.20265197669381366,0.30699886061623816,fdr_bh,0.569,-0.4926207429182207,-0.7628351172255734,0.3561200014961725
condition,1 to 3,1 to 4,True,True,-0.016389377377047657,13.0,two-sided,0.9871726205759591,0.9871726205759591,fdr_bh,0.27,-0.005578522187832239,-0.3906248471045518,0.5753990665476788
