Contrast,A,B,Paired,Parametric,T,dof,alternative,p-unc,p-corr,p-adjust,BF10,cohen,ci_lower,ci_upper
condition,1 to 2,1 to 3,True,True,-0.42059991527190316,23.0,two-sided,0.6779511448619568,0.7706463516328379,fdr_bh,0.233,-0.12499497554093122,-0.5088949754161122,0.3371857790371121
condition,1 to 2,1 to 4,True,True,-0.687743774863067,23.0,two-sided,0.49849183254233775,0.7706463516328379,fdr_bh,0.266,-0.18165767856362217,-0.5647234639452683,0.2839532435802573
condition,1 to 3,1 to 4,True,True,-0.2949920461845991,23.0,two-sided,0.7706463516328379,0.7706463516328379,fdr_bh,0.223,-0.06884993299108695,-0.48286055759468655,0.362430559039387
