Contrast,A,B,Paired,Parametric,T,dof,alternative,p-unc,p-corr,p-adjust,BF10,cohen,ci_lower,ci_upper
condition,1 to 2,1 to 3,True,True,-1.049436893786076,1.0,two-sided,0.4846463182691667,0.7269694774037501,fdr_bh,0.746,-1.0526820850008607,-1.0650193555755874,1.440042336005093
condition,1 to 2,1 to 4,True,True,-0.02366468106438988,1.0,two-sided,0.9849374074778003,0.9849374074778003,fdr_bh,0.523,-0.015545358476540923,-0.7432123700006608,1.9602497302441806
condition,1 to 3,1 to 4,True,True,3.2903038840262946,1.0,two-sided,0.18783609645152732,0.563508289354582,fdr_bh,1.362,3.3228134128223292,-0.2789304481891979,3.4552784858075354
