Contrast,A,B,Paired,Parametric,T,dof,alternative,p-unc,p-corr,p-adjust,BF10,cohen,ci_lower,ci_upper
condition,1 to 2,1 to 3,True,True,1.5917591310800878,14.0,two-sided,0.1337597159956632,0.2006395739934948,fdr_bh,0.738,0.3201716932247401,-0.07376707328943916,1.0541641826667332
condition,1 to 2,1 to 4,True,True,1.804437153798677,14.0,two-sided,0.09271300350357496,0.2006395739934948,fdr_bh,0.963,0.44592142770420384,-0.11715574383609478,1.0489630832947865
condition,1 to 3,1 to 4,True,True,1.0953348088582726,14.0,two-sided,0.29185607539286695,0.29185607539286695,fdr_bh,0.437,0.22894971359131772,-0.2608359492983609,0.7484099140101799
