Contrast,A,B,Paired,Parametric,T,dof,alternative,p-unc,p-corr,p-adjust,BF10,cohen,ci_lower,ci_upper
condition,1 to 2,1 to 3,True,True,3.2741908343550756,23.0,two-sided,0.0033306697045349365,0.009992009113604811,fdr_bh,12.333,0.5392164398296565,0.20129868927649908,1.13538412150141
condition,1 to 2,1 to 4,True,True,2.022810389416237,23.0,two-sided,0.05486868274628557,0.08230302411942836,fdr_bh,1.209,0.37831239910220305,-0.02698840422512172,0.8527972876368414
condition,1 to 3,1 to 4,True,True,-0.6308161681090378,23.0,two-sided,0.5343794921583722,0.5343794921583722,fdr_bh,0.257,-0.1149079775730666,-0.5527744847075761,0.2952448624800966
