Source,SS,DF,MS,F,p-unc,ng2,eps
condition,1633.3333333333385,1,1633.3333333333385,1.0648550587701764,0.3128400751316906,0.02485795454545462,1.0
Error,35278.66666666666,23,1533.8550724637678,,,,
