Source,SS,DF,MS,F,p-unc,ng2,eps
condition,1152.0,1,1152.0,1.0746268656716418,0.3163262821519074,0.03188839063278525,1.0
Error,16080.0,15,1072.0,,,,
