Source,SS,DF,MS,F,p-unc,ng2,eps
condition,2883.0,1,2883.0,17.03287952735679,0.00041013025498582415,0.20964731547691187,1.0
Error,3893.000000000001,23,169.26086956521743,,,,
