Source,SS,DF,MS,F,p-unc,ng2,eps
condition,68.88309920409,1,68.88309920409,2.1101277010122548,0.16837071464974648,0.031843256126077836,1.0
Error,457.0166006515353,14,32.6440429036811,,,,
