Source,SS,DF,MS,F,p-unc,ng2,eps
condition,25.174120545915603,1,25.174120545915603,0.10701621303354798,0.7480877198403424,0.0028887914757570314,1.0
Error,3528.54766100122,15,235.2365107334147,,,,
