Source,SS,DF,MS,F,p-unc,ng2,eps
condition,339.9687326243443,1,339.9687326243443,14.12290622883105,0.005559851685449921,0.2719724370863027,1.0
Error,192.57720875060056,8,24.07215109382507,,,,
