Source,SS,DF,MS,F,p-unc,ng2,eps
condition,46.605150678964414,1,46.605150678964414,13.592818411167343,0.006158128201689478,0.44216445769712887,1.0
Error,27.429278767191,8,3.428659845898875,,,,
