Source,SS,DF,MS,F,p-unc,ng2,eps
condition,10.442986726836013,1,10.442986726836013,3.5697008051037145,0.07973288858338995,0.0631717530410083,1.0
Error,40.956321596105425,14,2.925451542578959,,,,
