Source,SS,DF,MS,F,p-unc,ng2,eps
condition,22.305322211176787,1,22.305322211176787,3.581834505950706,0.07106768241056008,0.034525258123836736,1.0
Error,143.22895432626848,23,6.227345840272543,,,,
