Source,SS,DF,MS,F,p-unc,ng2,eps
condition,6.467704299800166,1,6.467704299800166,2.8002942112343843,0.11643428872907807,0.05694667015050767,1.0
Error,32.335123871605035,14,2.3096517051146455,,,,
