condition,count,mean,std,min,25%,50%,75%,max,sem
Decreasing 2 to 1,16.0,-5.201577066117922,2.571475755682305,-10.790251464267453,-6.463286129844713,-5.182097295781507,-3.1207900561361095,-1.7218863428183684,0.6428689389205763
Increasing 1 to 2,22.0,-5.797296331273021,2.1251242174103693,-9.869332018855154,-6.811790562908026,-5.64130570382109,-4.723954491060306,-2.3816656169802366,0.45307800549654675
