condition,count,mean,std,min,25%,50%,75%,max,sem
Decreasing 2 to 1,17.0,-3.003669238771561,1.5241864447689855,-6.396220846107042,-3.712127971719797,-3.205908874482391,-1.9951412163991296,-0.4281232369911069,0.36966951205395204
Increasing 1 to 2,10.0,-2.1189999985195724,0.8121416352850389,-3.3542245859860427,-2.6326853041387874,-2.293050038692412,-1.5426336473474425,-0.7264083057254102,0.2568217350154494
