Contrast,Coef,Std.Err.,z,P>|z|,P>|z| (adj)
Decreasing 2 to 1 - Increasing 1 to 2,7.808444882645694,3.6540330042205933,2.136938794375022,0.03260297012007274,0.03260297012007274
