Contrast,Coef,Std.Err.,z,P>|z|,P>|z| (adj)
Decreasing 2 to 1 - Increasing 1 to 2,2.1951595227962515,0.5590807801050316,3.9263727191334645,8.623649238215236e-05,8.623649238215236e-05
