Contrast,Coef,Std.Err.,z,P>|z|,P>|z| (adj)
Decreasing 2 to 1 - Increasing 1 to 2,15.115024057710265,3.816675335218441,3.9602593173792138,7.486841806847444e-05,7.486841806847444e-05
