Contrast,Coef,Std.Err.,z,P>|z|,P>|z| (adj)
Decreasing 2 to 1 - Increasing 1 to 2,1.6897872215877352,0.6500521090241094,2.599464255449502,0.009336940191338128,0.009336940191338128
