Contrast,Coef,Std.Err.,z,P>|z|,P>|z| (adj)
Decreasing 2 to 1 - Increasing 1 to 2,1.0711115668991846,0.5145144149600243,2.081791171939091,0.03736154847471318,0.03736154847471318
