Contrast,Coef,Std.Err.,z,P>|z|,P>|z| (adj)
Decreasing 2 to 1 - Increasing 1 to 2,0.21680936018747513,0.3942339876585873,0.5499509605326961,0.5823530095982181,0.5823530095982181
