Contrast,Coef,Std.Err.,z,P>|z|,P>|z| (adj)
Decreasing 2 to 1 - Increasing 1 to 2,0.4304810698648999,0.4368666444763628,0.9853832406474594,0.32443585867960945,0.32443585867960945
