Source,SS,DF,MS,F,p-unc,ng2,eps
condition,40.0,1,40.0,0.6249999999999998,0.4734273652571376,0.036284470246734396,1.0
Error,256.0000000000001,4,64.00000000000003,,,,
