Source,SS,DF,MS,F,p-unc,ng2,eps
condition,0.1350394520077534,1,0.1350394520077534,0.2972358260688276,0.5908688430515983,0.0017406621193620595,1.0
Error,10.449303629566941,23,0.45431754911160616,,,,
