Source,SS,DF,MS,F,p-unc,ng2,eps
condition,0.14938277768468317,1,0.14938277768468317,0.31426282136307887,0.5874152993935665,0.004713782692964143,1.0
Error,4.753434626366317,10,0.47534346263663174,,,,
