Source,SS,DF,MS,F,p-unc,ng2,eps
condition,1.6089041279990381,1,1.6089041279990381,8.159408796052517,0.04609356777179129,0.16334156735445818,1.0
Error,0.7887356391690625,4,0.19718390979226563,,,,
