condition,count,mean,std,min,25%,50%,75%,max,sem
Acc1 (correct),24.0,1.2004967225127867,1.511768087635391,-0.7155804516506165,0.05882866643724305,0.8450395371900441,1.9219873014150644,4.839181256653864,0.3085883686774859
Acc1 (incorrect),24.0,1.0777763412405827,1.6532412457023742,-1.4655722623172138,0.1395562971131748,0.8055631629996677,1.4945999477709497,5.975778094440064,0.33746645614117077
