condition,count,mean,std,min,25%,50%,75%,max,sem
Acc1 (correct),17.0,108.47058823529412,8.70429238263243,92.0,104.0,112.0,116.0,116.0,2.111100993520748
Acc1 (incorrect),11.0,108.72727272727273,8.911687933168542,92.0,104.0,112.0,116.0,116.0,2.686975011187079
