condition,count,mean,std,min,25%,50%,75%,max,sem
Acc1 (correct),24.0,3.467422714572111,2.9652746927203326,-1.6199934573132655,1.5173261353760426,3.086402899092425,5.7568000270485475,8.84712054107777,0.6052841620294163
Acc1 (incorrect),24.0,1.137885259219318,3.067327781278023,-4.925779956067612,-0.07709293467043668,0.9513719511624781,2.7725554627144673,7.919859782932051,0.6261156614995333
