Contrast,Coef,Std.Err.,z,P>|z|,P>|z| (adj)
Acc1 (correct) - Acc1 (incorrect),1.1968339296411055,2.6127002060586144,0.4580831458832346,0.6468927070929409,0.6468927070929409
