Contrast,Coef,Std.Err.,z,P>|z|,P>|z| (adj)
Acc1 (correct) - Acc1 (incorrect),0.2808294856438823,0.18054531368507498,1.555451536857572,0.11983856812103455,0.11983856812103455
