Contrast,Coef,Std.Err.,z,P>|z|,P>|z| (adj)
Acc1 (correct) - Acc1 (incorrect),-0.8191290634516066,0.3178384371801828,-2.5771869215026437,0.009960806967374225,0.009960806967374227
