Contrast,Coef,Std.Err.,z,P>|z|,P>|z| (adj)
Acc1 (correct) - Acc1 (incorrect),0.16247282675873548,0.2280264072253786,0.7125175927459545,0.476144321273408,0.47614432127340794
