Contrast,Coef,Std.Err.,z,P>|z|,P>|z| (adj)
Acc1 (correct) - Acc1 (incorrect),0.9164878734982658,1.8584538030063658,0.4931453620292796,0.6219098808110282,0.6219098808110282
