{
  "analysis_id": "ratio_within_small",
  "date_analyzed": "2025-11-03T02:38:01.185584",
  "baseline_ms": [
    -100,
    0
  ],
  "response_filter": "ALL",
  "fal_fraction": 0.5,
  "n_subjects_total": 24,
  "n_evokeds_included": 72,
  "conditions": [
    "Small Ratio 0.33 (1:3)",
    "Small Ratio 0.5 (1:2)",
    "Small Ratio 0.67 (2:3)"
  ],
  "components": {
    "P1": {
      "collapsed_peak_latency_ms": 116.0,
      "peak_gfp_amplitude": 0.7097147876296531,
      "fwhm_ms": 33.570113549939265,
      "window_start_ms": 94.22172226103902,
      "window_end_ms": 127.79183581097828,
      "search_range_ms": [
        60.0,
        120.0
      ],
      "method": "GFP_collapsed_localizer",
      "n_subjects": 72,
      "n_conditions": 3
    },
    "N1": {
      "collapsed_peak_latency_ms": 172.0,
      "peak_gfp_amplitude": -3.514355710306483,
      "fwhm_ms": 72.7251698029132,
      "window_start_ms": 141.65164555229515,
      "window_end_ms": 214.37681535520835,
      "search_range_ms": [
        125.0,
        200.0
      ],
      "method": "GFP_collapsed_localizer",
      "n_subjects": 72,
      "n_conditions": 3
    },
    "P3b": {
      "collapsed_peak_latency_ms": 476.0,
      "peak_gfp_amplitude": 3.0412834864765035,
      "fwhm_ms": 115.27800105411222,
      "window_start_ms": 420.6829297709079,
      "window_end_ms": 535.9609308250201,
      "search_range_ms": [
        320.0,
        590.0
      ],
      "method": "GFP_collapsed_localizer",
      "n_subjects": 72,
      "n_conditions": 3
    },
    "Fz": {
      "collapsed_peak_latency_ms": 104.0,
      "peak_gfp_amplitude": -0.28015653583774214,
      "fwhm_ms": 36.404793632188046,
      "window_start_ms": 85.60940201122654,
      "window_end_ms": 122.01419564341458,
      "search_range_ms": [
        80.0,
        120.0
      ],
      "method": "GFP_collapsed_localizer",
      "n_subjects": 72,
      "n_conditions": 3
    }
  }
}