Source,SS,DF,MS,F,p-unc,ng2,eps
condition,251.42857142857142,6,41.904761904761905,2.14285714285714,0.09824879226516003,0.3209336250911743,0.37922543093798977
Error,352.00000000000045,18,19.555555555555582,,,,
