Source,SS,DF,MS,F,p-unc,ng2,eps
condition,9.386503701915192,6,1.564417283652532,1.2930078870620776,0.26438902034233247,0.023708402494639177,0.7822594868138651
Error,166.96695148131337,138,1.2099054455167635,,,,
