Source,SS,DF,MS,F,p-unc,ng2,eps
condition,418.47619047619094,6,69.74603174603182,2.0432251020985825,0.06393210001031945,0.042098203592814416,0.7829385576559864
Error,4710.666666666667,138,34.135265700483096,,,,
