Source,SS,DF,MS,F,p-unc,ng2,eps
condition,108.64065234856747,6,18.106775391427913,7.204303709832902,4.814256653920867e-06,0.18315750819603804,0.5185944829172597
Error,180.95958758699356,72,2.5133276053749105,,,,
