Source,SS,DF,MS,F,p-unc,ng2,eps
condition,3.987783011171006,6,0.6646305018618344,0.3811182439133726,0.8814865808590394,0.03778955416508886,0.26030448313300997
Error,31.390124258213845,18,1.7438957921229914,,,,
