condition,count,mean,std,min,25%,50%,75%,max,sem
"Cardinality (no change, no 1)",16.0,468.25,26.10619339033045,416.0,453.0,464.0,483.0,516.0,6.5265483475826125
Decrease by 1 (no 1),19.0,485.89473684210526,28.138338292645233,440.0,464.0,480.0,512.0,532.0,6.455377529305336
Decrease by 2 (no 1),18.0,478.22222222222223,29.14377252732019,440.0,454.0,474.0,498.0,532.0,6.869253061142105
Decrease by 3 (no 1),18.0,470.0,30.253828148633666,416.0,443.0,474.0,487.0,524.0,7.130895680250439
Increase by 1 (no 1),16.0,491.25,36.60874212534487,416.0,463.0,500.0,528.0,532.0,9.152185531336217
Increase by 2 (no 1),17.0,485.6470588235294,35.044509513742994,416.0,464.0,488.0,504.0,532.0,8.499542019007375
Increase by 3 (no 1),22.0,466.72727272727275,37.995215009739894,416.0,433.0,466.0,496.0,532.0,8.100607058161987
