condition,count,mean,std,min,25%,50%,75%,max,sem
"Cardinality (no change, no 1)",23.0,-5.269227446624211,2.2194837880579072,-10.59737639767298,-5.899873887776561,-4.759146095663905,-3.953519611361667,-1.6464105017420474,0.4627943615760712
Decrease by 1 (no 1),24.0,-5.366734748295992,2.029913697306369,-9.500650411675858,-6.396516141104543,-4.958148629923164,-4.037520277293739,-2.047716081863448,0.4143543983572524
Decrease by 2 (no 1),24.0,-5.490614208583666,2.1700953839588686,-9.975065037386,-7.05400658027985,-4.990304914001846,-3.931015879804629,-1.4682452225873008,0.44296886532236424
Decrease by 3 (no 1),24.0,-6.239815256836795,2.405790473769781,-10.224950790126703,-7.831654526309002,-5.726711614252794,-4.499445268227212,-1.9631152576386748,0.49107992406538
Increase by 1 (no 1),23.0,-5.1906928244707915,2.1775887721752047,-9.39939741631346,-6.828067391112244,-5.189876257108861,-4.025879423951976,-0.9341956583732683,0.4540586468873777
Increase by 2 (no 1),24.0,-5.268319899550735,2.6026441771578326,-10.88764291534686,-6.340320074168436,-4.493816547815838,-3.6698780767294368,-0.4982668437779048,0.5312625180052063
Increase by 3 (no 1),23.0,-6.178160268064674,2.4495307629000234,-13.180502515828008,-6.379469209534209,-5.812897922692441,-4.989457202043433,-2.280187431071299,0.5107624717408777
