condition,count,mean,std,min,25%,50%,75%,max,sem
"Cardinality (no change, no 1)",24.0,173.0,19.246682379275022,140.0,163.0,172.0,186.0,208.0,3.9287125892199932
Decrease by 1 (no 1),24.0,174.0,17.771496474875764,140.0,163.0,170.0,185.0,208.0,3.627591527426298
Decrease by 2 (no 1),24.0,172.83333333333334,16.12900888263851,140.0,164.0,174.0,181.0,208.0,3.2923201516068166
Decrease by 3 (no 1),24.0,175.0,16.980807580529156,148.0,164.0,168.0,184.0,208.0,3.4661928327234164
Increase by 1 (no 1),24.0,170.83333333333334,19.964461178427218,140.0,159.0,170.0,184.0,208.0,4.075228573062535
Increase by 2 (no 1),24.0,168.5,17.507762253652945,140.0,155.0,168.0,178.0,200.0,3.5737570049507825
Increase by 3 (no 1),24.0,170.16666666666666,20.497437096774608,140.0,156.0,168.0,188.0,208.0,4.1840218268244
