condition,count,mean,std,min,25%,50%,75%,max,sem
"Cardinality (no change, no 1)",16.0,2.7589512258199367,1.7662957958516718,0.9740149743099876,1.4983167352669216,2.3223062121729017,3.179371141480631,6.875079410552654,0.44157394896291796
Decrease by 1 (no 1),19.0,4.476681758662942,2.500049532521968,1.072044530529144,2.5853816112913335,3.620855948100529,6.124058302605288,9.463795856755288,0.5735506982162822
Decrease by 2 (no 1),18.0,4.9052430870462755,2.2020258339376504,2.1566852937798595,3.209164654410646,4.2562537348500165,6.079489508939617,8.739050297809035,0.519022466508425
Decrease by 3 (no 1),18.0,5.635430341394822,3.0559542585046797,1.1248317440033042,3.609968996627121,5.050058612909706,7.211995518923575,13.583271195713426,0.7202953263948556
Increase by 1 (no 1),16.0,4.200574957663724,2.607719597589209,0.982350259024492,1.9859490483585125,3.6459744401177256,5.980115766220752,8.977748663822137,0.6519298993973023
Increase by 2 (no 1),17.0,5.495337372444535,2.5558149960416916,1.4929950016027034,3.4570255836692545,6.468557417943206,7.299919552163506,10.746651150775255,0.6198761875422045
Increase by 3 (no 1),22.0,4.2503320199311245,2.320114383335189,0.8428296542070808,2.5938496443690036,3.687112896947354,5.581701613368904,9.398247882248752,0.4946500485540176
