condition,count,mean,std,min,25%,50%,75%,max,sem
"Cardinality (no change, no 1)",24.0,102.66666666666667,9.111228937614465,92.0,92.0,106.0,112.0,112.0,1.8598218189029911
Decrease by 1 (no 1),24.0,104.0,8.826836549877928,92.0,92.0,106.0,112.0,112.0,1.8017704658458042
Decrease by 2 (no 1),24.0,107.33333333333333,7.334650738056678,92.0,104.0,112.0,112.0,112.0,1.497179312480575
Decrease by 3 (no 1),24.0,103.16666666666667,8.825194500463686,92.0,92.0,104.0,112.0,112.0,1.801435283912693
Increase by 1 (no 1),24.0,102.33333333333333,7.905235836025919,92.0,95.0,104.0,112.0,112.0,1.613649507885624
Increase by 2 (no 1),24.0,101.83333333333333,8.084696583087068,92.0,92.0,102.0,109.0,112.0,1.6502817794821651
Increase by 3 (no 1),24.0,100.5,7.939992333804206,92.0,92.0,98.0,108.0,112.0,1.6207441482858727
