{
  "analysis_id": "large_increasing_vs_decreasing_ACC1",
  "date_analyzed": "2025-10-13T19:58:05.299305",
  "baseline_ms": [
    -100,
    0
  ],
  "response_filter": "ACC1",
  "fal_fraction": 0.5,
  "n_subjects_total": 24,
  "n_evokeds_included": 38,
  "conditions": [
    "Large_Increasing",
    "Large_Decreasing"
  ],
  "components": {
    "P1": {
      "peak_latency_ms": 108.0,
      "peak_gfp_amplitude": 0.48130856102083297,
      "fwhm_ms": 21.55483876193881,
      "window_start_ms": 94.92711469216289,
      "window_end_ms": 116.4819534541017,
      "search_range_ms": [
        60.0,
        120.0
      ],
      "method": "GFP_collapsed_localizer",
      "n_subjects": 38,
      "n_conditions": 2
    },
    "N1": {
      "peak_latency_ms": 168.0,
      "peak_gfp_amplitude": -4.235161580936196,
      "fwhm_ms": 68.2766338429926,
      "window_start_ms": 136.93814435353593,
      "window_end_ms": 205.21477819652853,
      "search_range_ms": [
        125.0,
        200.0
      ],
      "method": "GFP_collapsed_localizer",
      "n_subjects": 38,
      "n_conditions": 2
    },
    "P3b": {
      "peak_latency_ms": 472.0,
      "peak_gfp_amplitude": 2.105970937661856,
      "fwhm_ms": 107.76150015453175,
      "window_start_ms": 445.1021025922116,
      "window_end_ms": 552.8636027467434,
      "search_range_ms": [
        320.0,
        590.0
      ],
      "method": "GFP_collapsed_localizer",
      "n_subjects": 38,
      "n_conditions": 2
    }
  }
}