Source,SS,DF,MS,F,p-unc,ng2,eps
condition,281.5999999999997,4,70.39999999999992,1.1139240506329111,0.41366997139764194,0.3203883495145629,0.300906431808685
Error,505.59999999999957,8,63.199999999999946,,,,
