Source,SS,DF,MS,F,p-unc,ng2,eps
condition,96.75884550751275,4,24.189711376878186,4.475277713879746,0.002383349620414353,0.0916622335694184,0.7983473671681419
Error,497.27717226815054,92,5.405186655088593,,,,
