Source,SS,DF,MS,F,p-unc,ng2,eps
condition,54.242871471980614,4,13.560717867995153,2.9559346623600846,0.02397073244393462,0.06638761590844745,0.841610261512113
Error,422.06144125643607,92,4.587624361483001,,,,
