Source,SS,DF,MS,F,p-unc,ng2,eps
condition,4636.533333333326,4,1159.1333333333314,0.9896653360621847,0.417270347748841,0.029422017355047403,0.9111264598739564
Error,107753.86666666665,92,1171.2376811594202,,,,
