condition,count,mean,std,min,25%,50%,75%,max,sem
4 to 1,24.0,3.1384340344367274,3.5712842219675003,-2.6738389994548246,1.0245955084058775,3.380846644659499,4.6268745768033215,13.378663298619712,0.7289853391893996
4 to 2,24.0,0.722411946901682,2.4849177551177837,-5.65669825611629,-0.5162004890662515,1.4401504137457533,2.2063013323124183,4.313469475022755,0.5072317127350677
4 to 3,24.0,0.7116826180909054,2.181721800073462,-2.7344011354265763,-0.7867739160638271,0.27288727081055164,2.3931259718596314,5.301322587884679,0.4453420975738665
4 to 5,24.0,1.6764090058465513,3.5571506302816416,-3.1809478343814392,-0.32427119417288697,1.6531460484120029,2.8470271951997264,13.40624306248212,0.7261003318674665
4 to 6,24.0,1.1991962694417306,2.3122973290836835,-2.145898930444813,-0.9878351237646613,1.4606953455836895,3.0229625812647467,5.38626746128346,0.4719957158212852
