condition,count,mean,std,min,25%,50%,75%,max,sem
4 to 1,18.0,-3.2987496381449692,2.458973083543421,-8.535146583450976,-3.6089815187648218,-2.3290518338679793,-1.7694139243921507,-0.5199686607455757,0.5795855140429159
4 to 2,12.0,-2.3651188815615307,1.3855621788999863,-4.935853422620728,-3.103169174214588,-2.8324487100278333,-1.3347258048698758,-0.2434361793066466,0.39997734848343575
4 to 3,12.0,-2.2642039073778983,1.6565055003415274,-6.080083341708268,-3.136329259937607,-2.1647617941420583,-1.0732165810411154,-0.3041567690338121,0.47819194826813827
4 to 5,14.0,-3.6129259125042443,2.8079481297352507,-10.327670830390304,-4.798038956962591,-2.020048878625433,-1.810789694511741,-1.0297790290601252,0.7504557043787125
4 to 6,13.0,-2.80889267382008,0.9087053539998994,-4.446391563921792,-3.182408445425754,-2.6241448031245214,-2.282271402879422,-1.5817334409526187,0.25202951908733023
