condition,count,mean,std,min,25%,50%,75%,max,sem
4 to 1,18.0,4.487679967432764,3.0188020126563884,1.2601896758489377,2.976859341191256,4.0041795360890875,4.76125656068348,13.378663298619712,0.7115384580696432
4 to 2,14.0,2.409551527399466,1.0340837233756832,1.140830343246557,1.7136747644659622,2.0141241554056406,3.0112029323136724,4.313469475022755,0.276370500150809
4 to 3,11.0,2.684308326195367,1.40911223011976,0.5958151642441026,1.8478712007193718,2.816851327070496,3.6149018485412134,5.301322587884679,0.4248633231643799
4 to 5,13.0,3.7577562927552792,3.347294624906665,1.1398628289208248,2.088474179759658,2.4537216570336238,3.8460644994237216,13.40624306248212,0.928372492629691
4 to 6,12.0,3.069225644015743,1.227078407953157,1.1494144005209372,2.1748471077127323,2.966989766754062,3.915934410958375,5.38626746128346,0.3542270245742663
