condition,count,mean,std,min,25%,50%,75%,max,sem
4 to 1,20.0,182.8,14.630897371478513,144.0,174.0,184.0,192.0,208.0,3.2715681094448947
4 to 2,24.0,174.66666666666666,14.810885147099741,148.0,166.0,176.0,184.0,208.0,3.023259270780046
4 to 3,23.0,175.82608695652175,18.2299757490315,148.0,160.0,176.0,186.0,208.0,3.801212711583984
4 to 5,23.0,168.8695652173913,20.92259402443833,144.0,150.0,164.0,186.0,208.0,4.36266243355981
4 to 6,23.0,172.52173913043478,21.245041272168113,144.0,152.0,172.0,192.0,204.0,4.4298973324845035
