condition,count,mean,std,min,25%,50%,75%,max,sem
4 to 1,18.0,113.33333333333333,5.133511583357984,96.0,112.0,116.0,116.0,116.0,1.20998028396404
4 to 2,14.0,114.0,3.4194016570604413,108.0,113.0,116.0,116.0,116.0,0.9138735334633755
4 to 3,11.0,105.45454545454545,7.216143518024519,96.0,100.0,104.0,110.0,116.0,2.175749134785686
4 to 5,13.0,106.76923076923077,8.063847780411098,96.0,100.0,108.0,116.0,116.0,2.236508973062208
4 to 6,12.0,106.66666666666667,7.499494932488735,96.0,103.0,104.0,113.0,116.0,2.1649177090293032
