condition,count,mean,std,min,25%,50%,75%,max,sem
4 to 1,20.0,6.10692060249878,3.115158802764618,1.635633325781089,3.4261210420601222,5.521670135791361,8.71099749142525,12.02700164821976,0.6965706843688546
4 to 2,19.0,5.40161313724721,3.1146895732177837,1.1466415756038837,3.03042411357834,4.730854800107252,7.886033826630236,11.621550894989584,0.7145587942187446
4 to 3,21.0,5.439483173701843,3.0525097781039174,1.1725178932596687,2.9006830899192275,5.058993827913281,7.229530263116509,11.65209652696666,0.6661122437025742
4 to 5,16.0,6.01676277856104,3.9716269992818813,1.656823047655175,2.3615746301917016,5.795858581407675,7.693371393171812,16.09602984365877,0.9929067498204704
4 to 6,18.0,5.791825718341639,3.012168674060836,1.6666976917092375,3.043867017716936,5.231259257015688,9.08143886522975,9.745606927756096,0.7099749651687028
