condition,count,mean,std,min,25%,50%,75%,max,sem
4 to 1,20.0,487.2,33.000159489247764,432.0,468.0,480.0,517.0,540.0,7.379059988629277
4 to 2,19.0,481.89473684210526,37.07933646901541,428.0,454.0,476.0,514.0,540.0,8.506583187472655
4 to 3,21.0,474.2857142857143,35.452986978734046,428.0,444.0,468.0,500.0,536.0,7.7364760210634556
4 to 5,16.0,496.0,36.979273474024154,436.0,460.0,506.0,525.0,540.0,9.24481836850604
4 to 6,18.0,495.55555555555554,38.167159000163885,436.0,463.0,500.0,535.0,540.0,8.996085649213686
