Source,SS,DF,MS,F,p-unc,ng2,eps
condition,1.1260095746872354,1,1.1260095746872354,0.6088517645519553,0.44317719899587893,0.009855781677579943,1.0
Error,42.53616680714478,23,1.8493985568323819,,,,
