Source,SS,DF,MS,F,p-unc,ng2,eps
condition,4.4199657474639285,1,4.4199657474639285,2.767078084450438,0.13479198291879355,0.08792108475227836,1.0
Error,12.778723585147446,8,1.5973404481434308,,,,
