Source,SS,DF,MS,F,p-unc,ng2,eps
condition,8.320826209277785e-05,1,8.320826209277785e-05,4.515039718658937e-05,0.9946966739240999,3.2627220967921914e-07,1.0
Error,42.38700315802154,23,1.8429131807835453,,,,
