Source,SS,DF,MS,F,p-unc,ng2,eps
condition,1.520013759195349,1,1.520013759195349,1.660698930959711,0.21152579908494695,0.011769385442304405,1.0
Error,19.220996863444554,21,0.9152855649259312,,,,
