Source,SS,DF,MS,F,p-unc,ng2,eps
condition,1.0208906569043732,1,1.0208906569043732,2.749070132797875,0.11564716982282985,0.013399057080184143,1.0
Error,6.313095093616653,17,0.37135853491862664,,,,
