Source,SS,DF,MS,F,p-unc,ng2,eps
condition,1.4250572323711286,1,1.4250572323711286,1.3729490792698125,0.2750177044352899,0.04513322225092755,1.0
Error,8.303627593408077,8,1.0379534491760096,,,,
