Source,SS,DF,MS,F,p-unc,ng2,eps
condition,56.333333333333584,1,56.333333333333584,0.9418463775139372,0.3418994912383435,0.009327225564324783,1.0
Error,1375.666666666666,23,59.811594202898526,,,,
