Source,SS,DF,MS,F,p-unc,ng2,eps
condition,50.0,1,50.0,1.0,0.3910022189557707,0.0513347022587269,1.0
Error,150.0,3,50.0,,,,
