condition,count,mean,std,min,25%,50%,75%,max,sem
Large_Decreasing,12.0,103.0,11.583687589961073,84.0,97.0,110.0,112.0,112.0,3.3439225741362764
Large_Increasing,14.0,102.28571428571429,8.695078815306715,84.0,97.0,104.0,108.0,112.0,2.323857562705284
