condition,count,mean,std,min,25%,50%,75%,max,sem
Large_Decreasing,24.0,-1.5120307067825947,1.7445376919665359,-7.430380804811905,-2.393901433951867,-1.2144380195932927,-0.4178783427032635,1.0945774110465272,0.3561022651975558
Large_Increasing,24.0,-1.2057071340299639,1.3692929316253015,-3.4404461148242995,-2.164373352824757,-1.5081563040439088,-0.19007887330366843,1.5672929454527358,0.27950574924014027
