condition,count,mean,std,min,25%,50%,75%,max,sem
Large_Decreasing,12.0,1.574454225048188,1.544054046571378,0.1382552249110478,0.6029252900851073,1.3199093449530648,1.7540523944116708,5.830590686896815,0.44573000971565807
Large_Increasing,14.0,1.1877161213086451,0.9636069629118255,0.097477948441432,0.33089885706491245,0.9045435019561885,2.2617207508503805,2.496008577285316,0.2575347936232739
