condition,count,mean,std,min,25%,50%,75%,max,sem
Large_Decreasing,24.0,-5.411235614839398,2.107864952609882,-10.351360660294183,-6.408395040764848,-5.037364890761839,-4.10666241655253,-1.4366585234914275,0.43026613171583805
Large_Increasing,22.0,-5.824066393907095,2.2443569476900977,-10.363215604367973,-6.585653268679857,-5.322536955418197,-4.691558861099186,-1.8798181554587448,0.47849850900522006
