condition,count,mean,std,min,25%,50%,75%,max,sem
Large_Decreasing,18.0,487.4996039244279,17.227769839557897,452.1661254442064,482.9057312236346,487.83194272469257,498.06691943926774,524.5966191208381,4.060624292757487
Large_Increasing,16.0,490.6766391940348,17.501252814125444,453.4268981622373,484.29136384211733,493.2614591136439,501.58050687628014,517.5204718215749,4.375313203531361
