condition,count,mean,std,min,25%,50%,75%,max,sem
Large_Decreasing,11.0,2.340869689986336,1.1147795171721742,0.7838312839416146,1.5541072541416165,2.592472697898014,2.8405996283644415,4.499531955397705,0.33611867113033234
Large_Increasing,6.0,2.062347619942965,0.8721190962797579,1.0582433311617934,1.5235145230999223,1.8582312574905377,2.5584458962378567,3.3955868193915717,0.3560411301371003
