Contrast,Coef,Std.Err.,z,P>|z|,P>|z| (adj)
Large_Decreasing - Large_Increasing,0.271073730219962,0.23302442173468738,1.1632846385886373,0.24471403610231324,0.24471403610231326
