Contrast,Coef,Std.Err.,z,P>|z|,P>|z| (adj)
Large_Decreasing - Large_Increasing,-2.679621245029236,2.32514942942823,-1.1524511978088965,0.24913571282840374,0.24913571282840374
