Contrast,Coef,Std.Err.,z,P>|z|,P>|z| (adj)
Large_Decreasing - Large_Increasing,0.2505814139948993,0.2735278762090651,0.9161092370832903,0.3596096034665457,0.35960960346654564
