Contrast,Coef,Std.Err.,z,P>|z|,P>|z| (adj)
Large_Decreasing - Large_Increasing,-0.9333584876232313,1.4114493276425286,-0.6612766532555384,0.5084349109809643,0.5084349109809643
