Contrast,Coef,Std.Err.,z,P>|z|,P>|z| (adj)
Large_Decreasing - Large_Increasing,1.4884274767483012,2.280631632615881,0.6526382671633284,0.513989509231082,0.513989509231082
