Contrast,Coef,Std.Err.,z,P>|z|,P>|z| (adj)
Large_Decreasing - Large_Increasing,-3.0143455538734045,5.79638608192682,-0.5200387812799702,0.6030365453950743,0.6030365453950743
