Contrast,Coef,Std.Err.,z,P>|z|,P>|z| (adj)
Large_Decreasing - Large_Increasing,-5.238500912089956,9.377275639272904,-0.5586378297498931,0.5764089167304203,0.5764089167304203
