Contrast,Coef,Std.Err.,z,P>|z|,P>|z| (adj)
Large_Decreasing - Large_Increasing,-0.05389435518308188,0.20630586777872634,-0.26123520267919065,0.7939111325566606,0.7939111325566606
