Source,SS,DF,MS,F,p-unc,ng2,eps
condition,11.343821083546578,2,5.671910541773289,4.357962428178068,0.028610182400756114,0.2810001576770367,0.7403857902542311
Error,23.427092691710463,18,1.3015051495394703,,,,
