Source,SS,DF,MS,F,p-unc,ng2,eps
condition,17.237534210010818,2,8.618767105005409,4.331400379831987,0.02476816542261202,0.07669532318015897,0.7341745684846349
Error,47.75601246268383,24,1.9898338526118262,,,,
