condition,count,mean,std,min,25%,50%,75%,max,sem
Increasing Crossover (no 1),22.0,-5.6296067862446275,1.9615076980975334,-10.093631223879855,-5.736476719235961,-5.259838611670342,-4.467104053700872,-2.773808890544754,0.4181948463714386
Increasing Large (no 1),22.0,-5.841969182895119,2.2362767872988076,-10.363215604367973,-6.585653268679857,-5.322536955418197,-4.792207526881006,-1.8798181554587448,0.4767758130215288
Increasing Small (no 1),22.0,-5.257403804441265,1.9617350724429117,-10.612126660825744,-6.399437530491056,-5.1940371132111975,-4.2620919250972245,-0.9083599019313242,0.4182433227447541
