condition,count,mean,std,min,25%,50%,75%,max,sem
Increasing Crossover (no 1),16.0,102.75,8.729261137118078,84.0,99.0,104.0,112.0,112.0,2.1823152842795195
Increasing Large (no 1),17.0,99.05882352941177,9.222734059345512,84.0,96.0,100.0,108.0,112.0,2.23684156962724
Increasing Small (no 1),16.0,98.5,11.854675589544124,84.0,84.0,100.0,112.0,112.0,2.963668897386031
