condition,count,mean,std,min,25%,50%,75%,max,sem
Increasing Crossover (no 1),8.0,1.3762503215426534,0.5620116313786542,0.4737780068555916,0.9572403179879124,1.4992602636937913,1.8230370267441005,1.9995228337842776,0.19870111782678032
Increasing Large (no 1),7.0,1.4027498343920828,1.3151965078218737,0.1809886573572851,0.43420148475737713,1.0165611338952971,1.9213336491814774,3.910628781614288,0.49709755498247044
Increasing Small (no 1),8.0,2.3544270694367073,1.5943380908540081,0.2507004476169097,1.5212474671094613,2.1801970638749886,2.85653059155574,5.403193731741111,0.5636836377734415
