condition,count,mean,std,min,25%,50%,75%,max,sem
Increasing Crossover (no 1),15.0,102.13333333333334,9.782394292566524,84.0,96.0,104.0,110.0,112.0,2.5258033454096416
Increasing Large (no 1),14.0,102.28571428571429,8.695078815306715,84.0,97.0,104.0,108.0,112.0,2.323857562705284
Increasing Small (no 1),11.0,102.54545454545455,9.511715264489748,84.0,98.0,100.0,112.0,112.0,2.867890058637142
