condition,count,mean,std,min,25%,50%,75%,max,sem
Increasing Crossover (no 1),18.0,478.0,34.03112761956064,420.0,449.0,476.0,503.0,528.0,8.021213703738715
Increasing Large (no 1),15.0,493.8666666666667,30.533042211130333,444.0,466.0,504.0,522.0,528.0,7.883597599517057
Increasing Small (no 1),18.0,478.44444444444446,44.54504953312429,420.0,438.0,472.0,526.0,528.0,10.499368864387613
