condition,count,mean,std,min,25%,50%,75%,max,sem
Increasing Crossover (no 1),15.0,1.7549842813481695,1.743577114313864,0.2927049082233578,0.4744060573414285,1.1527722636239668,2.6628881711090617,6.52871963101267,0.4501896751043988
Increasing Large (no 1),14.0,2.175387570823754,1.2728151039896796,0.6107074461426658,1.2491085080375266,1.7200948297097538,3.0785992712038897,4.4207845637167935,0.34017414541717333
Increasing Small (no 1),11.0,3.1677560096759025,1.7462244598019017,0.751759632533619,2.0609821489579483,2.671496055000973,4.141986182861556,6.873121173575885,0.5265064848094503
