condition,count,mean,std,min,25%,50%,75%,max,sem
Increasing Crossover (no 1),24.0,170.33333333333334,19.944851502311952,136.0,158.0,170.0,181.0,204.0,4.0712257646872345
Increasing Large (no 1),24.0,168.66666666666666,19.22558681564225,136.0,152.0,168.0,181.0,200.0,3.924406475325264
Increasing Small (no 1),24.0,170.83333333333334,20.71686283675937,136.0,156.0,166.0,184.0,204.0,4.228811918440674
