Contrast,Coef,Std.Err.,z,P>|z|,P>|z| (adj)
Increasing Crossover (no 1) - Increasing Large (no 1),-1.6743674391498702,7.311226988481571,-0.22901319324208405,0.8188586618845577,0.980310677528266
Increasing Crossover (no 1) - Increasing Small (no 1),-2.4115488206801494,6.986675713576878,-0.3451639834941673,0.7299710937590418,0.980310677528266
Increasing Large (no 1) - Increasing Small (no 1),-0.7371813815302792,8.372746460972541,-0.08804534867578583,0.9298406330369953,0.980310677528266
