Contrast,Coef,Std.Err.,z,P>|z|,P>|z| (adj)
Increasing Crossover (no 1) - Increasing Large (no 1),0.8230592795502123,0.27016867674706957,3.046464488260258,0.0023154982915598588,0.006930422692283896
Increasing Crossover (no 1) - Increasing Small (no 1),0.8467530381652003,0.3374461452385122,2.509298298745425,0.012097128001731017,0.024047915497571768
Increasing Large (no 1) - Increasing Small (no 1),0.023693758614988014,0.28581066855141346,0.08290018960830298,0.9339309032759597,0.9339309032759597
