Contrast,Coef,Std.Err.,z,P>|z|,P>|z| (adj)
Increasing Crossover (no 1) - Increasing Large (no 1),-0.6707375344565149,0.2914253793255728,-2.301575573166483,0.021359118979684677,0.04226202599578103
Increasing Crossover (no 1) - Increasing Small (no 1),-1.3707353282341022,0.3088170102290312,-4.4386652380887615,9.051847739360852e-06,2.7155297410981737e-05
Increasing Large (no 1) - Increasing Small (no 1),-0.6999977937775873,0.3080763875498263,-2.2721565886459705,0.023077054221200877,0.04226202599578103
