Contrast,Coef,Std.Err.,z,P>|z|,P>|z| (adj)
Increasing Crossover (no 1) - Increasing Large (no 1),-1.0396132801110498,1.3242849930268803,-0.7850374244103118,0.43243162655075507,0.432431626550755
Increasing Crossover (no 1) - Increasing Small (no 1),-2.7160323006938953,1.7074206087908168,-1.5907224539226865,0.11167205135642821,0.29899683564510565
Increasing Large (no 1) - Increasing Small (no 1),-1.6764190205828455,1.4163467304694075,-1.183621908759054,0.23656276382349528,0.4171635864191797
