Contrast,Coef,Std.Err.,z,P>|z|,P>|z| (adj)
Increasing Crossover (no 1) - Increasing Large (no 1),0.38837151497594496,0.3151579392162204,1.2323075723296153,0.2178342122369088,0.21783421223690883
Increasing Crossover (no 1) - Increasing Small (no 1),1.2223054365583887,0.33395984358835973,3.6600371572368067,0.0002521786773170831,0.0007563452657324413
Increasing Large (no 1) - Increasing Small (no 1),0.8339339215824437,0.3228877104628361,2.5827366436061006,0.009802011399183241,0.019507943370896765
