Contrast,Coef,Std.Err.,z,P>|z|,P>|z| (adj)
Increasing Crossover (no 1) - Increasing Large (no 1),3.6556039308429367,1.9966833649340856,1.830838076303408,0.06712471523928842,0.188159409198398
Increasing Crossover (no 1) - Increasing Small (no 1),3.658787926351556,2.008312905582329,1.8218216475040059,0.06848205199441937,0.188159409198398
Increasing Large (no 1) - Increasing Small (no 1),0.003183995508619475,2.0075722602520774,0.0015859929785140994,0.9987345612194105,0.9987345612194105
