Contrast,Coef,Std.Err.,z,P>|z|,P>|z| (adj)
Increasing Crossover (no 1) - Increasing Large (no 1),-0.1599394622093141,0.5123322196687327,-0.31217919949037926,0.754904339138774,0.754904339138774
Increasing Crossover (no 1) - Increasing Small (no 1),-1.3944161483957473,0.4728983513982,-2.948659356229371,0.0031915554924568657,0.009544140907255003
Increasing Large (no 1) - Increasing Small (no 1),-1.2344766861864334,0.45523952475215446,-2.711708054915746,0.006693751888034116,0.013342697461729674
