Contrast,Coef,Std.Err.,z,P>|z|,P>|z| (adj)
Increasing Crossover (no 1) - Increasing Large (no 1),0.8230592795502131,0.27016867674706924,3.0464644882602645,0.0023154982915598588,0.006930422692283896
Increasing Crossover (no 1) - Increasing Small (no 1),0.846753038165201,0.3374461452385115,2.509298298745432,0.012097128001730573,0.024047915497570894
Increasing Large (no 1) - Increasing Small (no 1),0.023693758614987903,0.28581066855141335,0.08290018960830263,0.93393090327596,0.93393090327596
