Contrast,Coef,Std.Err.,z,P>|z|,P>|z| (adj)
Increasing Crossover (no 1) - Increasing Large (no 1),-0.10517994221189264,0.42442850442986674,-0.247815453283894,0.8042771978221528,0.8042771978221528
Increasing Crossover (no 1) - Increasing Small (no 1),-0.41843697452500855,0.4301538953079502,-0.972761095713074,0.33067205244584663,0.7001411455068323
Increasing Large (no 1) - Increasing Small (no 1),-0.3132570323131159,0.4208198682575815,-0.7443969639793078,0.456636355176989,0.7047559494846527
