Contrast,A,B,Paired,Parametric,T,dof,alternative,p-unc,p-corr,p-adjust,BF10,cohen,ci_lower,ci_upper
condition,Increasing Crossover (no 1),Increasing Large (no 1),True,True,-0.32043497223082784,23.0,two-sided,0.7515317143536139,0.7860685669179478,fdr_bh,0.225,-0.06136410491994581,-0.4881228791894293,0.35730584957135847
condition,Increasing Crossover (no 1),Increasing Small (no 1),True,True,-0.517147812975281,23.0,two-sided,0.609990872138047,0.7860685669179478,fdr_bh,0.242,-0.12177496659296265,-0.5290000501801598,0.31787533961587583
condition,Increasing Large (no 1),Increasing Small (no 1),True,True,-0.2746085141898804,23.0,two-sided,0.7860685669179478,0.7860685669179478,fdr_bh,0.222,-0.060828683202324485,-0.4786487601985948,0.3665403037337547
