Contrast,A,B,Paired,Parametric,T,dof,alternative,p-unc,p-corr,p-adjust,BF10,cohen,ci_lower,ci_upper
condition,Increasing Crossover (no 1),Increasing Large (no 1),True,True,0.09534748642680807,23.0,two-sided,0.9248646925471744,0.9248646925471744,fdr_bh,0.216,0.02069521817806721,-0.40284022849713597,0.44176567683090673
condition,Increasing Crossover (no 1),Increasing Small (no 1),True,True,0.6162033919541858,23.0,two-sided,0.5438113686557546,0.9188330920445117,fdr_bh,0.255,0.1660985255306533,-0.29814785296924673,0.5497118343125768
condition,Increasing Large (no 1),Increasing Small (no 1),True,True,0.5134187117010398,23.0,two-sided,0.6125553946963411,0.9188330920445117,fdr_bh,0.242,0.14460936864384297,-0.3186196816900582,0.5282219930341667
