Contrast,A,B,Paired,Parametric,T,dof,alternative,p-unc,p-corr,p-adjust,BF10,cohen,ci_lower,ci_upper
condition,Increasing Crossover (no 1),Increasing Large (no 1),True,True,0.8658371987612917,23.0,two-sided,0.3955216739532451,0.923060979049953,fdr_bh,0.301,0.08508384520051983,-0.2488094084576969,0.6022859646720142
condition,Increasing Crossover (no 1),Increasing Small (no 1),True,True,-0.09764393187821675,23.0,two-sided,0.923060979049953,0.923060979049953,fdr_bh,0.216,-0.024588727433648958,-0.4422363860288009,0.40237341776534896
condition,Increasing Large (no 1),Increasing Small (no 1),True,True,-0.4510830232215175,23.0,two-sided,0.6561539284117488,0.923060979049953,fdr_bh,0.236,-0.10841388806878055,-0.5152339600398578,0.3310800869524022
