Source,SS,DF,MS,F,p-unc,ng2,eps
condition,1671.7454301942685,2,835.8727150971342,1.6047161996855512,0.21669818268648186,0.058004684909827936,0.9645223484551855
Error,16668.32234157643,32,520.8850731742634,,,,
