Source,SS,DF,MS,F,p-unc,ng2,eps
condition,18.408538894226943,2,9.204269447113472,3.590991145320574,0.03917573824080156,0.07280109783997184,0.9882923961777688
Error,82.02098261685836,32,2.563155706776824,,,,
