condition,count,mean,std,min,25%,50%,75%,max,sem
1 to 4,20.0,6.128159867450128,3.212463421911418,2.0146536617019355,3.737443092399654,5.736452388152431,8.537179136417407,13.02436466029466,0.7183286586625519
2 to 5,23.0,5.979328679125044,2.5670492474939257,2.561656028356425,3.797348579072584,6.042915446831701,7.6986008794841005,11.70666741616478,0.5352667696968506
3 to 6,18.0,5.247875330855362,2.2665614796926135,2.4592364413510928,4.013546607527396,4.512639011183763,6.183020770781013,11.3365033003286,0.5342336640889541
