condition,count,mean,std,min,25%,50%,75%,max,sem
1 to 4,21.0,-7.067984723369935,2.8507620024330858,-13.143479122970906,-7.647269411144552,-6.0515541954334005,-5.257529919728258,-2.8978119304137957,0.6220872697358809
2 to 5,24.0,-6.393456258293329,2.6064746451189027,-13.825965841362487,-7.710632003642256,-6.6379125042356435,-4.776545474283779,-1.166484732533687,0.532044409003598
3 to 6,23.0,-7.1125713184155375,2.768695595471682,-12.756613574064035,-9.045935255927583,-7.040611071954626,-5.094030930860748,-3.0524659150531708,0.5773129397921813
