condition,count,mean,std,min,25%,50%,75%,max,sem
1 to 4,24.0,5.139593913503642,3.7060014901581817,-0.5838968291954552,2.676900893827791,4.06528181454212,7.55157015638033,13.02436466029466,0.7564843864068033
2 to 5,24.0,5.765539687700347,2.7203251483642115,0.8483928849323193,3.5646627301549514,6.020472964005766,7.614599740827292,11.70666741616478,0.5552840456627718
3 to 6,24.0,4.300936146864542,2.6146072868739707,0.0009971952332183,2.6620938006667587,4.034103264475848,5.546477151147693,11.3365033003286,0.5337044775503287
