Contrast,Coef,Std.Err.,z,P>|z|,P>|z| (adj)
1 to 4 - 2 to 5,-0.06469754916273497,0.4811189717291742,-0.13447307831201832,0.8930284981104109,0.8930284981104109
1 to 4 - 3 to 6,0.5186816216835354,0.41707468757231075,1.2436180788209747,0.21364015919717705,0.44809520398430824
2 to 5 - 3 to 6,0.5833791708462703,0.4348466233534174,1.341574567941705,0.17973397684572578,0.44809520398430824
