Contrast,Coef,Std.Err.,z,P>|z|,P>|z| (adj)
1 to 4 - 2 to 5,-0.11090527702258747,0.30156134480350794,-0.36777020309035763,0.7130445887461629,0.9763711134795842
1 to 4 - 3 to 6,-0.005842927890845888,0.3034272423619499,-0.019256438035567095,0.9846365348900201,0.9846365348900201
2 to 5 - 3 to 6,0.10506234913174159,0.3433157174855499,0.3060225436260827,0.7595874813414554,0.9763711134795842
