Contrast,Coef,Std.Err.,z,P>|z|,P>|z| (adj)
1 to 4 - 2 to 5,1.3664355169024502,2.520824517145007,0.5420589603158988,0.587777889347235,0.587777889347235
1 to 4 - 3 to 6,4.599027291931619,2.4098894196400193,1.9083976444938313,0.05633984107175061,0.1596758228059817
2 to 5 - 3 to 6,3.2325917750291686,2.9544863009486555,1.0941298912068795,0.27389801436266836,0.47277590645352424
