Contrast,Coef,Std.Err.,z,P>|z|,P>|z| (adj)
1 to 4 - 2 to 5,1.3664355169024502,2.5208245171450065,0.542058960315899,0.5877778893472347,0.5877778893472347
1 to 4 - 3 to 6,4.599027291931619,2.4098894196400193,1.9083976444938313,0.05633984107175061,0.1596758228059817
2 to 5 - 3 to 6,3.2325917750291686,2.954486300948654,1.0941298912068802,0.2738980143626679,0.47277590645352363
