Contrast,Coef,Std.Err.,z,P>|z|,P>|z| (adj)
1 to 4 - 2 to 5,-0.4651016466800667,2.1322166888148297,-0.2181305723381185,0.8273273776051204,0.935381151166667
1 to 4 - 3 to 6,0.6813910413276387,2.1018555908028174,0.3241854694058106,0.7457976222901661,0.935381151166667
2 to 5 - 3 to 6,1.1464926880077053,2.050762542798812,0.5590567723374792,0.576122975192388,0.9238412807300938
