Contrast,Coef,Std.Err.,z,P>|z|,P>|z| (adj)
1 to 4 - 2 to 5,4.686837643837668,8.4249927482336,0.5563016828495574,0.5780046369369027,0.8219199135532447
1 to 4 - 3 to 6,-4.552288532726895,9.200117592001586,-0.49480764644623365,0.6207359063374225,0.8219199135532447
2 to 5 - 3 to 6,-9.239126176564564,8.60753266562238,-1.0733768357876474,0.2831020734091254,0.6315555890403073
