Contrast,Coef,Std.Err.,z,P>|z|,P>|z| (adj)
1 to 4 - 2 to 5,-0.08133951163062361,4.1510973161479034,-0.01959470121652178,0.9843666908397359,0.9843666908397359
1 to 4 - 3 to 6,6.318308938877621,3.964337147078011,1.593786982405028,0.11098375417010753,0.2888574607709166
2 to 5 - 3 to 6,6.399648450508245,3.9750695557077367,1.6099462816491086,0.10740958403140399,0.2888574607709166
