Contrast,Coef,Std.Err.,z,P>|z|,P>|z| (adj)
1 to 4 - 2 to 5,0.3939460391066797,0.5269960136545538,0.7475313453982054,0.4547428891130072,0.5873670701018805
1 to 4 - 3 to 6,0.876650468788245,0.5240643048088616,1.6727917943352006,0.09436829081556963,0.2572291344651977
2 to 5 - 3 to 6,0.48270442968156535,0.5247465425451117,0.9198811055340455,0.35763489361725176,0.5873670701018805
