Contrast,A,B,Paired,Parametric,T,dof,alternative,p-unc,p-corr,p-adjust,BF10,cohen,ci_lower,ci_upper
condition,1 to 4,2 to 5,True,True,-1.1260134252112224,23.0,two-sided,0.27177231825970105,0.27177231825970105,fdr_bh,0.378,-0.19255487989595188,-0.6576501219810972,0.19795706609925687
condition,1 to 4,3 to 6,True,True,1.6915018667312638,23.0,two-sided,0.1042482092391611,0.15637231385874167,fdr_bh,0.74,0.26150265234154646,-0.08938954211718075,0.7799422875266523
condition,2 to 5,3 to 6,True,True,3.1343007039161592,23.0,two-sided,0.004653002663917639,0.013959007991752917,fdr_bh,9.26,0.5489539306979307,0.17632262482141126,1.1032502793520433
