Contrast,A,B,Paired,Parametric,T,dof,alternative,p-unc,p-corr,p-adjust,BF10,cohen,ci_lower,ci_upper
condition,1 to 4,2 to 5,True,True,-0.03888838385063182,23.0,two-sided,0.9693149638976246,0.9693149638976246,fdr_bh,0.215,-0.006808841697931542,-0.4302076765543224,0.4143315603283995
condition,1 to 4,3 to 6,True,True,1.0628919219241677,23.0,two-sided,0.2988640331529703,0.5701832682986967,fdr_bh,0.356,0.15662318688098661,-0.21024140129992827,0.6441652113733195
condition,2 to 5,3 to 6,True,True,0.8948778661974216,23.0,two-sided,0.3801221788657978,0.5701832682986967,fdr_bh,0.308,0.18075122593830956,-0.24310462183031595,0.6084369808793628
