Contrast,A,B,Paired,Parametric,T,dof,alternative,p-unc,p-corr,p-adjust,BF10,cohen,ci_lower,ci_upper
condition,1 to 4,2 to 5,True,True,-0.03697534165021859,23.0,two-sided,0.9708237213331613,0.9708237213331613,fdr_bh,0.215,-0.008221640240718564,-0.4298165400928712,0.41472142007485213
condition,1 to 4,3 to 6,True,True,0.7613390156652906,23.0,two-sided,0.45419058468875184,0.6812858770331278,fdr_bh,0.279,0.1617925175026333,-0.2693972156343313,0.5802125672431264
condition,2 to 5,3 to 6,True,True,0.837440614506569,23.0,two-sided,0.41096283533590205,0.6812858770331278,fdr_bh,0.295,0.16874802308057538,-0.2543946797549772,0.596278378992291
