Contrast,A,B,Paired,Parametric,T,dof,alternative,p-unc,p-corr,p-adjust,BF10,cohen,ci_lower,ci_upper
condition,1 to 4,2 to 5,True,True,0.7535341037410109,16.0,two-sided,0.4620744458678172,0.4620744458678172,fdr_bh,0.32,0.22065874694396817,-0.2166301818333079,0.7653090562554541
condition,1 to 4,3 to 6,True,True,-1.1385497025356721,16.0,two-sided,0.2716521600423208,0.4074782400634812,fdr_bh,0.435,-0.3485630098419049,-0.8000011140304395,0.2477233865515991
condition,2 to 5,3 to 6,True,True,-2.05188232961822,16.0,two-sided,0.056919548810132344,0.17075864643039704,fdr_bh,1.331,-0.6163872556511547,-0.9959318818720424,0.052511865831179116
