Contrast,A,B,Paired,Parametric,T,dof,alternative,p-unc,p-corr,p-adjust,BF10,cohen,ci_lower,ci_upper
condition,1 to 4,2 to 5,True,True,-0.44295110213534916,20.0,two-sided,0.6625550439444052,0.6625550439444052,fdr_bh,0.249,-0.0695915198195868,-0.5529163938763355,0.3595966839049686
condition,1 to 4,3 to 6,True,True,0.6733407362319074,20.0,two-sided,0.5084375489548353,0.6625550439444052,fdr_bh,0.279,0.1285175691950674,-0.3107098530578236,0.604579842798777
condition,2 to 5,3 to 6,True,True,1.3294846997355032,20.0,two-sided,0.19865443326378548,0.5959632997913565,fdr_bh,0.491,0.20889694866058658,-0.3642891958684421,0.5015941213772824
