Contrast,A,B,Paired,Parametric,T,dof,alternative,p-unc,p-corr,p-adjust,BF10,cohen,ci_lower,ci_upper
condition,1 to 4,2 to 5,True,True,-0.06429766181132443,23.0,two-sided,0.9492887884196928,0.9492887884196928,fdr_bh,0.215,-0.019483474966669877,-0.43540585590213654,0.4091564453868397
condition,1 to 4,3 to 6,True,True,0.20772016284419598,23.0,two-sided,0.8372757525547737,0.9492887884196928,fdr_bh,0.219,0.06455734818465234,-0.3800520113251248,0.464853412701143
condition,2 to 5,3 to 6,True,True,0.3911376489028483,23.0,two-sided,0.6992954038011626,0.9492887884196928,fdr_bh,0.23,0.07182542362978786,-0.34309472462884766,0.5027760011294902
