Source,SS,DF,MS,F,p-unc,ng2,eps
condition,55.111111111111214,2,27.555555555555607,0.5215801024140467,0.5970502611480589,0.010042518728487567,0.8773278409448364
Error,2430.2222222222204,46,52.83091787439609,,,,
