Source,SS,DF,MS,F,p-unc,ng2,eps
condition,11.122786708950423,2,5.561393354475212,5.049920485343242,0.010406690424378928,0.03645531863505911,0.9901088471957464
Error,50.65903414684587,46,1.1012833510183884,,,,
