Source,SS,DF,MS,F,p-unc,p-GG-corr,ng2,eps,sphericity,W-spher,p-spher
condition,2497.333333333321,2,1248.6666666666606,1.9246302997810747,0.15749963346005583,0.1669356389030806,0.03485559029328553,0.8053852361375603,False,0.758358168078959,0.04771094919533753
Error,29844.0,46,648.7826086956521,,,,,,,,
