Source,SS,DF,MS,F,p-unc,ng2,eps
condition,115.1111111111116,2,57.5555555555558,2.879168680522003,0.06635640326780723,0.02511636927851058,0.8524501793610646
Error,919.5555555555557,46,19.99033816425121,,,,
