Source,SS,DF,MS,F,p-unc,ng2,eps
condition,233.66820906861994,2,116.83410453430997,1.053788133039942,0.36040093632156583,0.02048639058689713,0.9805134641551165
Error,3547.8586519214587,32,110.87058287254558,,,,
