Source,SS,DF,MS,F,p-unc,ng2,eps
condition,1.549110175773246,2,0.774555087886623,0.07781610171751008,0.9252560583578101,0.00025020898267747956,0.9921222463102543
Error,457.86840070873586,46,9.95366088497252,,,,
