condition,count,mean,std,min,25%,50%,75%,max,sem
Decrease by 1 (no 1),19.0,3.002607316331853,2.0403874389289807,0.0633007256853026,1.4076336055515293,2.213160115405522,4.408254857584103,7.154976251917745,0.46809698168216807
Decrease by 2 (no 1),18.0,3.4467514825621564,1.7741185557418335,1.147193047356304,1.9725049548470341,3.0562962185784235,4.636781657941795,6.6216562408951525,0.41816375379797815
Decrease by 3 (no 1),19.0,3.6976330446531023,2.701853497476748,0.0895042205955945,1.7692311887934475,3.233474970765263,4.752013560230736,10.95388477816226,0.6198477029343723
