condition,count,mean,std,min,25%,50%,75%,max,sem
Decrease by 1 (no 1),11.0,1.6772953431804942,0.7118597440322227,0.5576077004663402,1.2499182235885287,1.5482348760351734,2.3045882175133148,2.898040113483598,0.2146337885739381
Decrease by 2 (no 1),5.0,2.7948499174865686,1.308099416118611,1.1714961987597627,1.6035840511377342,3.545423463072645,3.6070991950924287,4.04664667937027,0.5849998431537997
Decrease by 3 (no 1),7.0,2.145555037579182,0.7957397439324772,0.8581641314898922,1.6894146494030169,2.288486508921495,2.6531256856570393,3.187153952522772,0.30076135296793616
