condition,count,mean,std,min,25%,50%,75%,max,sem
Decrease by 1 (no 1),13.0,105.53846153846153,7.752584349916105,96.0,100.0,104.0,112.0,116.0,2.1501800300755516
Decrease by 2 (no 1),19.0,107.57894736842105,8.207826816681232,92.0,102.0,108.0,116.0,116.0,1.8830046126314017
Decrease by 3 (no 1),17.0,104.94117647058823,8.547445438808706,92.0,96.0,104.0,112.0,116.0,2.073060021965423
