condition,count,mean,std,min,25%,50%,75%,max,sem
Decrease by 1 (no 1),24.0,104.16666666666667,8.544851827482042,92.0,96.0,104.0,112.0,116.0,1.7442105754182795
Decrease by 2 (no 1),24.0,106.16666666666667,8.666109235139048,92.0,100.0,108.0,113.0,116.0,1.7689621401093067
Decrease by 3 (no 1),24.0,104.5,9.38546517343382,92.0,96.0,104.0,116.0,116.0,1.9158000561312403
