Contrast,Coef,Std.Err.,z,P>|z|,P>|z| (adj)
Decrease by 1 (no 1) - Decrease by 2 (no 1),0.9469425965488046,3.692604055378404,0.25644303649874145,0.7976087602446831,0.7976087602446831
Decrease by 1 (no 1) - Decrease by 3 (no 1),4.305765584602089,3.578499011861987,1.2032322966498978,0.22888644017523685,0.5414834453230959
Decrease by 2 (no 1) - Decrease by 3 (no 1),3.358822988053284,3.6014079482171177,0.932641632480451,0.3510050302508847,0.5788055292403449
