Contrast,Coef,Std.Err.,z,P>|z|,P>|z| (adj)
Decrease by 1 (no 1) - Decrease by 2 (no 1),-0.14599778513458933,0.2702963836190659,-0.5401396170373738,0.5891007511256441,0.8311618072744902
Decrease by 1 (no 1) - Decrease by 3 (no 1),-0.21315721997173828,0.27754298624893653,-0.7680151563280769,0.4424781805338416,0.8267051699493695
Decrease by 2 (no 1) - Decrease by 3 (no 1),-0.06715943483714895,0.2278121840732136,-0.294801768879778,0.7681453150877571,0.8311618072744902
