Contrast,Coef,Std.Err.,z,P>|z|,P>|z| (adj)
Decrease by 1 (no 1) - Decrease by 2 (no 1),7.444549029303819,8.458715265530278,0.880103986906943,0.37880297951764375,0.6141142617438431
Decrease by 1 (no 1) - Decrease by 3 (no 1),10.949450536708166,8.246583636091142,1.3277559556648328,0.1842587415760235,0.4571781940231028
Decrease by 2 (no 1) - Decrease by 3 (no 1),3.5049015074043472,8.324262769103152,0.42104647638147086,0.6737211442931201,0.6737211442931201
