Contrast,Coef,Std.Err.,z,P>|z|,P>|z| (adj)
Decrease by 1 (no 1) - Decrease by 2 (no 1),-2.479333997866746,1.9687298379693066,-1.259357150000893,0.20790135937597465,0.5030212677434591
Decrease by 1 (no 1) - Decrease by 3 (no 1),-1.0184947389438384,1.9788994929411172,-0.5146773459576323,0.606778506413483,0.7043305709897116
Decrease by 2 (no 1) - Decrease by 3 (no 1),1.4608392589229078,1.9607420209693047,0.7450440921344323,0.45624506530028763,0.7043305709897116
