Contrast,Coef,Std.Err.,z,P>|z|,P>|z| (adj)
Decrease by 1 (no 1) - Decrease by 2 (no 1),-0.8539265209496104,0.4174474167994682,-2.0455906219197337,0.04079666491599321,0.07992896196371858
Decrease by 1 (no 1) - Decrease by 3 (no 1),-1.30973359342725,0.39765147418807023,-3.2936721688294517,0.0009888775951871764,0.002963700115869273
Decrease by 2 (no 1) - Decrease by 3 (no 1),-0.45580707247763963,0.4046322195827186,-1.1264725111304672,0.25996556961120953,0.2599655696112096
