Contrast,Coef,Std.Err.,z,P>|z|,P>|z| (adj)
Decrease by 1 (no 1) - Decrease by 2 (no 1),14.400860348226278,7.284970771261144,1.9767904086914079,0.04806532630336435,0.13737619628235778
Decrease by 1 (no 1) - Decrease by 3 (no 1),11.493484463118744,7.270863587668762,1.5807591938062848,0.11393310805663548,0.21488546300182595
Decrease by 2 (no 1) - Decrease by 3 (no 1),-2.907375885107534,7.211766354703236,-0.40314338292607826,0.6868427473659398,0.6868427473659398
