Contrast,A,B,Paired,Parametric,T,dof,alternative,p-unc,p-corr,p-adjust,BF10,cohen,ci_lower,ci_upper
condition,Decrease by 1 (no 1),Decrease by 2 (no 1),True,True,-0.9480795503240105,16.0,two-sided,0.35718974781025636,0.3964862689603863,fdr_bh,0.368,-0.1546518715717432,-0.7508475905372609,0.29096145789326205
condition,Decrease by 1 (no 1),Decrease by 3 (no 1),True,True,-1.7051410948818446,16.0,two-sided,0.10750359894319454,0.32251079682958367,fdr_bh,0.825,-0.2869862442591629,-0.9845940411828605,0.061599333717368254
condition,Decrease by 2 (no 1),Decrease by 3 (no 1),True,True,-0.8712809478153193,16.0,two-sided,0.3964862689603863,0.3964862689603863,fdr_bh,0.347,-0.17124103195630336,-0.7311773764281011,0.30854403790682694
