Contrast,A,B,Paired,Parametric,T,dof,alternative,p-unc,p-corr,p-adjust,BF10,cohen,ci_lower,ci_upper
condition,Decrease by 1 (no 1),Decrease by 2 (no 1),True,True,-1.5275252316519468,7.0,two-sided,0.17047066078705375,0.4273970712634827,fdr_bh,0.789,-0.31622776601683794,-1.4714173585354164,0.21153578183799215
condition,Decrease by 1 (no 1),Decrease by 3 (no 1),True,True,-0.5516772843673704,7.0,two-sided,0.598331155998746,0.598331155998746,fdr_bh,0.382,-0.07271182203358756,-1.0389821255527945,0.6488873767500475
condition,Decrease by 2 (no 1),Decrease by 3 (no 1),True,True,1.1577674774819398,7.0,two-sided,0.2849313808423218,0.4273970712634827,fdr_bh,0.566,0.22951162341868644,-0.20590792543093006,0.9927037179003732
