analysis_id,condition,p1_amp,n1_amp,p2p_amp,p1_lat_ms,n1_lat_ms,roi_channels
prime_35_ACC1,3a,1.613007028850775,-4.033201763098822,5.646208791949597,104.0,172.0,E66;E65;E59;E60;E67;E71;E70;E84;E76;E77;E85;E91;E90;E83
prime_35_ACC1,3b,1.790457361866282,-3.427645085574332,5.218102447440614,108.0,160.0,E66;E65;E59;E60;E67;E71;E70;E84;E76;E77;E85;E91;E90;E83
prime_35_ACC1,3c,2.0934531709485524,-3.456119927414986,5.549573098363538,100.0,156.0,E66;E65;E59;E60;E67;E71;E70;E84;E76;E77;E85;E91;E90;E83
prime_35_ACC1,3d,1.0158374183221097,-2.805385656519737,3.8212230748418468,96.0,144.0,E66;E65;E59;E60;E67;E71;E70;E84;E76;E77;E85;E91;E90;E83
prime_35_ACC1,3e,1.7973521649606803,-4.394580775183763,6.191932940144444,60.0,176.0,E66;E65;E59;E60;E67;E71;E70;E84;E76;E77;E85;E91;E90;E83
