Source,SS,DF,MS,F,p-unc,ng2,eps
condition,52.479828686117415,3,17.493276228705806,1.9050133564574525,0.13685798991160467,0.040814164168860405,0.8589227398138382
Error,633.6102871348342,69,9.182757784562813,,,,
