Source,SS,DF,MS,F,p-unc,ng2,eps
condition,2855.3333333333376,3,951.7777777777792,2.9828614685844106,0.037166141041104675,0.0629936315100529,0.8270186666896946
Error,22016.666666666664,69,319.0821256038647,,,,
