Source,SS,DF,MS,F,p-unc,ng2,eps
condition,660.0,3,220.0,0.8790826963168866,0.4563195304217955,0.031633435582822084,0.8700356086202972
Error,17268.0,69,250.2608695652174,,,,
