Source,SS,DF,MS,F,p-unc,ng2,eps
condition,56.865861860266335,3,18.955287286755446,1.2805811659320459,0.2879350150296535,0.04026320254400345,0.803058892733558
Error,1021.3447281447293,69,14.802097509343902,,,,
