condition,count,mean,std,min,25%,50%,75%,max,sem
2a,12.0,105.33333333333333,7.302967433402215,96.0,99.0,108.0,112.0,116.0,2.1081851067789192
2b,12.0,109.33333333333333,9.078779787187397,96.0,100.0,108.0,120.0,120.0,2.6208179770229876
2c,9.0,110.66666666666667,9.38083151964686,96.0,108.0,112.0,120.0,120.0,3.1269438398822857
2d,13.0,107.6923076923077,8.400244196694675,96.0,100.0,108.0,112.0,120.0,2.329808552123189
