condition,count,mean,std,min,25%,50%,75%,max,sem
2a,14.0,176.36539665148257,15.098333463577818,142.38558099408655,171.94053540885014,174.9174851552607,178.76504102236274,202.81401700946168,4.0351993522837235
2b,19.0,172.48085974434485,12.569242035702816,148.59432571869368,165.8481990805049,171.12431123802986,179.552318171793,195.9864314651936,2.883581885817473
2c,16.0,177.483977181486,12.43350472636703,156.91657938762984,170.05464475752234,177.3982005788525,185.64705675751145,202.096862511764,3.1083761815917574
2d,18.0,179.87345755798128,15.368723306474964,151.12175921064647,171.40441211701986,181.1063896466131,187.1355947400021,205.3507985129008,3.6224428227293957
