Contrast,Coef,Std.Err.,z,P>|z|,P>|z| (adj)
2a - 2b,3.910673658039908,4.18584132602004,0.9342622793010251,0.35016861686064926,0.8216789035596651
2a - 2c,-3.183893641374233,4.175684162697903,-0.7624843061207782,0.4457710063007605,0.8297576033452587
2a - 2d,2.1971010175944157,4.16663754164801,0.5273079301074524,0.5979797682006753,0.8383797332240173
2b - 2c,-7.094567299414141,4.162200581479077,-1.7045231628152386,0.0882833925096711,0.42567305118669785
2b - 2d,-1.7135726404454923,4.167640491551942,-0.4111613379126648,0.6809542356223894,0.8383797332240173
2c - 2d,5.380994658968649,4.162975279755841,1.2925838606671345,0.196155024544598,0.6643694323523153
