Contrast,Coef,Std.Err.,z,P>|z|,P>|z| (adj)
2a - 2b,15.11913540034275,5.798402313915938,2.6074657434613355,0.00912151970593289,0.044783132060317275
2a - 2c,4.007959613305208,6.014091541285144,0.6664281023645263,0.5051375049945381,0.7551111110369693
2a - 2d,-3.0117504071495196,5.678299683021251,-0.5303965227751168,0.5958370363896546,0.7551111110369693
2b - 2c,-11.111175787037542,6.994098323757013,-1.5886502123220025,0.11213938516739286,0.37858867322413237
2b - 2d,-18.13088580749227,6.191534473165377,-2.9283347910074684,0.0034078288318093453,0.020273563032968994
2c - 2d,-7.019710020454728,5.400886084507238,-1.2997330272510619,0.19369248653863425,0.47579383986892576
