Contrast,Coef,Std.Err.,z,P>|z|,P>|z| (adj)
2a - 2b,3.843196327509743,0.9206618511851509,4.1743842460317735,2.98793090807159e-05,0.00011951187979089773
2a - 2c,4.467997709432268,0.9188099708620587,4.862809341566288,1.157313105348834e-06,5.786552133023433e-06
2a - 2d,4.744149136320919,0.9171612179582568,5.172644725299366,2.3080360378457954e-07,1.3848208236531703e-06
2b - 2c,0.6248013819225249,0.9163528039717874,0.6818349648895288,0.49534331239646257,0.7453216276570256
2b - 2d,0.900952808811176,0.9173439759524196,0.982131929166237,0.32603485732686943,0.6938654780843079
2c - 2d,0.27615142688865113,0.9164939432707789,0.301312877096736,0.763175922441327,0.763175922441327
