Contrast,A,B,Paired,Parametric,T,dof,alternative,p-unc,p-corr,p-adjust,BF10,cohen,ci_lower,ci_upper
condition,2a,2b,True,True,-1.457518168627737,5.0,two-sided,0.20476599772871626,0.5636995991881885,fdr_bh,0.779,-0.9128338464973381,-1.0328936590163749,0.28187830027484023
condition,2a,2c,True,True,-1.2057634315116672,5.0,two-sided,0.28184979959409423,0.5636995991881885,fdr_bh,0.636,-0.8500254000031647,-1.2794765972153663,0.24408540553160418
condition,2a,2d,True,True,-1.4670307025490152,5.0,two-sided,0.20228402286599548,0.5636995991881885,fdr_bh,0.785,-0.6358750540367931,-1.3673986928652786,0.10414093276676661
condition,2b,2c,True,True,0.10615535179326303,5.0,two-sided,0.9195865900102258,0.9195865900102258,fdr_bh,0.375,0.04972510709505722,-0.6728514089622809,0.5371271628245041
condition,2b,2d,True,True,0.4452649109814219,5.0,two-sided,0.6747443372383652,0.9195865900102258,fdr_bh,0.405,0.259281129806636,-1.0017681359201582,0.15442807376246764
condition,2c,2d,True,True,0.28314602740259925,5.0,two-sided,0.7884135412386066,0.9195865900102258,fdr_bh,0.386,0.20604715508578378,-0.4476475834041381,0.834949889381363
