Contrast,A,B,Paired,Parametric,T,dof,alternative,p-unc,p-corr,p-adjust,BF10,cohen,ci_lower,ci_upper
condition,2a,2b,True,True,2.0,1.0,two-sided,0.2951672353008664,0.4427508529512996,fdr_bh,1.043,2.262741699796952,-0.328522562881855,2.1800712397914306
condition,2a,2c,True,True,0.4,1.0,two-sided,0.7577621168183133,0.9093145401819759,fdr_bh,0.565,0.5252257314388902,-0.9563888045290825,0.8937561404888805
condition,2a,2d,True,True,-0.1111111111111111,1.0,two-sided,0.9295534250454455,0.9295534250454455,fdr_bh,0.527,-0.13736056394868904,-1.049435639895984,1.049435639895984
condition,2b,2c,True,True,-6.0,1.0,two-sided,0.10513691342250685,0.2513318327560047,fdr_bh,1.804,-3.794733192202055,-4.266684322404903,2.0478835375039868
condition,2b,2d,True,True,-17.0,1.0,two-sided,0.037405118482553346,0.22443071089532007,fdr_bh,2.619,-7.602631123499284,-2.7200385736077424,0.1272538566568009
condition,2c,2d,True,True,-5.0,1.0,two-sided,0.12566591637800234,0.2513318327560047,fdr_bh,1.666,-1.386750490563073,-1.950503172113597,0.2184523645447195
