Source,SS,DF,MS,F,p-unc,ng2,eps
condition,103.68404338527601,4,25.921010846319003,6.884349401425928,0.0007708861342417089,0.4348321637101045,0.6234130748265523
Error,90.36500387136104,24,3.7652084946400435,,,,
