Source,SS,DF,MS,F,p-unc,ng2,eps
condition,55.044449776601105,4,13.761112444150276,4.176111689309301,0.005236985573278677,0.11255916670047256,0.6487890900626245
Error,171.35026558979933,52,3.295197415188449,,,,
