Source,SS,DF,MS,F,p-unc,ng2,eps
condition,239.83539705289553,4,59.95884926322388,1.0802845312663936,0.3758358933180677,0.020254788511462146,0.7225867862411163
Error,2886.147187567931,52,55.502830530152515,,,,
