condition,count,mean,std,min,25%,50%,75%,max,sem
2 to 5,24.0,6.006562789519947,2.912485700541231,0.8751176042037927,3.5646627301549514,6.145877165736106,7.663618691519156,11.70666741616478,0.594508654123202
3 to 5,24.0,4.996498370708924,3.7503409966446943,-2.85147525039194,2.750162922514754,4.304641048196978,6.63103194421873,16.516159840958252,0.7655351502683684
4 to 5,24.0,5.848105874286141,4.570618212417066,-2.822496358094764,3.1603340415671917,4.782034175563037,9.568197611252385,13.883546168258595,0.9329735357911324
5 to 5,24.0,2.6478373100460133,2.519710326741363,-3.988487537964667,1.4513079990436237,3.134707295372095,4.636350449296122,5.394100404090085,0.5143337166781516
6 to 5,16.0,5.455805581437463,3.392336717632363,-2.571328277508027,2.89739030201474,6.00902366159697,7.701064477784143,10.239529465858332,0.848084179408091
