condition,count,mean,std,min,25%,50%,75%,max,sem
2 to 5,15.0,1.8805377699611274,0.7852877799365025,0.949318254523132,1.211047852262595,1.6586839579397408,2.418981777972419,3.300465467028538,0.20276043291161794
3 to 5,9.0,3.599928779830959,2.1694060322255826,1.0246064471612604,2.2134194151648736,3.4688794525035087,4.528632354466076,7.66260060844812,0.7231353440751942
4 to 5,7.0,3.256329212905949,1.5518052352838128,1.7664959135278593,1.91427030327184,2.978064650597387,4.1778223236998935,5.865558672272927,0.5865272479670062
5 to 5,9.0,2.2720928234160604,1.5794926555535915,0.4243266421813063,1.1484567998626256,2.092573067204184,2.692839407900662,5.459327725883974,0.5264975518511972
6 to 5,9.0,4.418594382649313,1.9009387960250257,2.387423318234468,3.159044415093573,3.2624596952323275,6.178614547705796,7.377377728770778,0.6336462653416753
