condition,count,mean,std,min,25%,50%,75%,max,sem
2 to 5,19.0,6.639247549580581,2.808724122708088,2.575263546951817,4.130809310868959,6.589001287318713,8.495563340177508,11.70666741616478,0.6443655058510258
3 to 5,16.0,6.619811239738485,3.311141348359698,2.8478400892734865,4.115111281000777,6.505515823945682,7.247859589391436,16.516159840958252,0.8277853370899244
4 to 5,15.0,8.304767997911375,3.546936596935019,1.791564060572869,5.61985892562055,8.66834397523061,11.111951807020544,13.883546168258595,0.9158150913321959
5 to 5,13.0,4.040239725888925,1.14814744753438,1.4888704260530958,3.257698535845603,4.568995907999477,4.852852346891043,5.394100404090085,0.3184388072214082
6 to 5,12.0,6.824245202453451,2.37464838656166,2.4711403587925687,5.400867640959275,6.786087089159236,8.529117766146673,10.239529465858332,0.6855019426060426
