condition,count,mean,std,min,25%,50%,75%,max,sem
2 to 5,11.0,99.0928071954375,4.758576591708106,91.2068440356563,95.98708555395258,98.8681319249193,101.3826321453384,107.01449701111164,1.434764826442183
3 to 5,13.0,97.67509632662723,5.226831071698506,88.64048336394133,96.67776380097428,98.51719992031364,100.34446389611176,105.74687023778048,1.4496621105536427
4 to 5,16.0,99.13491322064795,3.8748499702427295,93.39507310873,97.10048862023515,99.12301694359846,100.06023015619131,105.72590477380083,0.9687124925606826
5 to 5,15.0,99.6223962671128,3.396889253681427,94.29535999105669,97.48684466400155,99.6669505425632,100.94438635196843,106.0127655003348,0.8770730338946069
6 to 5,4.0,98.48847278442918,4.871685204820982,93.2738622533114,95.15417642355317,98.3015350518381,101.63583141271411,104.07695878072914,2.435842602410492
