condition,count,mean,std,min,25%,50%,75%,max,sem
2 to 5,15.0,101.06666666666666,13.477317805783734,84.0,84.0,112.0,112.0,112.0,3.4798284942230056
3 to 5,9.0,103.11111111111111,9.955456348712053,88.0,92.0,104.0,112.0,112.0,3.3184854495706837
4 to 5,7.0,102.28571428571429,10.54694719992924,84.0,98.0,100.0,112.0,112.0,3.9863713402773993
5 to 5,9.0,96.0,12.489995996796797,84.0,84.0,92.0,112.0,112.0,4.163331998932265
6 to 5,9.0,98.22222222222223,10.603982480391245,84.0,96.0,96.0,108.0,112.0,3.5346608267970807
