condition,count,mean,std,min,25%,50%,75%,max,sem
2 to 5,12.0,1.5910417966135892,1.8351492507416933,0.0523447762958788,0.6003744418327507,0.9000297311218772,1.8441735162255095,6.765459412083382,0.5297619569594283
3 to 5,13.0,1.7299709477932763,1.367960835809532,0.2860213152824575,0.614702137282894,1.2760915611972414,2.5210574876433878,4.465205357619774,0.379404072025988
4 to 5,16.0,3.3464820371280943,3.9376686221617843,-0.0627844288047731,0.4422355462564098,1.880823861387369,5.637633770220683,13.161046544082046,0.9844171555404461
6 to 5,4.0,1.5512938005309873,0.9585089567678174,0.6397610731872293,1.0588125769196726,1.3371423930298172,1.8296236166411322,2.8911293428770857,0.47925447838390867
