condition,count,mean,std,min,25%,50%,75%,max,sem
2 to 5,21.0,467.39166271266333,27.56483527546157,404.1621666942031,452.5237420935544,479.1631696789266,485.5875499996532,508.4559189300949,6.015140198513883
3 to 5,16.0,479.5773968650079,38.82468837131829,390.4421101429545,458.64723889478796,483.7687472154983,494.6597908646462,559.0873172665584,9.706172092829572
4 to 5,15.0,501.4820485556994,27.940719345942,456.9649365749039,476.9746006497659,497.6415953022452,522.573886528252,558.7360781141012,7.2142627138592506
6 to 5,12.0,501.15675798307103,49.84214336866088,398.3938631747297,463.3537370226365,521.0243172070807,536.6111779615657,562.1229250410754,14.388187445442137
