Source,SS,DF,MS,F,p-unc,ng2,eps
condition,55.416501798374654,4,13.854125449593663,3.5454495376892057,0.009769392800621042,0.08548507118931836,0.8400206459294032
Error,359.49730148841473,92,3.907579364004508,,,,
