Source,SS,DF,MS,F,p-unc,ng2,eps
condition,5.151642609873447,4,1.2879106524683617,0.5298621101250941,0.7162809276171579,0.13218901908317024,0.5099960586308095
Error,29.167829769846378,12,2.4306524808205316,,,,
