Source,SS,DF,MS,F,p-unc,ng2,eps
condition,15.656068518769157,4,3.914017129692289,1.7327269612730916,0.2354475241596296,0.2789305911543298,0.3328668244679087
Error,18.07101622896908,8,2.258877028621135,,,,
