Source,SS,DF,MS,F,p-unc,ng2,eps
condition,14.062996861686585,4,3.5157492154216463,1.505121650393211,0.2880694626711095,0.3171463855453533,0.41462731654259755
Error,18.686857448383186,8,2.3358571810478983,,,,
