Source,SS,DF,MS,F,p-unc,ng2,eps
condition,54.37239901323932,4,13.59309975330983,4.935494632952114,0.0014902783670339998,0.12114936359019667,0.7391361183552962
Error,187.2822993370757,68,2.7541514608393487,,,,
