Source,SS,DF,MS,F,p-unc,ng2,eps
condition,1260.2405895230456,4,315.0601473807614,5.3524985325890375,0.000830230467432434,0.12444378810024993,0.8291617283071924
Error,4002.633516188711,68,58.862257591010454,,,,
