Source,SS,DF,MS,F,p-unc,ng2,eps
condition,2377.5999999999976,4,594.3999999999994,3.4748280605226936,0.012144420963750622,0.08347845626650181,0.8244290407718602
Error,11631.999999999996,68,171.0588235294117,,,,
