condition,count,mean,std,min,25%,50%,75%,max,sem
3 to 1,20.0,5.754877233005362,3.045018355105663,0.8951365016862287,3.9005150880309625,5.153214168993099,6.70405404133256,14.344693669431647,0.6808868034750857
3 to 2,18.0,6.50203704445147,4.1145534410261,2.1020452012631097,3.3781649120911927,5.886168979439048,8.365263584900866,17.807660321141263,0.9698095465679994
3 to 4,17.0,6.111476678005296,3.257866184576471,1.8241293679468455,3.514733962057129,6.599317944466699,8.668168997412844,13.577703064287244,0.7901486113609877
3 to 5,16.0,6.358061690490167,3.2906218296918976,2.78724657893672,3.418683071458134,6.505515823945682,7.318680468487171,15.40324265467878,0.8226554574229744
3 to 6,20.0,4.761746509266565,2.301565016431482,1.7025719195592026,3.237514030417349,4.319737385724441,6.110618968379713,10.291566969130308,0.5146455831376214
