condition,count,mean,std,min,25%,50%,75%,max,sem
3 to 1,14.0,-2.6112967199678243,1.6766979756479725,-6.180476194192522,-3.5554471364495623,-1.7884572905685054,-1.4103019707192757,-1.026168931459157,0.448116383283725
3 to 2,13.0,-2.7774067294938996,1.6374737340244552,-5.646813636861455,-3.051426239146428,-2.306208529453704,-1.901224117987338,-0.6103766252939653,0.45415350078851197
3 to 4,15.0,-2.495264359319362,1.4948008845494074,-5.415187366509326,-2.6794720860048535,-2.0745926002300994,-1.4210485913059205,-0.9457172755063322,0.3859559287837313
3 to 5,17.0,-2.772959633154496,1.2392039549100409,-4.947375182615543,-3.081284426334601,-2.767528711710518,-2.18501859834795,-0.8652280323848337,0.3005511057516026
3 to 6,14.0,-3.1272336379330237,1.2488500869877732,-4.883117835575449,-4.313285392485001,-3.1908826795083693,-2.2316422525918473,-0.9994034610156372,0.33376922521079144
