condition,count,mean,std,min,25%,50%,75%,max,sem
3 to 1,24.0,479.1666666666667,30.712788253736267,428.0,456.0,480.0,492.0,540.0,6.269221649983222
3 to 2,24.0,485.8333333333333,36.00925806881706,432.0,457.0,490.0,509.0,540.0,7.350359023733314
3 to 4,24.0,487.8333333333333,41.055282630668344,428.0,455.0,486.0,528.0,540.0,8.38037447424054
3 to 5,24.0,483.5,39.76124396619314,428.0,446.0,480.0,521.0,540.0,8.116229937957469
3 to 6,24.0,488.0,41.81948786412133,428.0,460.0,484.0,540.0,540.0,8.536367214300899
