condition,count,mean,std,min,25%,50%,75%,max,sem
3 to 1,24.0,4.849211611475462,3.4692192000335274,-0.5945945908841087,3.3495172163048617,4.543144586726552,6.156933840333895,14.344693669431647,0.708151403829049
3 to 2,24.0,5.053303088850884,4.5184803475140205,-2.075173742094301,2.2689400750213844,4.167763919298075,6.683067594306332,17.807660321141263,0.9223309386835803
3 to 4,24.0,4.017249001682513,4.385860239397553,-3.980113038860865,0.9166577437940571,3.6899209408547198,7.651505747599954,13.577703064287244,0.89525997247374
3 to 5,24.0,4.196273363647095,4.2793369704939,-2.9894699608306,1.8816129907484211,3.415429058631558,6.728196502108208,15.40324265467878,0.8735160012614708
3 to 6,24.0,3.968095797124834,2.93468578219793,-3.657364916621274,2.4516829853112796,3.573016653156367,5.596156501393557,10.291566969130308,0.5990402268154548
