condition,count,mean,std,min,25%,50%,75%,max,sem
3 to 1,24.0,-3.918017979564642,2.5618787590392578,-10.405896236580077,-6.096230209831285,-2.979899957947584,-2.117700613826525,-0.715024791837889,0.5229413118767299
3 to 2,24.0,-5.76898017442145,2.545655712532727,-10.326302308053505,-6.7996046184404175,-5.270097770811725,-4.221232331975818,-1.3497673420148362,0.5196297963755264
3 to 4,24.0,-5.387818735730025,2.4523770673208567,-10.311631673551576,-6.625835315849424,-4.611342770528971,-3.945138286426014,0.1760123071788824,0.5005893726532608
3 to 5,24.0,-5.19690098613517,2.650111376970209,-11.971443553643391,-6.115392443822011,-4.870508595384667,-3.5018476540099024,0.0911155798239707,0.5409517195934609
3 to 6,24.0,-6.655764405798448,2.863567862510907,-12.81101406208263,-8.346016168197828,-5.873559084745185,-4.581068878442278,-2.5628757115661545,0.5845233422486681
