Source,SS,DF,MS,F,p-unc,p-GG-corr,ng2,eps,sphericity,W-spher,p-spher
condition,46.78561561720069,4,11.696403904300173,3.2740324321529,0.021783489698304227,0.06496866874317594,0.1337138780839511,0.47239699096571564,False,0.04954187892515842,0.009487658173790721
Error,128.60915378224385,36,3.572476493951218,,,,,,,,
