Source,SS,DF,MS,F,p-unc,ng2,eps
condition,1843.7731034942813,4,460.9432758735703,4.44669926775726,0.005051490873338799,0.17257037573486553,0.5265435771074617
Error,3731.7472876500306,36,103.65964687916751,,,,
