Source,SS,DF,MS,F,p-unc,ng2,eps
condition,48.63999999999993,4,12.159999999999982,1.034013605442178,0.4200509598872251,0.07480314960629914,0.502698553017258
Error,188.1599999999995,16,11.75999999999997,,,,
