Source,SS,DF,MS,F,p-unc,p-GG-corr,ng2,eps,sphericity,W-spher,p-spher
condition,262.4,4,65.6,0.4195348837209301,0.7941490664458768,0.7183932614332171,0.007196385781223767,0.6726313702352102,False,0.3648698753591759,0.014931652578874086
Error,13760.000000000004,88,156.3636363636364,,,,,,,,
