{
  "analysis_id": "from1_to_any_ACC1",
  "date_analyzed": "2025-10-13T19:56:55.707444",
  "baseline_ms": [
    -100,
    0
  ],
  "response_filter": "ACC1",
  "fal_fraction": 0.5,
  "n_subjects_total": 24,
  "n_evokeds_included": 6,
  "conditions": [
    "1 to 2",
    "1 to 3",
    "1 to 4"
  ],
  "components": {
    "P1": {
      "peak_latency_ms": 104.0,
      "peak_gfp_amplitude": 0.8520735930598133,
      "fwhm_ms": 54.12246141396045,
      "window_start_ms": 67.92061663980692,
      "window_end_ms": 122.04307805376737,
      "search_range_ms": [
        60.0,
        120.0
      ],
      "method": "GFP_collapsed_localizer",
      "n_subjects": 6,
      "n_conditions": 3
    },
    "N1": {
      "peak_latency_ms": 168.0,
      "peak_gfp_amplitude": -6.277208798722507,
      "fwhm_ms": 52.247072223368065,
      "window_start_ms": 147.52696431469403,
      "window_end_ms": 199.7740365380621,
      "search_range_ms": [
        125.0,
        200.0
      ],
      "method": "GFP_collapsed_localizer",
      "n_subjects": 6,
      "n_conditions": 3
    },
    "P3b": {
      "peak_latency_ms": 508.0,
      "peak_gfp_amplitude": 1.0840787756238675,
      "fwhm_ms": 121.7548994414492,
      "window_start_ms": 419.73655542311167,
      "window_end_ms": 541.4914548645609,
      "search_range_ms": [
        320.0,
        590.0
      ],
      "method": "GFP_collapsed_localizer",
      "n_subjects": 6,
      "n_conditions": 3
    }
  }
}