{
  "analysis_id": "from1_to_any_ACC1",
  "date_analyzed": "2025-11-03T15:09:42.869105",
  "baseline_ms": [
    -100,
    0
  ],
  "response_filter": "ACC1",
  "fal_fraction": 0.5,
  "n_subjects_total": 24,
  "n_evokeds_included": 72,
  "conditions": [
    "1 to 2",
    "1 to 3",
    "1 to 4"
  ],
  "components": {
    "P1": {
      "collapsed_peak_latency_ms": 84.0,
      "peak_gfp_amplitude": 0.28126055089724833,
      "fwhm_ms": 38.0844764215982,
      "window_start_ms": 64.70764508000144,
      "window_end_ms": 102.79212150159964,
      "search_range_ms": [
        60.0,
        120.0
      ],
      "method": "GFP_collapsed_localizer",
      "n_subjects": 72,
      "n_conditions": 3
    },
    "N1": {
      "collapsed_peak_latency_ms": 164.0,
      "peak_gfp_amplitude": -4.365758737650271,
      "fwhm_ms": 80.193315448269,
      "window_start_ms": 135.82392836960724,
      "window_end_ms": 216.01724381787625,
      "search_range_ms": [
        125.0,
        200.0
      ],
      "method": "GFP_collapsed_localizer",
      "n_subjects": 72,
      "n_conditions": 3
    },
    "P3b": {
      "collapsed_peak_latency_ms": 476.0,
      "peak_gfp_amplitude": 3.0242604196382863,
      "fwhm_ms": 171.94756361620102,
      "window_start_ms": 366.12437507278196,
      "window_end_ms": 538.071938688983,
      "search_range_ms": [
        320.0,
        590.0
      ],
      "method": "GFP_collapsed_localizer",
      "n_subjects": 72,
      "n_conditions": 3
    },
    "Fz": {
      "collapsed_peak_latency_ms": 88.0,
      "peak_gfp_amplitude": 0.12786714196570267,
      "fwhm_ms": 29.584615185545204,
      "window_start_ms": 74.87670792181484,
      "window_end_ms": 104.46132310736004,
      "search_range_ms": [
        80.0,
        120.0
      ],
      "method": "GFP_collapsed_localizer",
      "n_subjects": 72,
      "n_conditions": 3
    }
  }
}