{
  "analysis_id": "decrease_by_1_ACC1",
  "date_analyzed": "2025-10-15T16:40:08.913279",
  "baseline_ms": [
    -100,
    0
  ],
  "response_filter": "ACC1",
  "fal_fraction": 0.5,
  "n_subjects_total": 24,
  "n_evokeds_included": 112,
  "conditions": [
    "2 to 1",
    "3 to 2",
    "4 to 3",
    "5 to 4",
    "6 to 5"
  ],
  "components": {
    "P1": {
      "collapsed_peak_latency_ms": 112.0,
      "peak_gfp_amplitude": 0.6260716994186002,
      "fwhm_ms": 26.727618517054367,
      "window_start_ms": 96.31852644268517,
      "window_end_ms": 123.04614495973954,
      "search_range_ms": [
        60.0,
        120.0
      ],
      "method": "GFP_collapsed_localizer",
      "n_subjects": 112,
      "n_conditions": 5
    },
    "N1": {
      "collapsed_peak_latency_ms": 172.0,
      "peak_gfp_amplitude": -3.87297071989748,
      "fwhm_ms": 65.05744903214074,
      "window_start_ms": 142.22566960477897,
      "window_end_ms": 207.2831186369197,
      "search_range_ms": [
        125.0,
        200.0
      ],
      "method": "GFP_collapsed_localizer",
      "n_subjects": 112,
      "n_conditions": 5
    },
    "P3b": {
      "collapsed_peak_latency_ms": 480.0,
      "peak_gfp_amplitude": 2.7713959172908704,
      "fwhm_ms": 106.35589142047286,
      "window_start_ms": 447.62755700823993,
      "window_end_ms": 553.9834484287128,
      "search_range_ms": [
        320.0,
        590.0
      ],
      "method": "GFP_collapsed_localizer",
      "n_subjects": 112,
      "n_conditions": 5
    }
  }
}