{
  "analysis_id": "decrease_by_1_ACC1",
  "date_analyzed": "2025-10-13T19:56:40.345610",
  "baseline_ms": [
    -100,
    0
  ],
  "response_filter": "ACC1",
  "fal_fraction": 0.5,
  "n_subjects_total": 24,
  "n_evokeds_included": 11,
  "conditions": [
    "2 to 1",
    "3 to 2",
    "4 to 3",
    "5 to 4",
    "6 to 5"
  ],
  "components": {
    "P1": {
      "peak_latency_ms": 116.0,
      "peak_gfp_amplitude": 1.9969623810183936,
      "fwhm_ms": 50.844049166832036,
      "window_start_ms": 83.30372734903912,
      "window_end_ms": 134.14777651587116,
      "search_range_ms": [
        60.0,
        120.0
      ],
      "method": "GFP_collapsed_localizer",
      "n_subjects": 11,
      "n_conditions": 5
    },
    "N1": {
      "peak_latency_ms": 176.0,
      "peak_gfp_amplitude": -3.8332202799017696,
      "fwhm_ms": 61.88749905124314,
      "window_start_ms": 145.22920097721453,
      "window_end_ms": 207.11670002845767,
      "search_range_ms": [
        125.0,
        200.0
      ],
      "method": "GFP_collapsed_localizer",
      "n_subjects": 11,
      "n_conditions": 5
    },
    "P3b": {
      "peak_latency_ms": 508.0,
      "peak_gfp_amplitude": 3.504011881371468,
      "fwhm_ms": 130.4647656710764,
      "window_start_ms": 433.4956328726822,
      "window_end_ms": 563.9603985437586,
      "search_range_ms": [
        320.0,
        590.0
      ],
      "method": "GFP_collapsed_localizer",
      "n_subjects": 11,
      "n_conditions": 5
    }
  }
}