{
  "analysis_id": "decrease_by_1_ACC1",
  "date_analyzed": "2025-10-18T13:37:09.126692",
  "baseline_ms": [
    -100,
    0
  ],
  "response_filter": "ACC1",
  "fal_fraction": 0.5,
  "n_subjects_total": 24,
  "n_evokeds_included": 112,
  "conditions": [
    "2 to 1",
    "3 to 2",
    "4 to 3",
    "5 to 4",
    "6 to 5"
  ],
  "components": {
    "P1": {
      "collapsed_peak_latency_ms": 112.0,
      "peak_gfp_amplitude": 0.45240487609811764,
      "fwhm_ms": 25.02664516842148,
      "window_start_ms": 98.83410839913753,
      "window_end_ms": 123.86075356755902,
      "search_range_ms": [
        60.0,
        120.0
      ],
      "method": "GFP_collapsed_localizer",
      "n_subjects": 112,
      "n_conditions": 5
    },
    "N1": {
      "collapsed_peak_latency_ms": 172.0,
      "peak_gfp_amplitude": -4.004837947102507,
      "fwhm_ms": 69.88995190176794,
      "window_start_ms": 142.46488939506057,
      "window_end_ms": 212.3548412968285,
      "search_range_ms": [
        125.0,
        200.0
      ],
      "method": "GFP_collapsed_localizer",
      "n_subjects": 112,
      "n_conditions": 5
    },
    "P3b": {
      "collapsed_peak_latency_ms": 480.0,
      "peak_gfp_amplitude": 2.9632082411553915,
      "fwhm_ms": 119.38709628754964,
      "window_start_ms": 438.8108846369437,
      "window_end_ms": 558.1979809244933,
      "search_range_ms": [
        320.0,
        590.0
      ],
      "method": "GFP_collapsed_localizer",
      "n_subjects": 112,
      "n_conditions": 5
    }
  }
}