Source,SS,DF,MS,F,p-unc,ng2,eps
condition,94.06060606060603,2,47.03030303030302,1.9094488188976377,0.17421412994202468,0.06918687589158343,0.8818118447849322
Error,492.6060606060605,20,24.630303030303025,,,,
