Source,SS,DF,MS,F,p-unc,ng2,eps
condition,35.87878787878791,2,17.939393939393955,0.5203938115330523,0.6021158070179893,0.019170984455958568,0.9964990922477361
Error,689.4545454545457,20,34.47272727272728,,,,
