Source,SS,DF,MS,F,p-unc,ng2,eps
condition,7.875955158035945,2,3.9379775790179723,1.9481086854513556,0.15812914465893607,0.027516382809795254,0.8251244124098167
Error,68.72883360488171,34,2.021436282496521,,,,
