Source,SS,DF,MS,F,p-unc,p-GG-corr,ng2,eps,sphericity,W-spher,p-spher
condition,1.7818814137602514,2,0.8909407068801257,1.267263636327067,0.30326021429869604,0.2941701808050276,0.027296728401907968,0.6264537339184623,False,0.40371292266867276,0.016878231153704123
Error,14.060858077840145,20,0.7030429038920072,,,,,,,,
