Source,SS,DF,MS,F,p-unc,ng2,eps
condition,3.2723824039464144,2,1.6361912019732072,1.6253648011049282,0.22178598640755687,0.0399882805350379,0.6951695465665444
Error,20.1332181041563,20,1.006660905207815,,,,
