Source,SS,DF,MS,F,p-unc,ng2,eps
condition,61.777777777777196,2,30.888888888888598,0.9433461197993428,0.39672432024472104,0.010379718478139021,0.8907922345874022
Error,1506.2222222222208,46,32.743961352656974,,,,
