Source,SS,DF,MS,F,p-unc,ng2,eps
condition,19.35030974642282,2,9.67515487321141,2.1312828234348644,0.14485474369279447,0.060307437275449856,0.9361181716483414
Error,90.7918439244823,20,4.539592196224115,,,,
