condition,count,mean,std,min,25%,50%,75%,max,sem
Decreasing Crossover,24.0,108.66666666666667,9.262672478786852,96.0,102.0,108.0,120.0,120.0,1.8907351022957022
Decreasing Large,24.0,108.16666666666667,8.463048410933089,96.0,100.0,108.0,116.0,120.0,1.7275125229381727
Decreasing Small,24.0,110.33333333333333,9.93310961716756,96.0,100.0,114.0,120.0,120.0,2.0275875100994063
