condition,count,mean,std,min,25%,50%,75%,max,sem
Decreasing Crossover,17.0,108.0,8.831760866327848,96.0,104.0,108.0,112.0,120.0,2.1420166418862494
Decreasing Large,15.0,112.0,6.590035768383312,100.0,108.0,112.0,118.0,120.0,1.7015399187906508
Decreasing Small,16.0,110.75,9.433981132056603,96.0,103.0,114.0,120.0,120.0,2.3584952830141517
