Contrast,Coef,Std.Err.,z,P>|z|,P>|z| (adj)
Decreasing Crossover - Decreasing Large,1.000054649178962,0.42865990649159624,2.332979208071954,0.01964923659848683,0.03891238069807035
Decreasing Crossover - Decreasing Small,-0.4496487463804185,0.45413219659708676,-0.9901274337070489,0.32211183581395186,0.3221118358139518
Decreasing Large - Decreasing Small,-1.4497033955593803,0.39330976048341754,-3.685907498907599,0.00022788911912963172,0.0006835115688721105
