Contrast,Coef,Std.Err.,z,P>|z|,P>|z| (adj)
Decreasing Crossover - Decreasing Large,-0.9240936705245205,0.46699228108303514,-1.9788200104322686,0.04783627470703711,0.0933842402362271
Decreasing Crossover - Decreasing Small,-1.0427344438388046,0.4273056873493653,-2.4402540726921442,0.014676935351909837,0.043387730356085626
Decreasing Large - Decreasing Small,-0.11864077331428413,0.43100695558628294,-0.2752641732960004,0.783113287194865,0.783113287194865
