Contrast,Coef,Std.Err.,z,P>|z|,P>|z| (adj)
Decreasing Crossover - Decreasing Large,0.6577297763214716,0.35436515824092135,1.8560791348293402,0.06344227930771451,0.12285963581167098
Decreasing Crossover - Decreasing Small,-0.20802694130371074,0.38773523638431723,-0.5365180199859825,0.5916005853109008,0.5916005853109008
Decreasing Large - Decreasing Small,-0.8657567176251824,0.34105493546273125,-2.538467055023128,0.011133928514285074,0.033031272660740484
