Contrast,Coef,Std.Err.,z,P>|z|,P>|z| (adj)
Decreasing Crossover - Decreasing Large,-10.954102370778282,6.922611358316239,-1.5823656426442243,0.11356612330498339,0.30347126914227335
Decreasing Crossover - Decreasing Small,-2.2187765333797143,6.414880211057879,-0.345879651743928,0.729433161474756,0.729433161474756
Decreasing Large - Decreasing Small,8.735325837398568,6.4980053911162505,1.3443088011809086,0.17884855071051575,0.3257102973297796
