Contrast,A,B,Paired,Parametric,T,dof,alternative,p-unc,p-corr,p-adjust,BF10,cohen,ci_lower,ci_upper
condition,Decreasing Crossover,Decreasing Large,True,True,2.0399223922527225,10.0,two-sided,0.06865626483346013,0.15606555866186753,fdr_bh,1.345,0.47177634888327485,-0.11753549398601171,1.347654980630825
condition,Decreasing Crossover,Decreasing Small,True,True,0.04410886293863385,10.0,two-sided,0.9656859824984089,0.9656859824984089,fdr_bh,0.298,0.014022104502972622,-0.9552402001063938,0.23625086595199996
condition,Decreasing Large,Decreasing Small,True,True,-1.7881259679090804,10.0,two-sided,0.10404370577457835,0.15606555866186753,fdr_bh,0.991,-0.571426494953967,-0.7762735268084027,0.44078646226101537
