Source,SS,DF,MS,F,p-unc,ng2,eps
condition,0.20297126967136744,2,0.10148563483568372,0.054625861452576766,0.9469006564338612,0.0008255958352117981,0.9944093753271283
Error,85.46023949652954,46,1.857831293402816,,,,
