Source,SS,DF,MS,F,p-unc,ng2,eps
condition,3.1111111111110987,2,1.5555555555555494,0.03999999999999989,0.9608228197993595,0.0005325623858794867,0.8542361783327485
Error,1788.8888888888869,46,38.88888888888884,,,,
