Source,SS,DF,MS,F,p-unc,ng2,eps
condition,3.873402914437497,2,1.9367014572187484,1.3375642214026862,0.276764509285946,0.011389320096269561,0.8565079964501381
Error,46.33381009998021,32,1.4479315656243816,,,,
