Source,SS,DF,MS,F,p-unc,ng2,eps
condition,15.613870510446478,2,7.806935255223239,4.064427308716029,0.024343985690610418,0.042713673394716926,0.9984723082320749
Error,80.67342722951992,42,1.9207958864171408,,,,
