condition,count,mean,std,min,25%,50%,75%,max,sem
Increase by 1 (no 1),18.0,4.773652698436305,2.934658437543607,0.7421610683538297,2.6394122067059764,3.4807717798353606,7.254512686808373,9.744633161439156,0.6917056272178009
Increase by 2 (no 1),18.0,5.50393159895334,2.706181476575081,0.7800436403073026,3.754218398523371,5.794863892698475,7.333004471443874,9.718334818322546,0.6378530910692212
Increase by 3 (no 1),22.0,4.4334862662156365,2.363175474922562,0.8428296542070808,2.8289086674131534,3.9152848501681428,5.672754796423167,9.398247882248752,0.5038307041275002
