condition,count,mean,std,min,25%,50%,75%,max,sem
Increase by 1 (no 1),22.0,164.36363636363637,17.322007621864966,136.0,152.0,162.0,179.0,200.0,3.693064433698954
Increase by 2 (no 1),24.0,169.0,18.434372431860048,136.0,155.0,168.0,185.0,200.0,3.7629005155405157
Increase by 3 (no 1),23.0,167.47826086956522,20.478080443638426,136.0,154.0,168.0,182.0,208.0,4.269974944718907
