condition,count,mean,std,min,25%,50%,75%,max,sem
Increase by 1 (no 1),22.0,-5.4599563454209665,2.0430513709215457,-9.454869961964029,-6.486698736863174,-5.304370391914697,-4.393853006112963,-1.1226625102221046,0.43558001583178557
Increase by 2 (no 1),24.0,-5.464297182829653,2.6283547462681707,-10.993969764648492,-6.439689239115166,-4.939456235465327,-3.770405112146282,-1.1927618575739185,0.5365106659482806
Increase by 3 (no 1),23.0,-6.423127155186836,2.5203655348606833,-13.291289707713265,-7.177798901596446,-5.858879744528072,-5.083040176796441,-2.624311759601075,0.5255325427111213
