Contrast,Coef,Std.Err.,z,P>|z|,P>|z| (adj)
Increase by 1 (no 1) - Increase by 2 (no 1),-0.1906366871429913,0.36317424702449325,-0.5249179662514296,0.5996402192815797,0.9358271498779891
Increase by 1 (no 1) - Increase by 3 (no 1),-0.06480413512000556,0.3388732978787386,-0.19123411471385648,0.848342177118766,0.9358271498779891
Increase by 2 (no 1) - Increase by 3 (no 1),0.12583255202298577,0.3593455324575177,0.35017146633891116,0.7262100193336356,0.9358271498779891
