Contrast,Coef,Std.Err.,z,P>|z|,P>|z| (adj)
Increase by 1 (no 1) - Increase by 2 (no 1),0.03491176136396336,0.27402856646939894,0.1274019048954226,0.8986223086387626,0.9424546554800198
Increase by 1 (no 1) - Increase by 3 (no 1),0.13916488459847176,0.2758598887709749,0.5044766936522967,0.6139264359381755,0.9424546554800198
Increase by 2 (no 1) - Increase by 3 (no 1),0.1042531232345084,0.2744000745447288,0.3799311039090645,0.7039965579239498,0.9424546554800198
