Contrast,Coef,Std.Err.,z,P>|z|,P>|z| (adj)
Increase by 1 (no 1) - Increase by 2 (no 1),-0.6933507505272747,0.42267023567098627,-1.6404059051534225,0.10092079834637446,0.19165658915387931
Increase by 1 (no 1) - Increase by 3 (no 1),-1.0195437257762716,0.4282935651580563,-2.3804787386894826,0.017290158773656694,0.05097879643559895
Increase by 2 (no 1) - Increase by 3 (no 1),-0.32619297524899693,0.433635268591391,-0.7522288865215998,0.45191342493494524,0.45191342493494524
