Contrast,Coef,Std.Err.,z,P>|z|,P>|z| (adj)
Increase by 1 (no 1) - Increase by 2 (no 1),-4.134572261827528,3.4107245809000264,-1.2122269517102116,0.22542551726873405,0.535281933029647
Increase by 1 (no 1) - Increase by 3 (no 1),-4.08268602676608,3.4084318386327217,-1.197819472430416,0.23098730478688534,0.535281933029647
Increase by 2 (no 1) - Increase by 3 (no 1),0.05188623506144818,3.416866315778735,0.015185327802215416,0.9878843270316178,0.9878843270316178
