Contrast,Coef,Std.Err.,z,P>|z|,P>|z| (adj)
Increase by 1 (no 1) - Increase by 2 (no 1),1.8786593114165224,1.8482636237593757,1.0164455369171428,0.3094172703148519,0.5230954934606097
Increase by 1 (no 1) - Increase by 3 (no 1),2.382520539063746,1.8367268900174483,1.2971555825815306,0.19457766013484745,0.47751838378544786
Increase by 2 (no 1) - Increase by 3 (no 1),0.5038612276472236,1.831975498984174,0.2750370995281397,0.7832877357076182,0.7832877357076182
