Contrast,Coef,Std.Err.,z,P>|z|,P>|z| (adj)
Increase by 1 (no 1) - Increase by 2 (no 1),6.148584864406399,11.049280179363627,0.5564692690017858,0.5778900969711076,0.5778900969711076
Increase by 1 (no 1) - Increase by 3 (no 1),23.982799228260575,10.36765417102619,2.3132329486147163,0.02070983494928047,0.06085169544850199
Increase by 2 (no 1) - Increase by 3 (no 1),17.834214363854176,10.9172708923431,1.6335780745682809,0.10234747470680827,0.19421994383475577
