Contrast,Coef,Std.Err.,z,P>|z|,P>|z| (adj)
Increase by 1 (no 1) - Increase by 2 (no 1),0.14665208335981908,0.3880647255907775,0.3779062452444256,0.7055002428650912,0.7055002428650912
Increase by 1 (no 1) - Increase by 3 (no 1),1.1432631264601054,0.38912015687522117,2.9380722284883194,0.0033026007142173963,0.009875116650251854
Increase by 2 (no 1) - Increase by 3 (no 1),0.9966110431002864,0.38234442404701197,2.606579252683821,0.009145165763610352,0.018206697470376794
