Contrast,A,B,Paired,Parametric,T,dof,alternative,p-unc,p-corr,p-adjust,BF10,cohen,ci_lower,ci_upper
condition,Increase by 1 (no 1),Increase by 2 (no 1),True,True,0.22752259873792005,16.0,two-sided,0.8228992646224895,0.8228992646224895,fdr_bh,0.255,0.06574103014436675,-0.4593614824224642,0.5697261538120487
condition,Increase by 1 (no 1),Increase by 3 (no 1),True,True,1.9848155252577417,16.0,two-sided,0.06458510665667015,0.19096603563980222,fdr_bh,1.208,0.5788339051330805,0.01584008300056139,1.082812522141846
condition,Increase by 2 (no 1),Increase by 3 (no 1),True,True,1.6083456305246389,16.0,two-sided,0.1273106904265348,0.19096603563980222,fdr_bh,0.729,0.5213954330985777,-0.1023679414780646,0.9343429473667347
