Contrast,A,B,Paired,Parametric,T,dof,alternative,p-unc,p-corr,p-adjust,BF10,cohen,ci_lower,ci_upper
condition,Increase by 1 (no 1),Increase by 2 (no 1),True,True,0.25253522324669775,5.0,two-sided,0.8106804654343529,0.8106804654343529,fdr_bh,0.383,0.11215706168673358,-0.5403185978532387,0.9020481606735965
condition,Increase by 1 (no 1),Increase by 3 (no 1),True,True,-0.596382874756124,5.0,two-sided,0.5768921618885952,0.8106804654343529,fdr_bh,0.431,-0.23814759411797595,-1.0576940807592217,0.5083677376355513
condition,Increase by 2 (no 1),Increase by 3 (no 1),True,True,-0.9908324665854057,5.0,two-sided,0.3672637926860689,0.8106804654343529,fdr_bh,0.543,-0.3449567320970189,-1.215748320474068,0.3863247557330591
