Contrast,A,B,Paired,Parametric,T,dof,alternative,p-unc,p-corr,p-adjust,BF10,cohen,ci_lower,ci_upper
condition,Increase by 1 (no 1),Increase by 2 (no 1),True,True,0.7074237515399273,23.0,two-sided,0.4864100972201256,0.4864100972201256,fdr_bh,0.269,0.11055314450467515,-0.28005624848323996,0.568860785682948
condition,Increase by 1 (no 1),Increase by 3 (no 1),True,True,3.012067510567291,23.0,two-sided,0.006211729091837003,0.01863518727551101,fdr_bh,7.239,0.48778386148952746,0.15439255534573737,1.0752788566051028
condition,Increase by 2 (no 1),Increase by 3 (no 1),True,True,2.247044002578374,23.0,two-sided,0.03453078867802621,0.05179618301703932,fdr_bh,1.746,0.3429230292488286,0.014758889315858892,0.9025929833338384
