Contrast,A,B,Paired,Parametric,T,dof,alternative,p-unc,p-corr,p-adjust,BF10,cohen,ci_lower,ci_upper
condition,Increase by 1 (no 1),Increase by 2 (no 1),True,True,-0.24943579255542844,23.0,two-sided,0.805237887754343,0.9325688911480849,fdr_bh,0.221,-0.05515243939438647,-0.4734524171552902,0.3716206812640377
condition,Increase by 1 (no 1),Increase by 3 (no 1),True,True,-0.2413044717804994,23.0,two-sided,0.8114574041108042,0.9325688911480849,fdr_bh,0.22,-0.03666820782662884,-0.47177507733622176,0.3732629392505474
condition,Increase by 2 (no 1),Increase by 3 (no 1),True,True,0.08554442815679605,23.0,two-sided,0.9325688911480849,0.9325688911480849,fdr_bh,0.215,0.017663755202963562,-0.4048334700914356,0.43975683664515636
