Contrast,A,B,Paired,Parametric,T,dof,alternative,p-unc,p-corr,p-adjust,BF10,cohen,ci_lower,ci_upper
condition,Increase by 1 (no 1),Increase by 2 (no 1),True,True,-1.0184591916676293,16.0,two-sided,0.3236137162354712,0.3236137162354712,fdr_bh,0.391,-0.3077431204295226,-0.7689490583484166,0.27492378509820276
condition,Increase by 1 (no 1),Increase by 3 (no 1),True,True,1.9027309693088006,16.0,two-sided,0.07522942165263657,0.11284413247895486,fdr_bh,1.076,0.43712017110697027,-0.0010862329035368212,1.0610341255245204
condition,Increase by 2 (no 1),Increase by 3 (no 1),True,True,2.896607934457385,16.0,two-sided,0.010514761680806249,0.03154428504241875,fdr_bh,5.157,0.8586132129179358,0.11995613375717318,1.2205850578281683
