Contrast,A,B,Paired,Parametric,T,dof,alternative,p-unc,p-corr,p-adjust,BF10,cohen,ci_lower,ci_upper
condition,Increase by 1 (no 1),Increase by 2 (no 1),True,True,0.05447489805694988,5.0,two-sided,0.9586664572063681,0.9586664572063681,fdr_bh,0.374,0.023795675940179662,-0.5735787287610464,0.8646932211258417
condition,Increase by 1 (no 1),Increase by 3 (no 1),True,True,-1.0422100596067339,5.0,two-sided,0.345061537484861,0.6668521137632404,fdr_bh,0.563,-0.3300640207101847,-1.5887362304262302,0.1388226934301824
condition,Increase by 2 (no 1),Increase by 3 (no 1),True,True,-0.8295722429700044,5.0,two-sided,0.44456807584216024,0.6668521137632404,fdr_bh,0.489,-0.3640334399146189,-1.1220104890617264,0.45721872003535674
