Contrast,A,B,Paired,Parametric,T,dof,alternative,p-unc,p-corr,p-adjust,BF10,cohen,ci_lower,ci_upper
condition,Increase by 1 (no 1),Increase by 2 (no 1),True,True,-0.057410456373708896,5.0,two-sided,0.9564419227448437,0.9564419227448437,fdr_bh,0.374,-0.0248730343128076,-0.4952219834338376,0.9542072207826808
condition,Increase by 1 (no 1),Increase by 3 (no 1),True,True,3.33499121079401,5.0,two-sided,0.02066558439897039,0.06199675319691117,fdr_bh,4.006,0.6933234374908261,0.19147416901933156,2.2072082960030928
condition,Increase by 2 (no 1),Increase by 3 (no 1),True,True,1.7820261580253782,5.0,two-sided,0.13484258228530813,0.2022638734279622,fdr_bh,1.032,0.8186424818458888,-0.7244850404483819,0.8136141474448747
