Source,SS,DF,MS,F,p-unc,ng2,eps
condition,717.3333333333333,3,239.1111111111111,2.1315372424722665,0.13900536419203893,0.22213047068538397,0.6281578594473499
Error,1682.6666666666665,15,112.17777777777776,,,,
