Source,SS,DF,MS,F,p-unc,ng2,eps
condition,495.7400542834481,3,165.24668476114937,5.012118515282026,0.004635691717218327,0.1085984673714768,0.7121213977713292
Error,1384.7160115641736,42,32.969428846766036,,,,
