Source,SS,DF,MS,F,p-unc,ng2,eps
condition,31.419037019268433,3,10.473012339756144,2.376824679361515,0.08346486715773634,0.10626137930481583,0.8068944311798476
Error,185.06477237854966,42,4.406304104251182,,,,
