Source,SS,DF,MS,F,p-unc,ng2,eps
condition,13.665139696588781,3,4.555046565529594,0.9184116985799775,0.4402409561337376,0.032314046356782644,0.7771607197297012
Error,208.30740293056385,42,4.95970006977533,,,,
