Source,SS,DF,MS,F,p-unc,ng2,eps
condition,8528.000000000011,3,2842.66666666667,1.3894423238059788,0.25923761770845044,0.06436938931605016,0.6265987091155598
Error,85928.0,42,2045.904761904762,,,,
