condition,count,mean,std,min,25%,50%,75%,max,sem
2 to 1,17.0,-2.754793045463634,1.5547086203004838,-6.411816168992805,-3.6001444901297446,-2.5837441585433742,-1.5191659794720975,-0.1556084887333082,0.37707222697395276
2 to 3,18.0,-2.1711431759626025,1.5437257584348987,-5.7589720205898125,-3.2110962739950826,-1.7788296729666162,-0.8101118128291875,-0.371098306915636,0.3638596506938876
2 to 4,16.0,-2.7232830958944527,1.5734677111071071,-6.143868588060331,-3.333892913004303,-2.302933825784827,-1.7190002382585954,-0.6735709297668441,0.3933669277767768
2 to 5,13.0,-1.876223761448626,2.7713843897575536,-10.843627969192347,-1.1783886991698642,-0.974230795699628,-0.8201670199853592,-0.6916406927184203,0.7686437324070259
