Contrast,Coef,Std.Err.,z,P>|z|,P>|z| (adj)
2 to 1 - 2 to 3,0.3776915794697304,0.47528827051526695,0.7946579011097191,0.42681252745379705,0.7071209629819721
2 to 1 - 2 to 4,0.86548375158947,0.48449310520194633,1.7863695939051996,0.07403943542099589,0.36968891297598566
2 to 1 - 2 to 5,0.7737044885906609,0.47099387155581146,1.6427060633186583,0.10044376368037256,0.41096433186910886
2 to 3 - 2 to 4,0.4877921721197396,0.42320941933377676,1.1526023520167157,0.2490736374005591,0.6820276144794679
2 to 3 - 2 to 5,0.39601290912093046,0.4115336829504789,0.9622855322114275,0.3359061944399344,0.7071209629819721
2 to 4 - 2 to 5,-0.09177926299880912,0.41292694624678644,-0.22226513390084526,0.8241074923803753,0.8241074923803753
