Contrast,Coef,Std.Err.,z,P>|z|,P>|z| (adj)
2 to 1 - 2 to 3,1.7713892216084892,2.558970243669875,0.6922273621549039,0.48879455796663995,0.738668996035477
2 to 1 - 2 to 4,2.308956396729338,2.340106208910004,0.9866887186307773,0.3237952622316771,0.6908034582433675
2 to 1 - 2 to 5,5.8299518635770005,2.5244027089780725,2.3094381268260795,0.020919281378332988,0.11913168698611659
2 to 3 - 2 to 4,0.5375671751208488,2.5671378728922156,0.20940331284786404,0.8341334068152366,0.8341334068152366
2 to 3 - 2 to 5,4.0585626419685115,2.7078784564345137,1.4987979361940988,0.13392606018049102,0.5127241874707367
2 to 4 - 2 to 5,3.5209954668476624,2.5184750508570506,1.3980664472532491,0.16209311440357088,0.5127241874707367
