Contrast,Coef,Std.Err.,z,P>|z|,P>|z| (adj)
2 to 1 - 2 to 3,5.860568561924232,1.9131733150289343,3.063271119185351,0.002189316097826799,0.013064209540449241
2 to 1 - 2 to 4,4.7855885475319875,1.9618008228256383,2.4393855338684007,0.014712262818562749,0.07142841854770189
2 to 1 - 2 to 5,4.183019486798077,1.91462175976748,2.1847759044094857,0.028905281598435417,0.11070393970280949
2 to 3 - 2 to 4,-1.0749800143922448,1.679201159728841,-0.6401734587688312,0.5220598358453055,0.7715731994877837
2 to 3 - 2 to 5,-1.677549075126155,1.63860698326042,-1.0237653642780467,0.3059461134946706,0.6656667489115822
2 to 4 - 2 to 5,-0.6025690607339103,1.6363178011481478,-0.3682469629744957,0.7126890954266825,0.7715731994877837
