Contrast,Coef,Std.Err.,z,P>|z|,P>|z| (adj)
2 to 1 - 2 to 3,-0.1605806456237348,0.6003923956014531,-0.26745949282530546,0.7891153984792569,0.8500023073822489
2 to 1 - 2 to 4,0.7546518134530223,0.6122316034795549,1.2326247275770101,0.2177158069188414,0.7070302539137066
2 to 1 - 2 to 5,0.4313962835718508,0.5953256717672053,0.7246391412808801,0.4686734398221297,0.8500023073822489
2 to 3 - 2 to 4,0.9152324590767571,0.5325552721700013,1.7185680189540933,0.08569305917596504,0.4158127153069689
2 to 3 - 2 to 5,0.5919769291955856,0.5174121253584044,1.1441110483940267,0.2525775862877393,0.7070302539137066
2 to 4 - 2 to 5,-0.32325552988117157,0.518364293617608,-0.6236068607758578,0.532885803818063,0.8500023073822489
