Contrast,Coef,Std.Err.,z,P>|z|,P>|z| (adj)
2 to 1 - 2 to 3,5.860568561924244,1.9131733150289327,3.0632711191853597,0.002189316097826799,0.013064209540449241
2 to 1 - 2 to 4,4.78558854753198,1.961800822825636,2.4393855338684,0.014712262818562749,0.07142841854770189
2 to 1 - 2 to 5,4.183019486798072,1.9146217597674784,2.1847759044094848,0.028905281598435417,0.11070393970280949
2 to 3 - 2 to 4,-1.0749800143922634,1.67920115972884,-0.6401734587688427,0.5220598358452979,0.7715731994877764
2 to 3 - 2 to 5,-1.677549075126172,1.6386069832604195,-1.0237653642780573,0.3059461134946653,0.6656667489115745
2 to 4 - 2 to 5,-0.6025690607339085,1.636317801148147,-0.36824696297449483,0.7126890954266831,0.7715731994877764
