Contrast,Coef,Std.Err.,z,P>|z|,P>|z| (adj)
2 to 1 - 2 to 3,11.577108089017853,7.841513912470889,1.4763868582323112,0.13984006861790643,0.5291354008238134
2 to 1 - 2 to 4,10.105970034070396,7.621111038374253,1.3260494412408164,0.18482332128407952,0.558422449543382
2 to 1 - 2 to 5,17.624417809979423,7.153713286905576,2.4636740533395174,0.013752110735179457,0.07972733874651228
2 to 3 - 2 to 4,-1.471138054947458,7.736276484396972,-0.1901609977247511,0.8491829727207119,0.8491829727207119
2 to 3 - 2 to 5,6.04730972096157,7.5884302569607955,0.7969118139307441,0.4255022491799758,0.6699523343027334
2 to 4 - 2 to 5,7.518447775909028,7.360596067854499,1.021445506124688,0.3070434147516907,0.6672499887547523
