Contrast,A,B,Paired,Parametric,T,dof,alternative,p-unc,p-corr,p-adjust,BF10,cohen,ci_lower,ci_upper
condition,2 to 1,2 to 3,True,True,0.7772117981646448,14.0,two-sided,0.4499679121572513,0.5399614945887016,fdr_bh,0.341,0.31538677992502506,-0.35865380348103937,0.7600042502500512
condition,2 to 1,2 to 4,True,True,1.3816985594155151,14.0,two-sided,0.188716492335505,0.3846799899524924,fdr_bh,0.581,0.3052904970563137,-0.2951180217822928,0.7461810407039935
condition,2 to 1,2 to 5,True,True,2.3231128140607264,14.0,two-sided,0.03574682947136958,0.2144809768282175,fdr_bh,1.996,0.8076674169449043,0.12494222238784713,1.2273466738780887
condition,2 to 3,2 to 4,True,True,-0.0494905928759539,14.0,two-sided,0.9612274730596572,0.9612274730596572,fdr_bh,0.263,-0.02054178116611354,-0.5054328640314748,0.5604938251108021
condition,2 to 3,2 to 5,True,True,1.298464077002745,14.0,two-sided,0.21511017466625515,0.3846799899524924,fdr_bh,0.532,0.38640997298235347,-0.19962285786407247,0.8981186939421297
condition,2 to 4,2 to 5,True,True,1.1831474894175618,14.0,two-sided,0.2564533266349949,0.3846799899524924,fdr_bh,0.475,0.42697301235332263,-0.13352251955364258,0.8966153684578341
