Contrast,A,B,Paired,Parametric,T,dof,alternative,p-unc,p-corr,p-adjust,BF10,cohen,ci_lower,ci_upper
condition,2 to 1,2 to 3,True,True,-0.8203031124295957,4.0,two-sided,0.45811210015354653,0.7746564998947283,fdr_bh,0.515,-0.4535573676110724,-0.26642264783967123,1.0524769960177103
condition,2 to 1,2 to 4,True,True,-1.176696810829104,4.0,two-sided,0.304558784680535,0.7746564998947283,fdr_bh,0.651,-0.25701176212687227,-0.49880506477036524,0.7781152586358293
condition,2 to 1,2 to 5,True,True,-0.7529469661657903,4.0,two-sided,0.493370693370418,0.7746564998947283,fdr_bh,0.496,-0.5116817192534648,-0.766354617336902,0.9077759735742115
condition,2 to 3,2 to 4,True,True,0.4965635331614207,4.0,two-sided,0.645547083245607,0.7746564998947283,fdr_bh,0.439,0.26186146828318996,-0.6718091411619033,0.6718091411619033
condition,2 to 3,2 to 5,True,True,0.0,4.0,two-sided,1.0,1.0,fdr_bh,0.397,0.0,-0.4655905628254091,0.8933033305628768
condition,2 to 4,2 to 5,True,True,-0.5345224838248487,4.0,two-sided,0.6213082950374971,0.7746564998947283,fdr_bh,0.446,-0.3098386676965923,-0.6259646592980268,0.8076994191426417
