Contrast,A,B,Paired,Parametric,T,dof,alternative,p-unc,p-corr,p-adjust,BF10,cohen,ci_lower,ci_upper
condition,2 to 1,2 to 3,True,True,2.631856522661504,23.0,two-sided,0.01490554620196194,0.03153516275841047,fdr_bh,3.47,0.6239295669765432,0.08552139080883009,0.988929535313896
condition,2 to 1,2 to 4,True,True,2.6068092652617576,23.0,two-sided,0.015767581379205236,0.03153516275841047,fdr_bh,3.312,0.5897315451178774,0.08094850089484268,0.9832769252136284
condition,2 to 1,2 to 5,True,True,3.0320021651334708,23.0,two-sided,0.005927130813972338,0.03153516275841047,fdr_bh,7.533,0.6688783879653263,0.1579759328063654,1.0798337677921053
condition,2 to 3,2 to 4,True,True,-0.3382045762388498,23.0,two-sided,0.738276785836544,0.8649516679301399,fdr_bh,0.226,-0.09209547513692908,-0.49180150617308344,0.35373006609651775
condition,2 to 3,2 to 5,True,True,0.171987531206416,23.0,two-sided,0.8649516679301399,0.8649516679301399,fdr_bh,0.218,0.04218415112113568,-0.38728624717267,0.4574998627687896
condition,2 to 4,2 to 5,True,True,1.0240274502399753,23.0,two-sided,0.3164727932511604,0.4747091898767406,fdr_bh,0.343,0.13722030095504417,-0.21782180324758169,0.6358792591961201
