Contrast,A,B,Paired,Parametric,T,dof,alternative,p-unc,p-corr,p-adjust,BF10,cohen,ci_lower,ci_upper
condition,2 to 1,2 to 3,True,True,1.117161973117847,14.0,two-sided,0.28273109093194876,0.3821642674846118,fdr_bh,0.446,0.3649594057102277,-0.27673331132061363,0.8536332735741654
condition,2 to 1,2 to 4,True,True,1.6996544662467348,14.0,two-sided,0.11129586808476252,0.3821642674846118,fdr_bh,0.843,0.7050316481442905,-0.14098290339763575,1.018680695675057
condition,2 to 1,2 to 5,True,True,1.171175518640706,14.0,two-sided,0.2610764684638051,0.3821642674846118,fdr_bh,0.469,0.4156889556252782,-0.2639037579098965,0.8686961951340683
condition,2 to 3,2 to 4,True,True,1.3385471228420307,14.0,two-sided,0.20205085603742665,0.3821642674846118,fdr_bh,0.555,0.4827345894109987,-0.0728499266736945,0.8732929863700505
condition,2 to 3,2 to 5,True,True,0.39108085993820746,14.0,two-sided,0.7016245546260957,0.7016245546260957,fdr_bh,0.281,0.13571833513267134,-0.19641229525598608,0.7045336310018162
condition,2 to 4,2 to 5,True,True,-1.0344383362197829,14.0,two-sided,0.3184702229038432,0.3821642674846118,fdr_bh,0.415,-0.2972168727443604,-0.6268250402970547,0.2670694327199904
