Contrast,A,B,Paired,Parametric,T,dof,alternative,p-unc,p-corr,p-adjust,BF10,cohen,ci_lower,ci_upper
condition,2 to 1,2 to 3,True,True,-0.6224042591622377,14.0,two-sided,0.543680979453282,0.6524171753439384,fdr_bh,0.311,-0.19084714670831615,-0.7180496251835858,0.3966414478043975
condition,2 to 1,2 to 4,True,True,-0.7803976687138925,14.0,two-sided,0.4481512454254487,0.6524171753439384,fdr_bh,0.342,-0.27348327336676426,-0.7950955837251318,0.2519946614661329
condition,2 to 1,2 to 5,True,True,0.657465339657507,14.0,two-sided,0.5215452225398922,0.6524171753439384,fdr_bh,0.317,0.1888183372627184,-0.42517401464485866,0.5707184855216477
condition,2 to 3,2 to 4,True,True,-0.3957625310360721,14.0,two-sided,0.6982456291772874,0.6982456291772874,fdr_bh,0.281,-0.10404310683313787,-0.597644293663844,0.4691791606257733
condition,2 to 3,2 to 5,True,True,1.50081867766822,14.0,two-sided,0.15561560856462378,0.5155315261983567,fdr_bh,0.664,0.39226379008969287,-0.22457681059850232,0.8684095886151811
condition,2 to 4,2 to 5,True,True,1.4400352512524766,14.0,two-sided,0.1718438420661189,0.5155315261983567,fdr_bh,0.619,0.44956759277968755,-0.21050648783660553,0.8058643659417423
