Contrast,A,B,Paired,Parametric,T,dof,alternative,p-unc,p-corr,p-adjust,BF10,cohen,ci_lower,ci_upper
condition,2 to 1,2 to 3,True,True,0.6899227329806169,23.0,two-sided,0.4971458185943669,0.5965749823132402,fdr_bh,0.266,0.20515373633408296,-0.2835216048111062,0.5651813811025994
condition,2 to 1,2 to 4,True,True,1.3526487494738688,23.0,two-sided,0.18931723324312452,0.48679311087210986,fdr_bh,0.481,0.23166516765225867,-0.15412731866255724,0.7063438582333462
condition,2 to 1,2 to 5,True,True,2.2061362316313393,23.0,two-sided,0.037634181144812394,0.22580508686887438,fdr_bh,1.63,0.5353286323426055,0.007171481142823899,0.893479863951059
condition,2 to 3,2 to 4,True,True,0.05460891074536907,23.0,two-sided,0.956921627855567,0.956921627855567,fdr_bh,0.215,0.016927191440493407,-0.41112908620163446,0.4334230806575251
condition,2 to 3,2 to 5,True,True,1.15569274186651,23.0,two-sided,0.2596716800847083,0.48679311087210986,fdr_bh,0.389,0.29021002579627364,-0.19219271123921994,0.6640022974077171
condition,2 to 4,2 to 5,True,True,1.006752106870157,23.0,two-sided,0.32452874058140657,0.48679311087210986,fdr_bh,0.338,0.2850421397790513,-0.22119543656545443,0.6322002631160883
