{
  "analysis_id": "prime_22",
  "date_analyzed": "2025-11-03T15:24:53.772955",
  "baseline_ms": [
    -100,
    0
  ],
  "response_filter": "ALL",
  "fal_fraction": 0.5,
  "n_subjects_total": 24,
  "n_evokeds_included": 86,
  "conditions": [
    "2a",
    "2b",
    "2c",
    "2d",
    "2e"
  ],
  "components": {
    "P1": {
      "collapsed_peak_latency_ms": 116.0,
      "peak_gfp_amplitude": 0.2754508905462838,
      "fwhm_ms": 69.55011844850358,
      "window_start_ms": 62.27540404608533,
      "window_end_ms": 131.8255224945889,
      "search_range_ms": [
        60.0,
        120.0
      ],
      "method": "GFP_collapsed_localizer",
      "n_subjects": 86,
      "n_conditions": 5
    },
    "N1": {
      "collapsed_peak_latency_ms": 168.0,
      "peak_gfp_amplitude": -3.5251521159775874,
      "fwhm_ms": 75.27742830069772,
      "window_start_ms": 139.14073325437485,
      "window_end_ms": 214.41816155507257,
      "search_range_ms": [
        125.0,
        200.0
      ],
      "method": "GFP_collapsed_localizer",
      "n_subjects": 86,
      "n_conditions": 5
    },
    "Fz": {
      "collapsed_peak_latency_ms": 112.0,
      "peak_gfp_amplitude": -0.38436064273810294,
      "fwhm_ms": 29.56240234929831,
      "window_start_ms": 92.89042050935927,
      "window_end_ms": 122.45282285865758,
      "search_range_ms": [
        80.0,
        120.0
      ],
      "method": "GFP_collapsed_localizer",
      "n_subjects": 86,
      "n_conditions": 5
    }
  }
}