Source,SS,DF,MS,F,p-unc,ng2,eps
condition,8.959999999999937,4,2.2399999999999842,1.2173913043477964,0.34216048032140556,0.021084337349397447,0.49624765478420435
Error,29.44000000000051,16,1.8400000000000318,,,,
