Source,SS,DF,MS,F,p-unc,ng2,eps
condition,20.114285714285778,4,5.0285714285714445,0.790419161676649,0.5428656989132141,0.013732833957553103,0.4534354371931197
Error,152.6857142857143,24,6.361904761904763,,,,
