Source,SS,DF,MS,F,p-unc,ng2,eps
condition,12.825982027066477,4,3.206495506766619,3.471144653854355,0.010939843999315737,0.050689455809794094,0.756323739358544
Error,84.98567937667593,92,0.9237573845290862,,,,
