Source,SS,DF,MS,F,p-unc,ng2,eps
condition,1.864651438099447,4,0.46616285952486175,0.4932496204359728,0.7408643385649425,0.04730043343860663,0.4769141498624877
Error,15.121361362235383,16,0.9450850851397115,,,,
