condition,count,mean,std,min,25%,50%,75%,max,sem
from 2,24.0,-5.062572717608416,1.9466071788312314,-9.927317119346656,-5.708600110359525,-4.555528439870926,-4.238553435554032,-0.8013050978428035,0.39734952648126676
from 3,24.0,-5.202855669149106,2.0710185430532655,-9.68896838969411,-6.561677004179963,-4.976114218825897,-3.967888301488877,-1.720187651713987,0.42274488986022796
from 4,24.0,-5.351473096419764,2.36418902182741,-10.685129512943638,-6.253648310613245,-4.7499814666054005,-3.866621579918258,-1.9272399000634863,0.4825880632472364
from 5,24.0,-5.54940178036328,2.2101376305681737,-9.692589268383957,-6.9915136219158,-5.292261758165733,-4.391685745653545,-1.1548394126166488,0.45114245468465486
from 6,24.0,-5.4214447764979665,2.077319700699277,-9.400750249742384,-7.241849541446843,-4.631923846915466,-4.075897117785287,-2.2072630142984413,0.42403110827869167
