{
  "analysis_id": "32_23_ACC1",
  "date_analyzed": "2025-10-15T22:20:11.457267",
  "baseline_ms": [
    -100,
    0
  ],
  "response_filter": "ACC1",
  "fal_fraction": 0.5,
  "n_subjects_total": 24,
  "n_evokeds_included": 48,
  "conditions": [
    "Increasing 2 to 3",
    "Decreasing 3 to 2"
  ],
  "components": {
    "P1": {
      "collapsed_peak_latency_ms": 112.0,
      "peak_gfp_amplitude": 0.0905219433463212,
      "fwhm_ms": 55.913832805040016,
      "window_start_ms": 65.67929244010168,
      "window_end_ms": 121.59312524514169,
      "search_range_ms": [
        60.0,
        120.0
      ],
      "method": "GFP_collapsed_localizer",
      "n_subjects": 48,
      "n_conditions": 2
    },
    "N1": {
      "collapsed_peak_latency_ms": 172.0,
      "peak_gfp_amplitude": -3.8066718572952176,
      "fwhm_ms": 89.19465765977233,
      "window_start_ms": 134.63802061677129,
      "window_end_ms": 223.83267827654362,
      "search_range_ms": [
        125.0,
        200.0
      ],
      "method": "GFP_collapsed_localizer",
      "n_subjects": 48,
      "n_conditions": 2
    },
    "P3b": {
      "collapsed_peak_latency_ms": 472.0,
      "peak_gfp_amplitude": 3.0715732749539377,
      "fwhm_ms": 111.97476793940916,
      "window_start_ms": 421.14159933930523,
      "window_end_ms": 533.1163672787144,
      "search_range_ms": [
        320.0,
        590.0
      ],
      "method": "GFP_collapsed_localizer",
      "n_subjects": 48,
      "n_conditions": 2
    }
  }
}