{
  "analysis_id": "32_23_ACC1",
  "date_analyzed": "2025-10-13T19:56:02.228885",
  "baseline_ms": [
    -100,
    0
  ],
  "response_filter": "ACC1",
  "fal_fraction": 0.5,
  "n_subjects_total": 24,
  "n_evokeds_included": 6,
  "conditions": [
    "Increasing 2 to 3",
    "Decreasing 3 to 2"
  ],
  "components": {
    "P1": {
      "peak_latency_ms": 108.0,
      "peak_gfp_amplitude": 1.3028177552819689,
      "fwhm_ms": 26.387147560774338,
      "window_start_ms": 91.9589554793514,
      "window_end_ms": 118.34610304012574,
      "search_range_ms": [
        60.0,
        120.0
      ],
      "method": "GFP_collapsed_localizer",
      "n_subjects": 6,
      "n_conditions": 2
    },
    "N1": {
      "peak_latency_ms": 164.0,
      "peak_gfp_amplitude": -3.923746059044815,
      "fwhm_ms": 50.281392730588294,
      "window_start_ms": 139.7855286751964,
      "window_end_ms": 190.06692140578468,
      "search_range_ms": [
        125.0,
        200.0
      ],
      "method": "GFP_collapsed_localizer",
      "n_subjects": 6,
      "n_conditions": 2
    },
    "P3b": {
      "peak_latency_ms": 508.0,
      "peak_gfp_amplitude": 1.495546300923887,
      "fwhm_ms": 98.73488192223954,
      "window_start_ms": 440.07300705842897,
      "window_end_ms": 538.8078889806685,
      "search_range_ms": [
        320.0,
        590.0
      ],
      "method": "GFP_collapsed_localizer",
      "n_subjects": 6,
      "n_conditions": 2
    }
  }
}