Source,SS,DF,MS,F,p-unc,ng2,eps
condition,64.0,2,32.0,1.6800000000000004,0.22184426388475081,0.06015037593984962,0.6169792694965482
Error,266.66666666666663,14,19.047619047619044,,,,
