Source,SS,DF,MS,F,p-unc,ng2,eps
condition,2.262219949708094,2,1.131109974854047,0.07312942841057284,0.9295883592604754,0.00032053773778336047,0.8729844462317718
Error,711.4927598116392,46,15.467233908948678,,,,
