Source,SS,DF,MS,F,p-unc,ng2,eps
condition,69.77777777777796,2,34.88888888888898,0.6390019465581328,0.5324392842324318,0.013039867109634583,0.9683571103975831
Error,2511.555555555556,46,54.599033816425134,,,,
