Source,SS,DF,MS,F,p-unc,ng2,eps
condition,2.6760253569587618,2,1.3380126784793809,0.7377629844268155,0.48375456539709993,0.0033752532444980073,0.9195689884928694
Error,83.42595726440516,46,1.8136077666175034,,,,
