Source,SS,DF,MS,F,p-unc,ng2,eps
condition,1.257123820775471,2,0.6285619103877355,0.5891940131112275,0.567958615711243,0.02419792113215834,0.8314236009967312
Error,14.935431368286942,14,1.0668165263062102,,,,
