condition,count,mean,std,min,25%,50%,75%,max,sem
Decrease by 1 (no 1),19.0,486.3157894736842,30.179191933035487,440.0,466.0,480.0,510.0,540.0,6.9235814649378735
Decrease by 2 (no 1),19.0,481.2631578947368,33.28136299503098,440.0,452.0,472.0,504.0,540.0,7.63526831571759
Decrease by 3 (no 1),19.0,482.94736842105266,33.59476428157374,432.0,470.0,484.0,504.0,540.0,7.707167501865775
