condition,count,mean,std,min,25%,50%,75%,max,sem
Decrease by 1 (no 1),19.0,3.576914298296164,2.219980849633402,0.6819893485518291,1.6976886497433887,3.693942486930714,4.8400749910662455,8.136821758911282,0.5092985357972402
Decrease by 2 (no 1),19.0,3.3888531322330415,1.8672399084916018,0.0947529665781132,2.1338920127212084,2.9302282960717694,4.754915820321079,6.882580446003047,0.42837421391900143
Decrease by 3 (no 1),19.0,3.73910970162809,2.6887657430751766,0.2227562361645052,2.036968468438523,3.484258626293238,4.570750506440094,10.89128587385414,0.616845166153618
