condition,count,mean,std,min,25%,50%,75%,max,sem
Decrease by 1 (no 1),11.0,110.54545454545455,7.434563018276681,100.0,106.0,112.0,116.0,120.0,2.2416050919887187
Decrease by 2 (no 1),17.0,113.17647058823529,7.316379689758173,100.0,108.0,116.0,120.0,120.0,1.77448272105863
Decrease by 3 (no 1),16.0,111.25,7.620148729957092,100.0,104.0,114.0,117.0,120.0,1.9050371824892725
