Contrast,Coef,Std.Err.,z,P>|z|,P>|z| (adj)
Decrease by 1 (no 1) - Decrease by 2 (no 1),-0.18907900126880806,0.261213785916825,-0.7238477119619333,0.4691592339551973,0.741752103836421
Decrease by 1 (no 1) - Decrease by 3 (no 1),-0.23700985786570364,0.260648018144017,-0.9093100325617958,0.3631864963367524,0.741752103836421
Decrease by 2 (no 1) - Decrease by 3 (no 1),-0.04793085659689558,0.22429759276393843,-0.2136931386835717,0.8307863622960496,0.8307863622960496
