Contrast,Coef,Std.Err.,z,P>|z|,P>|z| (adj)
Decrease by 1 (no 1) - Decrease by 2 (no 1),-0.32534246945794515,0.4063029977063917,-0.8007385406815251,0.4232830255951967,0.46915935454323116
Decrease by 1 (no 1) - Decrease by 3 (no 1),-0.75492036947718,0.3852136595464541,-1.9597445489498324,0.05002565537318171,0.14269446004704156
Decrease by 2 (no 1) - Decrease by 3 (no 1),-0.42957790001923485,0.3905903586342847,-1.0998169579025752,0.27141188216059353,0.46915935454323116
