Contrast,Coef,Std.Err.,z,P>|z|,P>|z| (adj)
Decrease by 1 (no 1) - Decrease by 2 (no 1),0.6693761697184181,0.3747865883661006,1.786019538843677,0.07409609457735788,0.142701957923099
Decrease by 1 (no 1) - Decrease by 3 (no 1),0.856793869677954,0.3702025409823644,2.314392190297715,0.02064621889039797,0.060668658396243254
Decrease by 2 (no 1) - Decrease by 3 (no 1),0.18741769995953594,0.3735135197937191,0.5017695211221308,0.6158296550694504,0.6158296550694504
