Contrast,Coef,Std.Err.,z,P>|z|,P>|z| (adj)
Decrease by 1 (no 1) - Decrease by 2 (no 1),-0.7041290879913826,0.3081970895145358,-2.2846714389824667,0.02233210054712642,0.044165478379405876
Decrease by 1 (no 1) - Decrease by 3 (no 1),-0.905390968567646,0.30941448920709286,-2.9261427636689072,0.003431934062374742,0.010260508094806413
Decrease by 2 (no 1) - Decrease by 3 (no 1),-0.20126188057626337,0.3106719268657493,-0.6478277023827606,0.5170963957915249,0.5170963957915249
