Contrast,Coef,Std.Err.,z,P>|z|,P>|z| (adj)
Decrease by 1 (no 1) - Decrease by 2 (no 1),0.09613967160307584,0.2609529262460263,0.3684176797175878,0.7125618166202208,0.7125618166202208
Decrease by 1 (no 1) - Decrease by 3 (no 1),0.8964321132855952,0.2614075418670859,3.429251148925883,0.0006052491790546899,0.0018146487791766853
Decrease by 2 (no 1) - Decrease by 3 (no 1),0.8002924416825195,0.26118198490490807,3.064118078334891,0.002183127249195893,0.004361488453805604
