Contrast,A,B,Paired,Parametric,T,dof,alternative,p-unc,p-corr,p-adjust,BF10,cohen,ci_lower,ci_upper
condition,Decrease by 1 (no 1),Decrease by 2 (no 1),True,True,-1.8708286933869707,7.0,two-sided,0.10355171027145907,0.2072699264596607,fdr_bh,1.115,-0.31622776601683794,-1.449282955966002,0.22573237532300605
condition,Decrease by 1 (no 1),Decrease by 3 (no 1),True,True,0.7337993857053429,7.0,two-sided,0.4869154338816687,0.4869154338816687,fdr_bh,0.419,0.27888667551135854,-0.5965704055868649,0.952918728136764
condition,Decrease by 2 (no 1),Decrease by 3 (no 1),True,True,1.6733200530681511,7.0,two-sided,0.13817995097310712,0.2072699264596607,fdr_bh,0.911,0.5577733510227171,-0.37601527720784894,0.7911203528918445
