Contrast,A,B,Paired,Parametric,T,dof,alternative,p-unc,p-corr,p-adjust,BF10,cohen,ci_lower,ci_upper
condition,Decrease by 1 (no 1),Decrease by 2 (no 1),True,True,1.0319056711369734,17.0,two-sided,0.3165744027461616,0.5456581757544762,fdr_bh,0.387,0.28239373113473226,-0.261366750876162,0.7478117492800348
condition,Decrease by 1 (no 1),Decrease by 3 (no 1),True,True,0.9332211095685,17.0,two-sided,0.36377211716965074,0.5456581757544762,fdr_bh,0.356,0.20924887685197538,-0.2833051578990404,0.7232298078472541
condition,Decrease by 2 (no 1),Decrease by 3 (no 1),True,True,-0.21337193901714377,17.0,two-sided,0.8335748040392897,0.8335748040392897,fdr_bh,0.248,-0.06545354249885624,-0.5478948987877483,0.44731040212511847
