Contrast,A,B,Paired,Parametric,T,dof,alternative,p-unc,p-corr,p-adjust,BF10,cohen,ci_lower,ci_upper
condition,Decrease by 1 (no 1),Decrease by 2 (no 1),True,True,1.488618447646031,17.0,two-sided,0.15490409250503354,0.23235613875755032,fdr_bh,0.621,0.4185795676581589,-0.16149434345832386,0.8632358094115906
condition,Decrease by 1 (no 1),Decrease by 3 (no 1),True,True,2.6619419465236387,17.0,two-sided,0.016427618021616387,0.04928285406484916,fdr_bh,3.513,0.5445562746604536,0.08339334976722157,1.1714581179073003
condition,Decrease by 2 (no 1),Decrease by 3 (no 1),True,True,0.5107325871433621,17.0,two-sided,0.616106570972738,0.616106570972738,fdr_bh,0.273,0.13561558787269373,-0.3787058424154782,0.6194674929101587
