Contrast,A,B,Paired,Parametric,T,dof,alternative,p-unc,p-corr,p-adjust,BF10,cohen,ci_lower,ci_upper
condition,Decrease by 1 (no 1),Decrease by 2 (no 1),True,True,0.12374334014275405,23.0,two-sided,0.9025935511193062,0.9025935511193062,fdr_bh,0.216,0.01595437101001184,-0.39707131036403787,0.4475893174336055
condition,Decrease by 1 (no 1),Decrease by 3 (no 1),True,True,-0.25351413138697193,23.0,two-sided,0.8021233452919968,0.9025935511193062,fdr_bh,0.221,-0.02559093181912815,-0.4742939209982326,0.3707972102510701
condition,Decrease by 2 (no 1),Decrease by 3 (no 1),True,True,-0.4315500803435678,23.0,two-sided,0.6700867288332749,0.9025935511193062,fdr_bh,0.234,-0.0447792148371764,-0.5111711349787176,0.33499155242891326
