Source,SS,DF,MS,F,p-unc,ng2,eps
condition,274.0699366245659,1,274.0699366245659,1.566017155355431,0.22877448374839934,0.028925837448805742,1.0
Error,2800.173019176017,16,175.01081369850107,,,,
