Source,SS,DF,MS,F,p-unc,ng2,eps
condition,18.285714285714157,1,18.285714285714157,0.34532374100719226,0.5782017300813215,0.009708737864077603,1.0
Error,317.7142857142853,6,52.952380952380885,,,,
