Source,SS,DF,MS,F,p-unc,ng2,eps
condition,71.27272727272813,1,71.27272727272813,0.2668568464730323,0.6108456308067396,0.00479639780736106,1.0
Error,5608.727272727272,21,267.08225108225105,,,,
