Source,SS,DF,MS,F,p-unc,ng2,eps
condition,1.0849230033130017,1,1.0849230033130017,0.26111242022133363,0.6163353393007744,0.0047418610903300394,1.0
Error,66.48005498280685,16,4.155003436425428,,,,
