Source,SS,DF,MS,F,p-unc,ng2,eps
condition,16.333333333333464,1,16.333333333333464,0.09928640648401103,0.7555286757445421,0.0014583767374029106,1.0
Error,3783.666666666666,23,164.50724637681157,,,,
