Source,SS,DF,MS,F,p-unc,ng2,eps
condition,0.14503852869518252,1,0.14503852869518252,0.014428122185641474,0.9083115998356868,0.0002785283064257199,1.0
Error,60.31492948106086,6,10.052488246843476,,,,
