Source,SS,DF,MS,F,p-unc,ng2,eps
condition,616.3333333333366,1,616.3333333333366,0.872044620337528,0.3600908427737828,0.01240814683085602,1.0
Error,16255.666666666664,23,706.7681159420289,,,,
