Source,SS,DF,MS,F,p-unc,ng2,eps
condition,56.333333333332845,1,56.333333333332845,0.23006806747558245,0.6360030495666438,0.002936525864016238,1.0
Error,5631.666666666668,23,244.85507246376818,,,,
