Source,SS,DF,MS,F,p-unc,ng2,eps
condition,5.050725933456835,1,5.050725933456835,8.516608888460794,0.026689510978140603,0.14674000110308083,1.0
Error,3.5582655018713574,6,0.5930442503118929,,,,
