condition,count,mean,std,min,25%,50%,75%,max,sem
Large Ratio 0.67 (4:6),17.0,-2.3087877539269415,1.2933064991560541,-5.48082612151073,-3.097322653782715,-1.9618264066070257,-1.6839058609636075,-0.1375860393527262,0.3136729001363653
Small Ratio 0.67 (2:3),14.0,-2.041515606760198,1.2330997476605339,-4.717099653011424,-2.3226910356564243,-1.841489695568733,-1.3686779460112803,-0.6770568117699701,0.3295597699616514
