Contrast,Coef,Std.Err.,z,P>|z|,P>|z| (adj)
Large Ratio 0.67 (4:6) - Small Ratio 0.67 (2:3),7.165838035163503,7.5126286631197905,0.9538389765410986,0.3401651566030033,0.3401651566030032
