Contrast,Coef,Std.Err.,z,P>|z|,P>|z| (adj)
Large Ratio 0.67 (4:6) - Small Ratio 0.67 (2:3),-0.28815255699505077,0.4956900828365811,-0.5813159612677762,0.5610275251436745,0.5610275251436745
