Contrast,Coef,Std.Err.,z,P>|z|,P>|z| (adj)
Large Ratio 0.67 (4:6) - Small Ratio 0.67 (2:3),-0.17510777971709093,0.3310030806127742,-0.5290216012277593,0.5967904651396183,0.5967904651396183
