Contrast,Coef,Std.Err.,z,P>|z|,P>|z| (adj)
Large Ratio 0.67 (4:6) - Small Ratio 0.67 (2:3),-0.27881433365778324,0.5216272875243166,-0.5345087197816234,0.592989618207473,0.592989618207473
