Contrast,Coef,Std.Err.,z,P>|z|,P>|z| (adj)
Large Ratio 0.67 (4:6) - Small Ratio 0.67 (2:3),1.0951299821417617,3.6184044253318395,0.3026554949123269,0.7621524178042651,0.7621524178042651
