Contrast,A,B,Paired,Parametric,T,dof,alternative,p-unc,BF10,cohen,ci_lower,ci_upper
condition,Large Ratio 0.67 (4:6),Small Ratio 0.67 (2:3),True,True,-0.3502847220520294,10.0,two-sided,0.7333910375673085,0.314,-0.08259809832457371,-0.7792947758518344,0.5680651407899232
