Contrast,A,B,Paired,Parametric,T,dof,alternative,p-unc,BF10,cohen,ci_lower,ci_upper
condition,Large Ratio 0.67 (4:6),Small Ratio 0.67 (2:3),True,True,0.4796541123305256,23.0,two-sided,0.6360030495666422,0.238,0.10625363698387062,-0.32536474218979256,0.5211827135626914
