Source,SS,DF,MS,F,p-unc,ng2,eps
condition,570.1818181818172,1,570.1818181818172,7.8557114228456735,0.018704352211495676,0.30866141732283425,1.0
Error,725.8181818181822,10,72.58181818181822,,,,
