Source,SS,DF,MS,F,p-unc,ng2,eps
condition,38.550925225675215,1,38.550925225675215,11.35745264781538,0.0026432019978890023,0.1360903957848474,1.0
Error,78.06955553198651,23,3.3943285013907176,,,,
