Source,SS,DF,MS,F,p-unc,ng2,eps
condition,0.23232950803947336,1,0.23232950803947336,0.03506384423760606,0.8536786150864096,0.0006051428526725954,1.0
Error,112.64029151815276,17,6.62589950106781,,,,
