Source,SS,DF,MS,F,p-unc,ng2,eps
condition,2028.0,1,2028.0,8.935632183908046,0.006553527541151799,0.1038083538083538,1.0
Error,5220.0,23,226.95652173913044,,,,
