Source,SS,DF,MS,F,p-unc,ng2,eps
condition,6.026801721263647,1,6.026801721263647,3.052803086214579,0.11117839828453248,0.09849015499830616,1.0
Error,19.741861990636195,10,1.9741861990636196,,,,
