Source,SS,DF,MS,F,p-unc,ng2,eps
condition,10.233858594340203,1,10.233858594340203,3.9766326995982064,0.07410678438736733,0.11086612187017468,1.0
Error,25.734985771691257,10,2.5734985771691257,,,,
