Source,SS,DF,MS,F,p-unc,ng2,eps
condition,616.3333333333317,1,616.3333333333317,7.639123405784062,0.011047629523798785,0.11609217052803388,1.0
Error,1855.666666666667,23,80.68115942028987,,,,
