condition,count,mean,std,min,25%,50%,75%,max,sem
Decreasing 3 to 1,18.0,-2.660637849151857,1.6432948528866593,-6.180476194192522,-3.551513116593406,-2.328881225823223,-1.4103019707192757,-0.654246418319064,0.38732831132170226
Increasing 1 to 3,7.0,-2.9067035247674538,2.0109853382500176,-5.857562979053741,-4.246139314999272,-2.975827962351407,-1.268912590253522,-0.4834299214614391,0.7600810136009505
