condition,count,mean,std,min,25%,50%,75%,max,sem
Decreasing 3 to 1,6.0,110.66666666666667,11.500724614852174,92.0,105.0,114.0,120.0,120.0,4.695151163109069
Increasing 1 to 3,17.0,107.05882352941177,11.876818746171542,92.0,96.0,104.0,120.0,120.0,2.880551658045952
