condition,count,mean,std,min,25%,50%,75%,max,sem
Decreasing 3 to 1,2.0,-4.47438059003216,0.6330007968232119,-4.921979745962341,-4.698180167997251,-4.47438059003216,-4.2505810120670695,-4.026781434101979,0.44759915593018107
Increasing 1 to 3,4.0,-2.998676104746188,0.5505761448892167,-3.515197435797375,-3.394130951719429,-3.089016407009844,-2.6935615600366027,-2.301474169167688,0.27528807244460834
