condition,count,mean,std,min,25%,50%,75%,max,sem
Decreasing 3 to 1,19.0,184.8421052631579,18.59887439214994,156.0,172.0,184.0,200.0,220.0,4.266874417841477
Increasing 1 to 3,24.0,170.5,21.51844507070317,144.0,156.0,168.0,182.0,220.0,4.392434206777556
