condition,count,mean,std,min,25%,50%,75%,max,sem
Decreasing 3 to 1,22.0,116.72727272727273,10.22686386869135,100.0,109.0,118.0,128.0,128.0,2.1803747028763056
Increasing 1 to 3,11.0,108.72727272727273,8.54506768950263,100.0,100.0,108.0,116.0,124.0,2.5764348485699418
