Contrast,Coef,Std.Err.,z,P>|z|,P>|z| (adj)
Decreasing 3 to 1 - Increasing 1 to 3,0.5836142465598754,0.4526421051289164,1.2893503276582212,0.19727632178893906,0.19727632178893903
