Contrast,Coef,Std.Err.,z,P>|z|,P>|z| (adj)
Decreasing 3 to 1 - Increasing 1 to 3,3.4196447152748384,2.732679515195003,1.2513888643948112,0.21079263801886894,0.21079263801886894
