Contrast,Coef,Std.Err.,z,P>|z|,P>|z| (adj)
Decreasing 3 to 1 - Increasing 1 to 3,2.7703704044602375,10.920067107639444,0.2536953644288638,0.7997309155758441,0.7997309155758441
