Contrast,Coef,Std.Err.,z,P>|z|,P>|z| (adj)
Decreasing 3 to 1 - Increasing 1 to 3,-0.6053987797422059,0.7118988312827552,-0.8504000191310201,0.3951027255114168,0.3951027255114168
