Contrast,Coef,Std.Err.,z,P>|z|,P>|z| (adj)
Decreasing 3 to 1 - Increasing 1 to 3,6.54228948656222,5.036205250740696,1.2990514009729883,0.1939262898298324,0.1939262898298324
