Contrast,Coef,Std.Err.,z,P>|z|,P>|z| (adj)
Decreasing 3 to 1 - Increasing 1 to 3,5.436713819990456,3.352295487987632,1.6217883654564387,0.1048486704354954,0.10484867043549541
