Contrast,Coef,Std.Err.,z,P>|z|,P>|z| (adj)
Decreasing 3 to 1 - Increasing 1 to 3,2.682612513925233,0.5041177316636638,5.321400826493864,1.0297124131142255e-07,1.0297124131142255e-07
