Contrast,Coef,Std.Err.,z,P>|z|,P>|z| (adj)
Decreasing 3 to 1 - Increasing 1 to 3,-3.038817457079991,11.006107211952934,-0.27610283986510253,0.7824690795299358,0.7824690795299358
