Source,SS,DF,MS,F,p-unc,ng2,eps
condition,3674.8333333333335,5,734.9666666666667,1.1740223136476748,0.32994908110427773,0.04087333880807568,0.8486448312073108
Error,46951.83333333332,75,626.0244444444443,,,,
