Source,SS,DF,MS,F,p-unc,ng2,eps
condition,103.5555555555556,5,20.71111111111112,0.46881287726358095,0.7988133319929062,0.0025937593926372866,0.7020469448950146
Error,5080.4444444444525,115,44.17777777777785,,,,
