Source,SS,DF,MS,F,p-unc,ng2,eps
condition,73.33333333333334,5,14.666666666666668,0.9856630824372787,0.44610507450533443,0.05675954592363263,0.24471760692896463
Error,371.999999999999,25,14.87999999999996,,,,
