Source,SS,DF,MS,F,p-unc,ng2,eps
condition,22.529800121330847,5,4.5059600242661695,6.652868599398515,2.026745364385406e-05,0.044290259796467855,0.709829518609778
Error,71.11606000917004,105,0.6772958096111432,,,,
