condition,count,mean,std,min,25%,50%,75%,max,sem
from 1,15.0,107.2,8.579044235810887,96.0,100.0,108.0,116.0,116.0,2.2150996967781538
from 2,15.0,108.0,9.19627253681776,92.0,102.0,108.0,116.0,116.0,2.374467358818655
from 3,16.0,107.0,9.409215341001254,92.0,99.0,108.0,116.0,116.0,2.352303835250313
from 4,13.0,109.84615384615384,5.565461254411801,100.0,104.0,112.0,116.0,116.0,1.543581224953068
from 5,15.0,106.93333333333334,9.852241707685954,92.0,98.0,108.0,116.0,116.0,2.543837870445189
from 6,12.0,111.66666666666667,5.515817475609796,104.0,107.0,116.0,116.0,116.0,1.5922793521720795
