condition,count,mean,std,min,25%,50%,75%,max,sem
from 1,24.0,104.16666666666667,10.110978392716058,92.0,92.0,108.0,113.0,116.0,2.063894821871694
from 2,24.0,104.5,9.007243461937104,92.0,99.0,104.0,116.0,116.0,1.838595872563815
from 3,24.0,104.16666666666667,9.544707919856023,92.0,95.0,106.0,113.0,116.0,1.9483053456290587
from 4,24.0,105.83333333333333,8.084696583087068,92.0,100.0,104.0,113.0,116.0,1.650281779482166
from 5,24.0,104.33333333333333,8.580395585624075,92.0,96.0,104.0,112.0,116.0,1.7514659146673526
from 6,24.0,106.0,8.34057656228299,92.0,100.0,106.0,113.0,116.0,1.702513061517498
