condition,count,mean,std,min,25%,50%,75%,max,sem
from 1,24.0,-0.6188407775460839,1.2089593304866422,-3.277840804771996,-1.3148229719867233,-0.35572177276033706,0.14949083388189152,1.0331182538535328,0.24677778995575397
from 2,24.0,-0.9494208299256511,1.2139118065010575,-4.247349761239821,-1.3665661227931025,-0.6775490157792003,-0.2320056815892217,0.9939172753420068,0.24778870988897816
from 3,24.0,-1.0498620059667092,1.415736724319714,-4.013432131924029,-1.9348655409408568,-0.8451035204268987,-0.037339646491518975,1.330163427757162,0.28898604872521627
from 4,24.0,-0.9643971935010928,1.502028732704854,-4.524847575652444,-1.4663057171550844,-0.8965994881275832,0.16402119064892023,1.5967802437354073,0.3066003311771797
from 5,24.0,-1.6247356515851183,1.2841245509580588,-4.874083290774652,-2.434276808162114,-1.6781372570033672,-0.9241718855814837,0.9596325508473412,0.26212082633565165
from 6,24.0,-1.5938102303035075,1.6847596725336644,-7.017285517568658,-2.206954566422781,-1.3287389817362236,-0.42766293348898726,0.4781819600886117,0.3439001280771631
