{
  "analysis_id": "prime_53_ACC1",
  "date_analyzed": "2026-02-23T12:04:32.486259",
  "baseline_ms": [
    -100,
    0
  ],
  "response_filter": "ACC1",
  "fal_fraction": 0.5,
  "n_subjects_total": 24,
  "n_evokeds_included": 114,
  "conditions": [
    "5a3",
    "5b3",
    "5c3",
    "5d3",
    "5e3"
  ],
  "components": {
    "P1": {
      "collapsed_peak_latency_ms": 108.0,
      "peak_gfp_amplitude": 1.5126583820471438,
      "fwhm_ms": 51.36465308790554,
      "window_start_ms": 71.13170244951596,
      "window_end_ms": 122.4963555374215,
      "search_range_ms": [
        60.0,
        120.0
      ],
      "method": "GFP_collapsed_localizer",
      "n_subjects": 114,
      "n_conditions": 5
    },
    "N1": {
      "collapsed_peak_latency_ms": 180.0,
      "peak_gfp_amplitude": -4.022888433977277,
      "fwhm_ms": 88.50084213003447,
      "window_start_ms": 133.42946697962503,
      "window_end_ms": 221.9303091096595,
      "search_range_ms": [
        125.0,
        200.0
      ],
      "method": "GFP_collapsed_localizer",
      "n_subjects": 114,
      "n_conditions": 5
    },
    "P3b": {
      "collapsed_peak_latency_ms": 468.0,
      "peak_gfp_amplitude": 3.393267712179541,
      "fwhm_ms": 38.83243648783434,
      "window_start_ms": 449.61042282582366,
      "window_end_ms": 488.442859313658,
      "search_range_ms": [
        320.0,
        590.0
      ],
      "method": "GFP_collapsed_localizer",
      "n_subjects": 114,
      "n_conditions": 5
    },
    "Fz": {
      "collapsed_peak_latency_ms": 104.0,
      "peak_gfp_amplitude": -2.381141464974589,
      "fwhm_ms": 47.25967041363958,
      "window_start_ms": 79.55442592649183,
      "window_end_ms": 126.81409634013141,
      "search_range_ms": [
        80.0,
        120.0
      ],
      "method": "GFP_collapsed_localizer",
      "n_subjects": 114,
      "n_conditions": 5
    }
  }
}