analysis_id,condition,p1_amp,n1_amp,p2p_amp,p1_lat_ms,n1_lat_ms,roi_channels
prime_53_ACC1,5a3,1.759209286288599,-4.456348662004626,6.215557948293226,100.0,164.0,E66;E65;E59;E60;E67;E71;E70;E84;E76;E77;E85;E91;E90;E83
prime_53_ACC1,5b3,1.1683268868059133,-5.118842019810255,6.287168906616168,96.0,192.0,E66;E65;E59;E60;E67;E71;E70;E84;E76;E77;E85;E91;E90;E83
prime_53_ACC1,5c3,1.7897078436948721,-4.469985327634958,6.25969317132983,112.0,180.0,E66;E65;E59;E60;E67;E71;E70;E84;E76;E77;E85;E91;E90;E83
prime_53_ACC1,5d3,1.1653019929402464,-5.5843706885122115,6.7496726814524575,104.0,172.0,E66;E65;E59;E60;E67;E71;E70;E84;E76;E77;E85;E91;E90;E83
prime_53_ACC1,5e3,2.202954097813755,-6.534952982004313,8.737907079818068,100.0,180.0,E66;E65;E59;E60;E67;E71;E70;E84;E76;E77;E85;E91;E90;E83
