{
  "analysis_id": "landing_on_6_any_preceding_ACC1",
  "date_analyzed": "2025-10-16T03:20:16.448990",
  "baseline_ms": [
    -100,
    0
  ],
  "response_filter": "ACC1",
  "fal_fraction": 0.5,
  "n_subjects_total": 24,
  "n_evokeds_included": 64,
  "conditions": [
    "3 to 6",
    "4 to 6",
    "5 to 6"
  ],
  "components": {
    "P1": {
      "collapsed_peak_latency_ms": 100.0,
      "peak_gfp_amplitude": 0.9868501044488883,
      "fwhm_ms": 33.93038901556244,
      "window_start_ms": 78.34446246935173,
      "window_end_ms": 112.27485148491417,
      "search_range_ms": [
        60.0,
        120.0
      ],
      "method": "GFP_collapsed_localizer",
      "n_subjects": 64,
      "n_conditions": 3
    },
    "N1": {
      "collapsed_peak_latency_ms": 164.0,
      "peak_gfp_amplitude": -4.031227109764158,
      "fwhm_ms": 82.97091807706192,
      "window_start_ms": 130.8205566295244,
      "window_end_ms": 213.7914747065863,
      "search_range_ms": [
        125.0,
        200.0
      ],
      "method": "GFP_collapsed_localizer",
      "n_subjects": 64,
      "n_conditions": 3
    },
    "P3b": {
      "collapsed_peak_latency_ms": 480.0,
      "peak_gfp_amplitude": 1.989572301023594,
      "fwhm_ms": 68.48206578058614,
      "window_start_ms": 460.8187540566528,
      "window_end_ms": 529.3008198372389,
      "search_range_ms": [
        320.0,
        590.0
      ],
      "method": "GFP_collapsed_localizer",
      "n_subjects": 64,
      "n_conditions": 3
    }
  }
}