{
  "analysis_id": "landing_on_6_any_preceding_ACC1",
  "date_analyzed": "2025-11-03T15:23:53.168338",
  "baseline_ms": [
    -100,
    0
  ],
  "response_filter": "MIXED",
  "fal_fraction": 0.5,
  "n_subjects_total": 24,
  "n_evokeds_included": 88,
  "conditions": [
    "3 to 6",
    "4 to 6",
    "5 to 6",
    "6 to 6"
  ],
  "components": {
    "P1": {
      "collapsed_peak_latency_ms": 100.0,
      "peak_gfp_amplitude": 0.8311578298894156,
      "fwhm_ms": 33.28804865043213,
      "window_start_ms": 78.69309984523235,
      "window_end_ms": 111.98114849566448,
      "search_range_ms": [
        60.0,
        120.0
      ],
      "method": "GFP_collapsed_localizer",
      "n_subjects": 88,
      "n_conditions": 4
    },
    "N1": {
      "collapsed_peak_latency_ms": 168.0,
      "peak_gfp_amplitude": -4.034426396556372,
      "fwhm_ms": 78.46078395587361,
      "window_start_ms": 133.09906640419482,
      "window_end_ms": 211.55985036006842,
      "search_range_ms": [
        125.0,
        200.0
      ],
      "method": "GFP_collapsed_localizer",
      "n_subjects": 88,
      "n_conditions": 4
    },
    "P3b": {
      "collapsed_peak_latency_ms": 476.0,
      "peak_gfp_amplitude": 1.6435595949030115,
      "fwhm_ms": 85.46594539868943,
      "window_start_ms": 429.7702345752085,
      "window_end_ms": 515.236179973898,
      "search_range_ms": [
        320.0,
        590.0
      ],
      "method": "GFP_collapsed_localizer",
      "n_subjects": 88,
      "n_conditions": 4
    },
    "Fz": {
      "collapsed_peak_latency_ms": 100.0,
      "peak_gfp_amplitude": -1.354974753570042,
      "fwhm_ms": 33.96465470769169,
      "window_start_ms": 81.10535271651676,
      "window_end_ms": 115.07000742420846,
      "search_range_ms": [
        80.0,
        120.0
      ],
      "method": "GFP_collapsed_localizer",
      "n_subjects": 88,
      "n_conditions": 4
    }
  }
}