Source,SS,DF,MS,F,p-unc,ng2,eps
condition,19.51800582295752,2,9.75900291147876,1.7151624479237166,0.19124074796899918,0.019240844035283686,0.9318663262576751
Error,261.7327206944475,46,5.689841754227119,,,,
