Source,SS,DF,MS,F,p-unc,ng2,eps
condition,5.051878601960014,2,2.525939300980007,1.002006795192255,0.3799281647046097,0.016316871455653494,0.7498307886093688
Error,70.5846514881867,28,2.520880410292382,,,,
