Source,SS,DF,MS,F,p-unc,ng2,eps
condition,1925.33333333333,2,962.666666666665,0.7905360373226686,0.4596666509533305,0.015559003534178061,0.9778877258075849
Error,56015.999999999985,46,1217.7391304347823,,,,
