condition,count,mean,std,min,25%,50%,75%,max,sem
4 to 1,24.0,3.7287966574930302,3.7838722447844773,-4.255977129694258,0.8833790897124573,4.42605376576039,5.877657889451613,13.378663298619712,0.7723796876334613
5 to 2,24.0,2.021583081704798,2.2468980490901793,-1.58465148307712,-0.1344837357717097,2.212842452151638,3.9777555695570257,6.196534610977822,0.4586461436938274
6 to 3,24.0,2.008674227267828,2.2927173919143273,-1.007107621583215,0.2764048178804704,1.3388574283978332,3.5513554782874763,7.80965781660647,0.4679989778828954
