condition,count,mean,std,min,25%,50%,75%,max,sem
4 to 1,16.0,119.75,7.79315939355364,108.0,112.0,120.0,128.0,128.0,1.9482898483884101
5 to 2,15.0,114.66666666666667,9.759000729485331,100.0,106.0,116.0,122.0,128.0,2.5197631533948477
6 to 3,13.0,112.3076923076923,10.888714458745925,96.0,108.0,112.0,124.0,128.0,3.019986023453427
