condition,count,mean,std,min,25%,50%,75%,max,sem
4 to 1,16.0,5.758176766589701,2.68328311967572,2.455391608848971,4.530807698935966,5.321906168156817,6.188918016994801,13.378663298619712,0.67082077991893
5 to 2,15.0,3.309148017828684,1.5837174207073823,0.7475762905074356,2.212842452151638,2.81785527163218,4.458683134256562,6.196534610977822,0.4089140796998838
6 to 3,13.0,3.258099297017828,2.24756560691517,0.1575802234452318,1.3152161651428975,2.871915321441053,4.628105759889061,7.80965781660647,0.6233625415924603
