condition,count,mean,std,min,25%,50%,75%,max,sem
4 to 1,8.0,109.0,13.136644494368742,88.0,106.0,116.0,116.0,120.0,4.644505202002531
5 to 2,7.0,113.71428571428571,8.901578244226988,96.0,112.0,116.0,120.0,120.0,3.3644803300296555
6 to 3,8.0,104.0,12.09486313629527,88.0,98.0,100.0,114.0,120.0,4.27617987059879
