condition,count,mean,std,min,25%,50%,75%,max,sem
4 to 1,20.0,474.6,45.61209442565357,384.0,455.0,480.0,512.0,528.0,10.19917437319006
5 to 2,17.0,466.11764705882354,40.499818445489936,392.0,432.0,472.0,496.0,524.0,9.822648780534909
6 to 3,19.0,459.36842105263156,33.26027080519771,396.0,438.0,456.0,482.0,528.0,7.630429435508055
