condition,count,mean,std,min,25%,50%,75%,max,sem
4 to 1,20.0,6.738985084665093,3.022469007416593,2.920099396974144,3.8930383186454423,6.266805347564503,9.040073875032768,12.02700164821976,0.6758446160469816
5 to 2,17.0,6.15716123796662,2.772257507663407,2.999067197208801,4.043838531370781,6.115366957824367,7.319805604893346,13.529785648869336,0.6723712073828111
6 to 3,19.0,7.025891236983779,2.8854511129927713,3.787481673093193,4.6520927188929,6.219146396177381,8.555001431849039,14.263214866903953,0.6619678846348658
