Contrast,Coef,Std.Err.,z,P>|z|,P>|z| (adj)
4 to 1 - 5 to 2,13.449246374741255,4.471354193220753,3.007868711258066,0.002630867674968451,0.007871856840193576
4 to 1 - 6 to 3,11.42996063454587,4.419040130984755,2.586525647142918,0.009694895511493051,0.019295800024007336
5 to 2 - 6 to 3,-2.019285740195386,3.658514714347654,-0.5519414018689939,0.5809885013905745,0.5809885013905745
