Contrast,Coef,Std.Err.,z,P>|z|,P>|z| (adj)
4 to 1 - 5 to 2,0.8499655253854983,0.49134576722528084,1.7298724891544475,0.08365305949678237,0.23055106565516156
4 to 1 - 6 to 3,0.9124985353245924,0.5382599562539323,1.695274791896478,0.0900233045045209,0.23055106565516156
5 to 2 - 6 to 3,0.06253300993909405,0.4840400087298019,0.12918975458906926,0.8972075029267623,0.8972075029267623
