Contrast,Coef,Std.Err.,z,P>|z|,P>|z| (adj)
4 to 1 - 5 to 2,4.314498499103242,5.808057931695653,0.7428470152747997,0.45757430728146886,0.7057743678788216
4 to 1 - 6 to 3,6.767915353540644,5.811876891194044,1.164497369824739,0.24422250862203576,0.5683001867855508
5 to 2 - 6 to 3,2.4534168544374024,5.926511437260735,0.4139731915494935,0.6788937402557635,0.7057743678788216
