Contrast,Coef,Std.Err.,z,P>|z|,P>|z| (adj)
4 to 1 - 5 to 2,13.357863454551643,4.042540746802678,3.304323763493696,0.0009520581365702885,0.002853456028584122
4 to 1 - 6 to 3,11.344207850789362,3.9822903718961316,2.848664158406892,0.00439031975711468,0.008761364606659649
5 to 2 - 6 to 3,-2.013655603762281,3.5846718029319358,-0.5617405761150278,0.5742927844125942,0.5742927844125942
