Contrast,Coef,Std.Err.,z,P>|z|,P>|z| (adj)
4 to 1 - 5 to 2,4.314498499103241,5.808057931695653,0.7428470152747995,0.4575743072814691,0.705774367878822
4 to 1 - 6 to 3,6.767915353540644,5.811876891194044,1.164497369824739,0.24422250862203576,0.5683001867855508
5 to 2 - 6 to 3,2.4534168544374033,5.926511437260734,0.41397319154949375,0.6788937402557633,0.705774367878822
