Contrast,A,B,Paired,Parametric,T,dof,alternative,p-unc,p-corr,p-adjust,BF10,cohen,ci_lower,ci_upper
condition,4 to 1,5 to 2,True,True,0.3546462199694733,23.0,two-sided,0.7260857813905974,0.7260857813905974,fdr_bh,0.227,0.08028183595081069,-0.35042397387237245,0.4952076868943811
condition,4 to 1,6 to 3,True,True,1.1699664345914744,23.0,two-sided,0.2539957064305773,0.5412974170466763,fdr_bh,0.395,0.2980821309301864,-0.18942310556247732,0.6670599023845477
condition,5 to 2,6 to 3,True,True,0.9323014783382185,23.0,two-sided,0.3608649446977842,0.5412974170466763,fdr_bh,0.317,0.22388055210728675,-0.23576374942518466,0.6163742341536946
