Contrast,A,B,Paired,Parametric,T,dof,alternative,p-unc,p-corr,p-adjust,BF10,cohen,ci_lower,ci_upper
condition,4 to 1,5 to 2,True,True,3.1706047980391867,23.0,two-sided,0.004267817621499842,0.006401726432249764,fdr_bh,9.97,0.7370578747093652,0.18281676938903157,1.1115772191469881
condition,4 to 1,6 to 3,True,True,3.239390024129185,23.0,two-sided,0.00362077067241467,0.006401726432249764,fdr_bh,11.479,0.6742999120046079,0.19509733707267474,1.1273781024237572
condition,5 to 2,6 to 3,True,True,-0.5994789404140899,23.0,two-sided,0.5547136467240037,0.5547136467240037,fdr_bh,0.253,-0.11166693302228956,-0.5462088821055853,0.30147262951244513
