Contrast,A,B,Paired,Parametric,T,dof,alternative,p-unc,p-corr,p-adjust,BF10,cohen,ci_lower,ci_upper
condition,4 to 1,5 to 2,True,True,1.3618367767571085,23.0,two-sided,0.186440382688438,0.559321148065314,fdr_bh,0.486,0.34543638215972516,-0.15235947784954368,0.7083270138514506
condition,4 to 1,6 to 3,True,True,0.7741760356675698,23.0,two-sided,0.4467122654517467,0.6562085656701109,fdr_bh,0.282,0.21756432086346011,-0.26686304454247234,0.5829190876218483
condition,5 to 2,6 to 3,True,True,-0.4510060813605211,23.0,two-sided,0.6562085656701109,0.6562085656701109,fdr_bh,0.236,-0.13628204499848823,-0.5152179496952329,0.3310954879909943
