Contrast,A,B,Paired,Parametric,T,dof,alternative,p-unc,p-corr,p-adjust,BF10,cohen,ci_lower,ci_upper
condition,4 to 1,5 to 2,True,True,6.068757758612526,23.0,two-sided,3.441475395427054e-06,1.0324426186281163e-05,fdr_bh,5752.533,1.2568309682669627,0.6774262114902083,1.8001337687026606
condition,4 to 1,6 to 3,True,True,5.052466762619723,23.0,two-sided,4.095771701304647e-05,6.143657551956972e-05,fdr_bh,604.363,1.2650481162575629,0.5087092379135351,1.5539516805514553
condition,5 to 2,6 to 3,True,True,-1.1257048463775392,23.0,two-sided,0.271900258756735,0.271900258756735,fdr_bh,0.378,-0.16911462974221228,-0.6575841168909903,0.1980170377904744
