Contrast,A,B,Paired,Parametric,T,dof,alternative,p-unc,p-corr,p-adjust,BF10,cohen,ci_lower,ci_upper
condition,4 to 1,5 to 2,True,True,0.09466532701204916,1.0,two-sided,0.9399132437735748,0.9399132437735748,fdr_bh,0.526,0.13377704773215607,-2.742099045981669,2.289408030607127
condition,4 to 1,6 to 3,True,True,0.4659598787244076,1.0,two-sided,0.7224041057132009,0.9399132437735748,fdr_bh,0.579,0.6099648322453222,-1.005091476585457,2.71191002824875
condition,5 to 2,6 to 3,True,True,0.9472133900110401,1.0,two-sided,0.5172537696579484,0.9399132437735748,fdr_bh,0.713,0.47155203426019493,-2.0472735926358396,4.25118102098535
