Contrast,A,B,Paired,Parametric,T,dof,alternative,p-unc,p-corr,p-adjust,BF10,cohen,ci_lower,ci_upper
condition,4 to 1,5 to 2,True,True,2.660401240657397,7.0,two-sided,0.03244823823481134,0.04867235735221701,fdr_bh,2.629,1.2572076866807353,0.10717575716960703,1.7021978694276831
condition,4 to 1,6 to 3,True,True,3.5952419983965025,7.0,two-sided,0.00879542745850407,0.02638628237551221,fdr_bh,7.224,1.1179359271084266,0.03618540982329044,1.7203460576296927
condition,5 to 2,6 to 3,True,True,-0.0103150621323854,7.0,two-sided,0.9920577394919612,0.9920577394919612,fdr_bh,0.336,-0.00447588230895206,-0.710567454672019,0.7201545760967761
