{
  "analysis_id": "13_31",
  "date_analyzed": "2025-10-16T03:11:54.415731",
  "baseline_ms": [
    -100,
    0
  ],
  "response_filter": "ALL",
  "fal_fraction": 0.5,
  "n_subjects_total": 24,
  "n_evokeds_included": 48,
  "conditions": [
    "Increasing 1 to 3",
    "Decreasing 3 to 1"
  ],
  "components": {
    "P1": {
      "collapsed_peak_latency_ms": 116.0,
      "peak_gfp_amplitude": 0.8946814441328502,
      "fwhm_ms": 30.685870461836288,
      "window_start_ms": 97.61572791482376,
      "window_end_ms": 128.30159837666005,
      "search_range_ms": [
        60.0,
        120.0
      ],
      "method": "GFP_collapsed_localizer",
      "n_subjects": 48,
      "n_conditions": 2
    },
    "N1": {
      "collapsed_peak_latency_ms": 176.0,
      "peak_gfp_amplitude": -3.8153224353444553,
      "fwhm_ms": 80.98788703572865,
      "window_start_ms": 141.6053045772187,
      "window_end_ms": 222.59319161294735,
      "search_range_ms": [
        125.0,
        200.0
      ],
      "method": "GFP_collapsed_localizer",
      "n_subjects": 48,
      "n_conditions": 2
    },
    "P3b": {
      "collapsed_peak_latency_ms": 484.0,
      "peak_gfp_amplitude": 3.483093057248117,
      "fwhm_ms": 141.3951939443666,
      "window_start_ms": 389.9180891777132,
      "window_end_ms": 531.3132831220798,
      "search_range_ms": [
        320.0,
        590.0
      ],
      "method": "GFP_collapsed_localizer",
      "n_subjects": 48,
      "n_conditions": 2
    }
  }
}