Source,SS,DF,MS,F,p-unc,ng2,eps
condition,34.907022094393064,6,5.817837015732177,4.287650596981434,0.0005390848658931821,0.04289478431176976,0.7131296872116566
Error,187.2497513524694,138,1.3568822561773144,,,,
