Source,SS,DF,MS,F,p-unc,ng2,eps
condition,11.561249903291866,6,1.9268749838819776,3.0252474765027517,0.0317147109283354,0.2502992272615766,0.41798273713470097
Error,11.464764446302663,18,0.6369313581279257,,,,
