Source,SS,DF,MS,F,p-unc,p-GG-corr,ng2,eps,sphericity,W-spher,p-spher
condition,11.780736639482024,6,1.9634561065803373,1.7818118380922634,0.12623780300192364,0.19550336450223368,0.07770797598322665,0.3973863513356317,False,0.00047317204173459056,0.029033027255531852
Error,46.28163014376834,42,1.101943574851627,,,,,,,,
