Source,SS,DF,MS,F,p-unc,p-GG-corr,ng2,eps,sphericity,W-spher,p-spher
condition,1517.3333333333326,6,252.88888888888877,5.308512487686151,5.915304922874142e-05,0.0006289301174966961,0.09546579422004106,0.6778900723001136,False,0.16160221162875096,0.009822365505862019
Error,6574.09523809524,138,47.63837129054522,,,,,,,,
