condition,count,mean,std,min,25%,50%,75%,max,sem
Cardinality (no change),23.0,-4.7988543056260236,2.004760174199959,-9.57338948176472,-5.847627571704696,-4.69530396628027,-3.3334989800463437,-1.3965317025428408,0.41802139304826363
Decrease by 1,22.0,-5.162920844126226,1.9163447681400123,-9.90491169343534,-5.953091251168452,-4.8609967142620665,-3.7401032136751304,-2.2423344541431107,0.4085660773517768
Decrease by 2,24.0,-5.134431101350153,2.1009830653415116,-9.59439443372487,-6.073542789479966,-4.978975685097713,-3.69887657717358,-1.5266395470413532,0.4288613723595994
Decrease by 3,24.0,-5.220137077458831,1.966514279278351,-8.6020729891301,-6.7556051342464345,-5.392510487952554,-3.464143930300856,-1.4754728252898603,0.40141304634408126
Increase by 1,23.0,-5.114051840557454,2.150287175460989,-9.464914228272264,-6.571574195475607,-5.223586738568325,-4.052992619618573,-0.8042731412999452,0.44836587044569043
Increase by 2,24.0,-5.466240783112524,2.431955635205987,-11.276764908925202,-6.48369571884089,-4.837961282690122,-4.118840472150606,-1.2212220111918013,0.496420865278401
Increase by 3,23.0,-6.290677605485359,2.525293387954122,-12.85510194308798,-7.182787567817446,-5.888502870093322,-4.754914556190462,-2.170193959736006,0.526560071111459
