condition,count,mean,std,min,25%,50%,75%,max,sem
Cardinality (no change),18.0,-1.7660495530164935,1.2398813563584055,-4.829525362126649,-2.248156207275356,-1.7157736091863798,-0.7757874751126169,-0.2463030716775075,0.2922428383159343
Decrease by 1,16.0,-1.6409439120348999,1.196155447670921,-4.557464702801044,-2.4523456129289425,-1.389970814145417,-0.6104654223636524,-0.229681779881812,0.29903886191773027
Decrease by 2,21.0,-1.7303170577054998,0.9877532728701705,-4.301290484376712,-2.0906219549112888,-1.5757251140431316,-1.1434166841758189,-0.4473672052434042,0.21554543527942505
Decrease by 3,18.0,-2.405402171825243,1.5924064760935144,-6.3878464600130425,-2.809057069499665,-2.3060825048371765,-1.2584374220316519,-0.3358094877284886,0.3753338058836993
Increase by 1,16.0,-1.752682185264615,1.075675220748885,-3.740568574590821,-2.6605749411063027,-1.3583939638770672,-1.0101976617239998,-0.1402725540924113,0.2689188051872213
Increase by 2,15.0,-1.6652467291924782,1.1702497230133933,-4.171886942862197,-2.114549947622522,-1.7804898850436013,-0.6788356387398913,-0.2118940137613955,0.30215717920898094
Increase by 3,14.0,-1.7759699679316796,1.039768629738786,-3.345597127389105,-2.782259979402745,-1.731709131663815,-0.8403901727781585,-0.4617931684163081,0.2778898552855677
