{
  "analysis_id": "56_ALL_ACC1",
  "date_analyzed": "2025-11-03T15:01:55.164669",
  "baseline_ms": [
    -100,
    0
  ],
  "response_filter": "MIXED",
  "fal_fraction": 0.5,
  "n_subjects_total": 24,
  "n_evokeds_included": 40,
  "conditions": [
    "56 ALL",
    "56 ACC1"
  ],
  "components": {
    "P1": {
      "collapsed_peak_latency_ms": 100.0,
      "peak_gfp_amplitude": 1.2411100196310116,
      "fwhm_ms": 37.32294005595969,
      "window_start_ms": 80.443814353318,
      "window_end_ms": 117.7667544092777,
      "search_range_ms": [
        60.0,
        120.0
      ],
      "method": "GFP_collapsed_localizer",
      "n_subjects": 40,
      "n_conditions": 2
    },
    "N1": {
      "collapsed_peak_latency_ms": 184.0,
      "peak_gfp_amplitude": -3.353439330650351,
      "fwhm_ms": 75.72139897171687,
      "window_start_ms": 135.17417012935246,
      "window_end_ms": 210.89556910106933,
      "search_range_ms": [
        125.0,
        200.0
      ],
      "method": "GFP_collapsed_localizer",
      "n_subjects": 40,
      "n_conditions": 2
    },
    "P3b": {
      "collapsed_peak_latency_ms": 348.0,
      "peak_gfp_amplitude": 1.2952125436803974,
      "fwhm_ms": 52.802176382645484,
      "window_start_ms": 318.28957973217183,
      "window_end_ms": 371.0917561148173,
      "search_range_ms": [
        320.0,
        590.0
      ],
      "method": "GFP_collapsed_localizer",
      "n_subjects": 40,
      "n_conditions": 2
    },
    "Fz": {
      "collapsed_peak_latency_ms": 100.0,
      "peak_gfp_amplitude": -1.8228165515892556,
      "fwhm_ms": 38.46164762599659,
      "window_start_ms": 77.8458944105391,
      "window_end_ms": 116.3075420365357,
      "search_range_ms": [
        80.0,
        120.0
      ],
      "method": "GFP_collapsed_localizer",
      "n_subjects": 40,
      "n_conditions": 2
    }
  }
}