Source,SS,DF,MS,F,p-unc,ng2,eps
condition,86.34191829688106,4,21.585479574220265,0.8887453651815742,0.5441268967006132,0.39904048030790595,0.25
Error,97.15034438378316,4,24.28758609594579,,,,
