Source,SS,DF,MS,F,p-unc,ng2,eps
condition,1945.6000000000033,4,486.40000000000083,1.385360296211908,0.2489897824573498,0.053663956470722696,0.7648554929337033
Error,22470.399999999998,64,351.09999999999997,,,,
