condition,count,mean,std,min,25%,50%,75%,max,sem
2a,23.0,3.8591430106362936,4.9124757061210005,-12.042463872958828,2.0346211038747666,4.59119329343436,5.8759994905552375,10.499336868312206,1.024321993431435
2b,23.0,4.117316087273226,4.16134032549732,-5.860595933870554,1.8280491307779978,4.295573325132793,6.238964083332565,13.263750220812188,0.8676994396631503
2c,24.0,2.959669992976135,6.229980106983994,-14.222268408120486,-0.3231191914330655,3.3112474131122456,6.824601833102005,12.683989926448469,1.271689364150045
2d,20.0,4.543012875285438,6.928656542729889,-9.410405495380829,-0.5578699975386339,7.231560950179781,9.222575395062147,15.103121860904796,1.5492947022292707
2e,22.0,3.5341510289088913,5.163022313076057,-7.382249813387572,0.07026063024663197,3.347839166902861,6.868533254804069,14.935405980574076,1.100760055707816
