Source,SS,DF,MS,F,p-unc,ng2,eps
condition,0.13395081103471002,2,0.06697540551735501,0.15434113175619074,0.8618487275090134,0.04042097150951346,0.5454430258049184
Error,1.7357759336157925,4,0.43394398340394813,,,,
