condition,count,mean,std,min,25%,50%,75%,max,sem
Increase by 1 (no 1),24.0,170.66666666666666,20.24774097258145,136.0,159.0,170.0,184.0,208.0,4.133052818905745
Increase by 2 (no 1),24.0,168.33333333333334,17.80734256635061,136.0,155.0,168.0,178.0,200.0,3.634908580208508
Increase by 3 (no 1),24.0,170.0,20.76786815795225,136.0,156.0,168.0,188.0,208.0,4.23922333603145
