condition,count,mean,std,min,25%,50%,75%,max,sem
Increase by 1 (no 1),24.0,99.33333333333333,8.057762482965359,88.0,91.0,104.0,105.0,108.0,1.6447838793172305
Increase by 2 (no 1),24.0,99.5,7.48912254685014,88.0,92.0,100.0,108.0,108.0,1.5287107384129701
Increase by 3 (no 1),24.0,99.66666666666667,8.498934289543072,88.0,91.0,102.0,108.0,108.0,1.7348376972353337
