condition,count,mean,std,min,25%,50%,75%,max,sem
Increase by 1 (no 1),24.0,1.206646544908568,1.3166286054631575,-0.8268719057842328,0.4982798806441552,0.9334939154994505,1.6584214384260985,4.006074461157544,0.26875568867807703
Increase by 2 (no 1),24.0,1.4167193113850172,1.5265991563384629,-1.614944232532021,0.5259744924980396,1.1900166171765734,2.3012172064366325,4.544751363563985,0.31161574789937646
Increase by 3 (no 1),24.0,1.4537783688230643,2.2195565311870125,-1.3219091288706173,0.1543134279735874,1.126458020766868,2.4818942614075725,9.074343962516048,0.4530650797224999
