Contrast,Coef,Std.Err.,z,P>|z|,P>|z| (adj)
Increase by 1 (no 1) - Increase by 2 (no 1),0.3607810310639315,1.1926082973026515,0.3025142721880419,0.7622600551955163,0.8603286868787842
Increase by 1 (no 1) - Increase by 3 (no 1),-0.5767699886473999,1.1843855261017802,-0.48697824816024915,0.6262737457426681,0.8603286868787842
Increase by 2 (no 1) - Increase by 3 (no 1),-0.9375510197113315,1.1963597706723132,-0.7836697979107572,0.4332338886471474,0.8179412218433103
