Contrast,Coef,Std.Err.,z,P>|z|,P>|z| (adj)
Increase by 1 (no 1) - Increase by 2 (no 1),2.5927082034241566,1.7352751992882323,1.4941193215275725,0.13514443471118764,0.21967473252405717
Increase by 1 (no 1) - Increase by 3 (no 1),5.4262364895999395,1.7671000804779675,3.070701285991818,0.0021355668652662807,0.006393028397854904
Increase by 2 (no 1) - Increase by 3 (no 1),2.833528286175783,1.8059050967932138,1.5690349903809135,0.1166397861144397,0.21967473252405717
