Contrast,Coef,Std.Err.,z,P>|z|,P>|z| (adj)
Increase by 1 (no 1) - Increase by 2 (no 1),1.5144996915137792,1.5447652406851722,0.9804076707746422,0.32688492482143183,0.5469160955673504
Increase by 1 (no 1) - Increase by 3 (no 1),2.8697991022320792,1.5979967562773387,1.79587292086719,0.07251473000579489,0.20215034225991843
Increase by 2 (no 1) - Increase by 3 (no 1),1.3552994107183,1.6222779174212434,0.8354298583270309,0.4034757242055935,0.5469160955673504
