Contrast,Coef,Std.Err.,z,P>|z|,P>|z| (adj)
Increase by 1 (no 1) - Increase by 2 (no 1),2.4951166121872537,2.7841587187045795,0.8961833229637812,0.370154861136339,0.7501373478328265
Increase by 1 (no 1) - Increase by 3 (no 1),1.0463476951364694,2.806572155731141,0.3728205216458741,0.7092820281913761,0.8426607486024353
Increase by 2 (no 1) - Increase by 3 (no 1),-1.4487689170507843,2.788219481779059,-0.5196036131726541,0.6033398792447562,0.8426607486024353
