Contrast,Coef,Std.Err.,z,P>|z|,P>|z| (adj)
Increase by 1 (no 1) - Increase by 2 (no 1),-1.005357233619846,0.4117351816113738,-2.441756931446234,0.014615983783228925,0.043210192772335815
Increase by 1 (no 1) - Increase by 3 (no 1),-0.9127704643498809,0.3872993596633122,-2.3567569673840207,0.01843530772786406,0.043210192772335815
Increase by 2 (no 1) - Increase by 3 (no 1),0.09258676926996512,0.39970958025491865,0.23163510169287665,0.8168214416701878,0.8168214416701878
