Contrast,Coef,Std.Err.,z,P>|z|,P>|z| (adj)
Increase by 1 (no 1) - Increase by 2 (no 1),-0.47623324777378695,1.9918401889139548,-0.2390920970589773,0.8110341697248216,0.8110341697248216
Increase by 1 (no 1) - Increase by 3 (no 1),1.4617111766662194,1.9993845430286112,0.7310805626475738,0.46472994603946427,0.7470743126451462
Increase by 2 (no 1) - Increase by 3 (no 1),1.9379444244400064,2.15089633466838,0.9009938755317995,0.3675915760238986,0.7470743126451462
