Contrast,Coef,Std.Err.,z,P>|z|,P>|z| (adj)
Increase by 1 (no 1) - Increase by 2 (no 1),-3.7619722265348794,9.980668820135493,-0.3769258648223345,0.7062286993241118,0.7062286993241118
Increase by 1 (no 1) - Increase by 3 (no 1),14.131964485013878,10.1460418292665,1.392854940164931,0.16366366071495553,0.300541527591291
Increase by 2 (no 1) - Increase by 3 (no 1),17.893936711548758,10.039589829520622,1.7823374276639319,0.07469422271469983,0.20776172344040375
