Contrast,Coef,Std.Err.,z,P>|z|,P>|z| (adj)
Increase by 1 (no 1) - Increase by 2 (no 1),-0.10134520691595403,0.1545962816250539,-0.6555475063866608,0.5121153103493601,0.5121153103493601
Increase by 1 (no 1) - Increase by 3 (no 1),-0.4040684782024703,0.16355275643898656,-2.4705696620479047,0.013489804236125114,0.039925943058063566
Increase by 2 (no 1) - Increase by 3 (no 1),-0.3027232712865163,0.16376637434680502,-1.8485068897321062,0.06452904861335806,0.12489409911177099
