Contrast,Coef,Std.Err.,z,P>|z|,P>|z| (adj)
Increase by 1 (no 1) - Increase by 2 (no 1),0.6238897742530068,2.7268362960980124,0.22879619695020445,0.8190273227914302,0.9708219358069547
Increase by 1 (no 1) - Increase by 3 (no 1),1.0737163353049377,2.7117367904116296,0.39595153154298296,0.6921407844144483,0.9708219358069547
Increase by 2 (no 1) - Increase by 3 (no 1),0.44982656105193086,2.7324216084177713,0.16462560523828026,0.8692386761254545,0.9708219358069547
