Contrast,A,B,Paired,Parametric,T,dof,alternative,p-unc,p-corr,p-adjust,BF10,cohen,ci_lower,ci_upper
condition,Increase by 1 (no 1),Increase by 2 (no 1),True,True,-0.6442110938568101,23.0,two-sided,0.5258116247350457,0.7887174371025686,fdr_bh,0.259,-0.14736931167756678,-0.5555835191704859,0.29258544140558795
condition,Increase by 1 (no 1),Increase by 3 (no 1),True,True,-0.7217289669908811,23.0,two-sided,0.47773490918524475,0.7887174371025686,fdr_bh,0.272,-0.13542799416570786,-0.5718702768859936,0.2772256599337166
condition,Increase by 2 (no 1),Increase by 3 (no 1),True,True,-0.10155576780500238,23.0,two-sided,0.9199894544598466,0.9199894544598466,fdr_bh,0.216,-0.019455066303312785,-0.44303831336785593,0.40157834477471865
