Contrast,A,B,Paired,Parametric,T,dof,alternative,p-unc,p-corr,p-adjust,BF10,cohen,ci_lower,ci_upper
condition,Increase by 1 (no 1),Increase by 2 (no 1),True,True,-0.5614666109794556,23.0,two-sided,0.5799097760465945,0.5799097760465945,fdr_bh,0.248,-0.11614601817979583,-0.5382562162225645,0.3090384321376629
condition,Increase by 1 (no 1),Increase by 3 (no 1),True,True,0.9500859973336885,23.0,two-sided,0.35194608270008976,0.5279191240501346,fdr_bh,0.322,0.2787413645667235,-0.23227941189081608,0.6201503960959487
condition,Increase by 2 (no 1),Increase by 3 (no 1),True,True,1.6384293651523214,23.0,two-sided,0.11494146577561666,0.34482439732685,fdr_bh,0.688,0.4014289052252266,-0.09946709527548758,0.7683530826447151
