Contrast,A,B,Paired,Parametric,T,dof,alternative,p-unc,p-corr,p-adjust,BF10,cohen,ci_lower,ci_upper
condition,Increase by 1 (no 1),Increase by 2 (no 1),True,True,0.5982865037125742,6.0,two-sided,0.5715265173813097,0.5715265173813097,fdr_bh,0.409,0.3396556738510156,-0.4891285370039248,0.9613916536940049
condition,Increase by 1 (no 1),Increase by 3 (no 1),True,True,1.3106696380871008,6.0,two-sided,0.23790015564930989,0.35685023347396483,fdr_bh,0.667,0.6927837332995692,-0.2780976377015514,1.2317507002899557
condition,Increase by 2 (no 1),Increase by 3 (no 1),True,True,1.6401060392168867,6.0,two-sided,0.15209369208514054,0.35685023347396483,fdr_bh,0.896,0.44236352558804276,-0.3585768945940231,1.25394986944707
