Contrast,A,B,Paired,Parametric,T,dof,alternative,p-unc,p-corr,p-adjust,BF10,cohen,ci_lower,ci_upper
condition,Increase by 1 (no 1),Increase by 2 (no 1),True,True,0.5368766668294886,23.0,two-sided,0.5965086446756056,0.9183190029472305,fdr_bh,0.245,0.12465955164911856,-0.31393940758542455,0.5331183890085003
condition,Increase by 1 (no 1),Increase by 3 (no 1),True,True,-0.10368390010592933,23.0,two-sided,0.9183190029472305,0.9183190029472305,fdr_bh,0.216,-0.02306015792284738,-0.44347463754005106,0.40114586257317947
condition,Increase by 2 (no 1),Increase by 3 (no 1),True,True,-0.46241408661050687,23.0,two-sided,0.6481291662400263,0.9183190029472305,fdr_bh,0.237,-0.11704823729064227,-0.5175923341916968,0.3288125738465487
