Contrast,A,B,Paired,Parametric,T,dof,alternative,p-unc,p-corr,p-adjust,BF10,cohen,ci_lower,ci_upper
condition,Increase by 1 (no 1),Increase by 2 (no 1),True,True,0.7999999999999999,8.0,two-sided,0.44681333411490876,0.6702200011723631,fdr_bh,0.419,0.3164751088516956,-0.714781640288679,0.5579106706398359
condition,Increase by 1 (no 1),Increase by 3 (no 1),True,True,1.4214846311870668,8.0,two-sided,0.19296485632251065,0.578894568967532,fdr_bh,0.695,0.4609404784364756,-0.2712133957641746,1.0463855455228117
condition,Increase by 2 (no 1),Increase by 3 (no 1),True,True,0.4364357804719848,8.0,two-sided,0.6740596481777641,0.6740596481777641,fdr_bh,0.349,0.20573779994945515,-0.627245775494931,0.9182029624762542
