{
  "analysis_id": "prime_abcde_ALL",
  "date_analyzed": "2026-02-23T12:05:17.203937",
  "baseline_ms": [
    -100,
    0
  ],
  "response_filter": "ALL",
  "fal_fraction": 0.5,
  "n_subjects_total": 24,
  "n_evokeds_included": 120,
  "conditions": [
    "a",
    "b",
    "c",
    "d",
    "e"
  ],
  "components": {
    "P1": {
      "collapsed_peak_latency_ms": 108.0,
      "peak_gfp_amplitude": 1.0641516060572893,
      "fwhm_ms": 35.23996811978043,
      "window_start_ms": 86.06713004166988,
      "window_end_ms": 121.30709816145031,
      "search_range_ms": [
        60.0,
        120.0
      ],
      "method": "GFP_collapsed_localizer",
      "n_subjects": 120,
      "n_conditions": 5
    },
    "N1": {
      "collapsed_peak_latency_ms": 172.0,
      "peak_gfp_amplitude": -3.656936801648339,
      "fwhm_ms": 73.56425978095427,
      "window_start_ms": 138.29364511791806,
      "window_end_ms": 211.85790489887233,
      "search_range_ms": [
        125.0,
        200.0
      ],
      "method": "GFP_collapsed_localizer",
      "n_subjects": 120,
      "n_conditions": 5
    },
    "P3b": {
      "collapsed_peak_latency_ms": 468.0,
      "peak_gfp_amplitude": 2.1436546089592663,
      "fwhm_ms": 34.64070136011105,
      "window_start_ms": 449.6059987381486,
      "window_end_ms": 484.2467000982597,
      "search_range_ms": [
        320.0,
        590.0
      ],
      "method": "GFP_collapsed_localizer",
      "n_subjects": 120,
      "n_conditions": 5
    },
    "Fz": {
      "collapsed_peak_latency_ms": 104.0,
      "peak_gfp_amplitude": -1.336834473114568,
      "fwhm_ms": 35.1097031365037,
      "window_start_ms": 85.68821038107296,
      "window_end_ms": 120.79791351757666,
      "search_range_ms": [
        80.0,
        120.0
      ],
      "method": "GFP_collapsed_localizer",
      "n_subjects": 120,
      "n_conditions": 5
    }
  }
}