{
  "analysis_id": "65_ALL_ACC1",
  "date_analyzed": "2025-10-20T23:10:16.666869",
  "baseline_ms": [
    -100,
    0
  ],
  "response_filter": "MIXED",
  "fal_fraction": 0.5,
  "n_subjects_total": 24,
  "n_evokeds_included": 40,
  "conditions": [
    "65 ALL",
    "65 ACC1"
  ],
  "components": {
    "N1": {
      "collapsed_peak_latency_ms": 164.0,
      "peak_gfp_amplitude": -4.723665935915612,
      "fwhm_ms": 70.02968751435179,
      "window_start_ms": 134.80733489222018,
      "window_end_ms": 204.83702240657198,
      "search_range_ms": [
        125.0,
        200.0
      ],
      "method": "GFP_collapsed_localizer",
      "n_subjects": 40,
      "n_conditions": 2
    },
    "P3b": {
      "collapsed_peak_latency_ms": 540.0,
      "peak_gfp_amplitude": 1.1791749174392625,
      "fwhm_ms": 38.04939391978667,
      "window_start_ms": 521.3690863932281,
      "window_end_ms": 559.4184803130148,
      "search_range_ms": [
        320.0,
        590.0
      ],
      "method": "GFP_collapsed_localizer",
      "n_subjects": 40,
      "n_conditions": 2
    }
  }
}