Source,SS,DF,MS,F,p-unc,ng2,eps
condition,652.4444444444435,2,326.2222222222218,11.64275862068964,8.103142355869536e-05,0.10016375545851515,0.9103024152347287
Error,1288.8888888888887,46,28.01932367149758,,,,
