Source,SS,DF,MS,F,p-unc,ng2,eps
condition,0.8097577911649239,2,0.40487889558246193,0.5875154287598416,0.5598216522663175,0.003944478045316702,0.9105097096428788
Error,31.70032357466198,46,0.6891374690143909,,,,
