Source,SS,DF,MS,F,p-unc,ng2,eps
condition,1.6551352719272607,2,0.8275676359636304,1.9938518682482262,0.1477667844571375,0.01541328634308655,0.9631661281765449
Error,19.09274799224336,46,0.4150597389618122,,,,
