Source,SS,DF,MS,F,p-unc,p-GG-corr,ng2,eps,sphericity,W-spher,p-spher
condition,65.63563369633563,2,32.817816848167816,20.836798633602875,3.609500679742415e-07,3.78165399816324e-05,0.10121501462519947,0.6079599282297381,False,0.3551547502286695,1.1339500005209622e-05
Error,72.44968872431303,46,1.5749932331372398,,,,,,,,
