condition,count,mean,std,min,25%,50%,75%,max,sem
Cardinality (no change),14.0,2.745379784302725,1.6636532454892843,0.8979826431488968,1.7477445033708277,1.88609709380174,3.180154828247634,5.953611422829757,0.4446300325011015
Decreasing (any step),19.0,4.414977009839563,2.382304837057542,0.7680217935065977,2.6956625168911437,4.157395773942086,6.492321583900214,8.191675688790832,0.5465382124969451
Increasing (any step),18.0,4.077403526809819,2.36791696617776,0.9332368455466612,1.8959707231444676,3.859175376986901,5.826844725952897,8.071842603515591,0.5581233813569902
