condition,count,mean,std,min,25%,50%,75%,max,sem
Cardinality (no change),23.0,176.0,17.09864428437636,144.0,166.0,172.0,188.0,204.0,3.565313794127089
Decreasing (any step),24.0,177.0,14.458335943699383,144.0,168.0,176.0,186.0,204.0,2.9512954659837485
Increasing (any step),23.0,170.43478260869566,17.673364877321934,144.0,162.0,168.0,182.0,204.0,3.6851513218116656
