condition,count,mean,std,min,25%,50%,75%,max,sem
Cardinality (no change),24.0,107.16666666666667,8.981462390204987,92.0,102.0,108.0,116.0,116.0,1.833333333333334
Decreasing (any step),24.0,106.33333333333333,7.636677325886576,96.0,100.0,104.0,113.0,116.0,1.5588302315586693
Increasing (any step),24.0,103.0,9.155658739627736,92.0,92.0,102.0,112.0,116.0,1.8688910142617756
