Contrast,Coef,Std.Err.,z,P>|z|,P>|z| (adj)
Cardinality (no change) - Decreasing (any step),-0.27168730782113754,2.2160642570440476,-0.12259902074479302,0.9024246299269729,0.9024246299269729
Cardinality (no change) - Increasing (any step),6.147198846594541,2.0149718637231824,3.0507616296120377,0.002282617142526533,0.006832232297735261
Decreasing (any step) - Increasing (any step),6.418886154415678,2.134559005905182,3.007125189164627,0.0026373112812230204,0.006832232297735261
