Contrast,Coef,Std.Err.,z,P>|z|,P>|z| (adj)
Cardinality (no change) - Decreasing (any step),-0.40437611965035014,0.17770130491309327,-2.275594542471788,0.022870288284537077,0.04521752648285631
Cardinality (no change) - Increasing (any step),-0.4545333788657206,0.16719286848416573,-2.7186170258737317,0.006555546140990742,0.019537994593161793
Decreasing (any step) - Increasing (any step),-0.05015725921537045,0.17169531073369124,-0.29212946469555645,0.7701876392037179,0.7701876392037179
