Contrast,Coef,Std.Err.,z,P>|z|,P>|z| (adj)
Cardinality (no change) - Decreasing (any step),2.7378829267582927,1.585328666007305,1.7270128178869864,0.0841653614876543,0.16124691490096107
Cardinality (no change) - Increasing (any step),4.61230604952495,1.4380443699364176,3.2073461333664417,0.0013396570269541552,0.004013589442269809
Decreasing (any step) - Increasing (any step),1.874423122766657,1.5729853026761011,1.1916342254296486,0.23340469890024496,0.23340469890024498
