Contrast,Coef,Std.Err.,z,P>|z|,P>|z| (adj)
Cardinality (no change) - Decreasing (any step),-0.4774096638565802,0.5187333426663833,-0.9203373382605562,0.35739650285144897,0.73464379091783
Cardinality (no change) - Increasing (any step),-0.25799106129113974,0.4866141258893316,-0.5301758571427362,0.5959900084824044,0.7950830620560072
Decreasing (any step) - Increasing (any step),0.21941860256544043,0.3646176963564926,0.6017771621016204,0.5473224790825231,0.7950830620560072
