Contrast,Coef,Std.Err.,z,P>|z|,P>|z| (adj)
Cardinality (no change) - Decreasing (any step),-0.45938557846858175,0.16038200774904235,-2.864321159935877,0.00417904063842478,0.008340616896191954
Cardinality (no change) - Increasing (any step),-0.6060655148539094,0.1469355697324073,-4.124702520687467,3.712142333855972e-05,0.00011136013606662043
Decreasing (any step) - Increasing (any step),-0.14667993638532761,0.164210396182847,-0.8932439102211327,0.37172656793486847,0.37172656793486847
