Contrast,Coef,Std.Err.,z,P>|z|,P>|z| (adj)
Cardinality (no change) - Decreasing (any step),0.2570496111180566,0.20830289432751156,1.2340184323790588,0.21719603586405478,0.4468600070532869
Cardinality (no change) - Increasing (any step),0.27339322718614884,0.20349907496876873,1.3434617686989823,0.1791224974990806,0.4468600070532869
Decreasing (any step) - Increasing (any step),0.01634361606809226,0.20673985502012263,0.07905401726484468,0.9369896578973045,0.9369896578973045
