Contrast,A,B,Paired,Parametric,T,dof,alternative,p-unc,p-corr,p-adjust,BF10,cohen,ci_lower,ci_upper
condition,Cardinality (no change),Decreasing (any step),True,True,-1.7085012571965574,23.0,two-sided,0.10100621766487544,0.15150932649731316,fdr_bh,0.757,-0.4728911976942989,-0.7836591777914004,0.08616646028554509
condition,Cardinality (no change),Increasing (any step),True,True,-2.1066794199522003,23.0,two-sided,0.046259073484422195,0.1387772204532666,fdr_bh,1.383,-0.5817682476338089,-0.8713768908908064,0.011328619139918061
condition,Decreasing (any step),Increasing (any step),True,True,-0.7908364971632087,23.0,two-sided,0.43711876066253674,0.43711876066253674,fdr_bh,0.285,-0.14584862636859197,-0.586433853055301,0.2635762050519914
