Source,SS,DF,MS,F,p-unc,ng2,eps
condition,685.77777777777,2,342.888888888885,0.23001639779893304,0.7954288744563461,0.005900494639651028,0.9044613389881773
Error,68572.88888888892,46,1490.7149758454113,,,,
