Source,SS,DF,MS,F,p-unc,p-GG-corr,ng2,eps,sphericity,W-spher,p-spher
condition,24.888888888889053,2,12.444444444444526,0.7272727272727325,0.498530246738687,0.44608458578830734,0.03070175438596511,0.6347286157798935,False,0.4245235284196322,0.04984896874238663
Error,273.7777777777776,16,17.1111111111111,,,,,,,,
