Source,SS,DF,MS,F,p-unc,ng2,eps
condition,7.524881008192848,2,3.762440504096424,5.5858746250265146,0.006889541189402076,0.03337516902034005,0.9737483119709702
Error,29.63678802215452,44,0.6735633641398754,,,,
