Source,SS,DF,MS,F,p-unc,ng2,eps
condition,79.76811594202779,2,39.884057971013895,0.6438659179853571,0.5301348277145839,0.0032614054382039026,0.908857550669249
Error,2725.565217391304,44,61.94466403162055,,,,
