Source,SS,DF,MS,F,p-unc,ng2,eps
condition,12.847703139322633,2,6.423851569661316,5.711098022036104,0.0062361538012701825,0.033913531474337975,0.9870009141144529
Error,49.49126559805194,44,1.1248014908648167,,,,
