Source,SS,DF,MS,F,p-unc,ng2,eps
condition,15.094388646949128,2,7.547194323474564,6.802519601396828,0.003662423834489648,0.051902911298168104,0.9845109745197285
Error,33.28411279516854,30,1.109470426505618,,,,
