condition,count,mean,std,min,25%,50%,75%,max,sem
Increase by 1,24.0,1.08084228677598,1.284801360635046,-1.098142642010136,0.5376569684266471,0.8243710023984463,2.099530796313514,3.904752617947464,0.2622589795324513
Increase by 2,24.0,1.1092382245380312,1.3930996376468388,-1.407935319833816,0.24622321732558025,0.9254073279801991,1.7528160068630503,4.69753324207216,0.28436527275757445
Increase by 3,24.0,1.3625630561417978,1.5049234626452053,-0.7663421237066841,0.41540886379241243,1.0891733402051593,2.095288930288922,5.724228774319959,0.30719121545193107
