condition,count,mean,std,min,25%,50%,75%,max,sem
Increase by 1,7.0,100.0,10.066445913694333,88.0,90.0,108.0,108.0,108.0,3.8047589248453684
Increase by 2,10.0,100.8,9.577751997902917,88.0,90.0,108.0,108.0,108.0,3.028751117760147
Increase by 3,9.0,98.22222222222223,9.614803401237305,88.0,88.0,96.0,108.0,108.0,3.2049344670791013
