condition,count,mean,std,min,25%,50%,75%,max,sem
Increase by 1,17.0,99.52941176470588,8.109544122967266,88.0,92.0,104.0,104.0,108.0,1.9668533526235872
Increase by 2,14.0,101.42857142857143,5.5707241031096695,92.0,100.0,100.0,107.0,108.0,1.488838642148567
Increase by 3,15.0,100.53333333333333,7.229568912920513,88.0,96.0,100.0,108.0,108.0,1.8666666666666663
