Contrast,Coef,Std.Err.,z,P>|z|,P>|z| (adj)
Increase by 1 - Increase by 2,-1.3655512139909298,0.31706983129389793,-4.306783803487046,1.6564536426288967e-05,3.3128798468710914e-05
Increase by 1 - Increase by 3,-1.4552156173319104,0.3231862952600133,-4.502714498339556,6.7090985191864405e-06,2.012716052185249e-05
Increase by 2 - Increase by 3,-0.08966440334098058,0.3235350075140366,-0.2771397260220457,0.781672819056743,0.781672819056743
