Contrast,Coef,Std.Err.,z,P>|z|,P>|z| (adj)
Increase by 1 - Increase by 2,0.591508684392033,0.30531799582502256,1.9373528337026882,0.052702228008136176,0.052702228008136176
Increase by 1 - Increase by 3,1.3064656648510071,0.308169876041029,4.239433398341204,2.240846630252591e-05,6.72238925007438e-05
Increase by 2 - Increase by 3,0.7149569804589742,0.2937875766521668,2.4335847982620984,0.014950133127162202,0.029676759773804528
