Contrast,Coef,Std.Err.,z,P>|z|,P>|z| (adj)
Increase by 1 - Increase by 2,0.004200908596957562,0.26167767178199064,0.016053752574111214,0.987191508854264,0.9957407407160411
Increase by 1 - Increase by 3,0.05303261353344859,0.259229335821448,0.2045779786666444,0.8379018619835201,0.9957407407160411
Increase by 2 - Increase by 3,0.04883170493649103,0.2594090995534836,0.18824206637525126,0.8506868976824746,0.9957407407160411
