Contrast,Coef,Std.Err.,z,P>|z|,P>|z| (adj)
Increase by 1 - Increase by 2,-0.30472398980551446,0.1522085437808239,-2.0020163273114853,0.04528297554194327,0.08851540320995431
Increase by 1 - Increase by 3,-0.4035077059927285,0.15408197125293005,-2.6187859793820967,0.008824329137810283,0.026240068199019664
Increase by 2 - Increase by 3,-0.09878371618721404,0.15066850094888823,-0.6556361519832521,0.5120582588314071,0.5120582588314071
