Contrast,Coef,Std.Err.,z,P>|z|,P>|z| (adj)
Increase by 1 - Increase by 2,0.6477975782977857,0.29583978650404874,2.1896905279470253,0.028546688498391815,0.03897380166089073
Increase by 1 - Increase by 3,1.3143514171514588,0.29894627553128483,4.396614123442764,1.0995256173762513e-05,3.2985405835641836e-05
Increase by 2 - Increase by 3,0.666553838853673,0.28578235279034364,2.332382781321252,0.019680563112661087,0.03897380166089073
