Contrast,A,B,Paired,Parametric,T,dof,alternative,p-unc,p-corr,p-adjust,BF10,cohen,ci_lower,ci_upper
condition,Increase by 1,Increase by 2,True,True,1.0220438559136555,22.0,two-sided,0.3178681245898436,0.4768021868847654,fdr_bh,0.349,0.12631546488751846,-0.22420385474025387,0.6504256062531922
condition,Increase by 1,Increase by 3,True,True,0.13439641874969063,22.0,two-sided,0.894311066321885,0.894311066321885,fdr_bh,0.221,0.018088995187728826,-0.40449372837741104,0.4605409093913331
condition,Increase by 2,Increase by 3,True,True,-1.0725328887197916,22.0,two-sided,0.2951053911873528,0.4768021868847654,fdr_bh,0.365,-0.10896347750798767,-0.6614445490168878,0.21416741532018954
