Contrast,A,B,Paired,Parametric,T,dof,alternative,p-unc,p-corr,p-adjust,BF10,cohen,ci_lower,ci_upper
condition,Increase by 1,Increase by 2,True,True,-1.311153157360929,1.0,two-sided,0.4148034416217115,0.7210617909648879,fdr_bh,0.831,-0.7504472902300058,-3.081027030851944,2.149669134954591
condition,Increase by 1,Increase by 3,True,True,-0.763698286246159,1.0,two-sided,0.5847898844402957,0.7210617909648879,fdr_bh,0.657,-0.18453915991871533,-2.9569192785217115,0.9471331025232552
condition,Increase by 2,Increase by 3,True,True,0.4685287046759048,1.0,two-sided,0.7210617909648879,0.7210617909648879,fdr_bh,0.579,0.3290283589966058,-0.7353922032527636,1.4249540329729249
