Contrast,A,B,Paired,Parametric,T,dof,alternative,p-unc,p-corr,p-adjust,BF10,cohen,ci_lower,ci_upper
condition,Increase by 1,Increase by 2,True,True,1.1631599960755994,23.0,two-sided,0.2566907253048874,0.38503608795733113,fdr_bh,0.392,0.1317438568419341,-0.19074358305660852,0.6656016629904256
condition,Increase by 1,Increase by 3,True,True,0.13452132697638325,23.0,two-sided,0.8941606031219365,0.8941606031219365,fdr_bh,0.216,0.016325389533321844,-0.39488350463305943,0.4498016064020982
condition,Increase by 2,Increase by 3,True,True,-1.2416616552872488,23.0,two-sided,0.22687513937343087,0.38503608795733113,fdr_bh,0.425,-0.11583447271195815,-0.6824438780852183,0.1755376299796686
