Contrast,A,B,Paired,Parametric,T,dof,alternative,p-unc,p-corr,p-adjust,BF10,cohen,ci_lower,ci_upper
condition,Increase by 1,Increase by 2,True,True,-0.4158871397342305,22.0,two-sided,0.6815214539185175,0.6815214539185175,fdr_bh,0.237,-0.03891783151779698,-0.5199631109541055,0.3465261844429939
condition,Increase by 1,Increase by 3,True,True,-1.4504133191423465,22.0,two-sided,0.1610521947468459,0.372729016732513,fdr_bh,0.548,-0.18769986132311375,-0.7446420979094526,0.13977793114636577
condition,Increase by 2,Increase by 3,True,True,-1.1854515394924714,22.0,two-sided,0.24848601115500868,0.372729016732513,fdr_bh,0.408,-0.135971915984133,-0.6861718519614931,0.19180438566083335
