Contrast,A,B,Paired,Parametric,T,dof,alternative,p-unc,p-corr,p-adjust,BF10,cohen,ci_lower,ci_upper
condition,Increase by 1,Increase by 2,True,True,1.2556180058348068,7.0,two-sided,0.24954202298281294,0.37431303447421943,fdr_bh,0.615,0.27207916634324875,-0.262375893550985,1.3932944664576128
condition,Increase by 1,Increase by 3,True,True,1.6550318531021113,7.0,two-sided,0.1418916027014795,0.37431303447421943,fdr_bh,0.894,0.29662910648761776,-0.15744809079708433,1.5580500413007916
condition,Increase by 2,Increase by 3,True,True,0.2606936229533505,7.0,two-sided,0.80183148620555,0.80183148620555,fdr_bh,0.346,0.046917564532222046,-0.42883947736360717,0.9362265814280256
