Contrast,A,B,Paired,Parametric,T,dof,alternative,p-unc,p-corr,p-adjust,BF10,cohen,ci_lower,ci_upper
condition,Increase by 1,Increase by 2,True,True,1.0,8.0,two-sided,0.34659350708733416,0.5198902606310013,fdr_bh,0.482,0.4285495643554846,-0.7153569059883401,0.7153569059883401
condition,Increase by 1,Increase by 3,True,True,1.835325870964494,8.0,two-sided,0.10378649158627157,0.3113594747588147,fdr_bh,1.067,0.300023440246941,-0.07109921768852356,1.3175631427116992
condition,Increase by 2,Increase by 3,True,True,-0.1889822365046136,8.0,two-sided,0.8548130882487426,0.8548130882487426,fdr_bh,0.327,-0.07384650341622791,-0.8386864792498077,0.5137682626054783
