Contrast,A,B,Paired,Parametric,T,dof,alternative,p-unc,p-corr,p-adjust,BF10,cohen,ci_lower,ci_upper
condition,Increase by 1,Increase by 2,True,True,-3.476838441352142,15.0,two-sided,0.0033804397686583985,0.010141319305975196,fdr_bh,13.532,-0.5268376389917594,-1.4946735451726103,-0.2437456755034605
condition,Increase by 1,Increase by 3,True,True,-2.5921700569456556,15.0,two-sided,0.020414630904324778,0.030621946356487167,fdr_bh,3.055,-0.37321625939590186,-1.234186186077435,-0.06189884239539267
condition,Increase by 2,Increase by 3,True,True,1.1681347643152864,15.0,two-sided,0.26098428825764974,0.26098428825764974,fdr_bh,0.457,0.18152248293146492,-0.16862629931901563,0.854799397984667
