Contrast,A,B,Paired,Parametric,T,dof,alternative,p-unc,p-corr,p-adjust,BF10,cohen,ci_lower,ci_upper
condition,Increase by 1,Increase by 2,True,True,-0.43168986659755954,15.0,two-sided,0.6721073932391689,0.6721073932391689,fdr_bh,0.277,-0.12515046831236024,-0.6423341971431061,0.4264892638443264
condition,Increase by 1,Increase by 3,True,True,1.4997648818166083,15.0,two-sided,0.15442698320794462,0.23164047481191694,fdr_bh,0.651,0.36178379541030287,-0.17633072617764028,0.9262131670859444
condition,Increase by 2,Increase by 3,True,True,2.0306617634778608,15.0,two-sided,0.0604066019570757,0.1812198058712271,fdr_bh,1.3,0.5981292938299632,-0.09520661285792337,0.9430974743405895
