Source,SS,DF,MS,F,p-unc,ng2,eps
condition,10677.33333333331,5,2135.466666666662,1.430044411317118,0.2186907633820388,0.04186795491143308,0.7861350813624034
Error,171728.00000000006,115,1493.2869565217397,,,,
