Source,SS,DF,MS,F,p-unc,ng2,eps
condition,49.77777777777787,5,9.955555555555573,0.2931937172774871,0.9059986108095708,0.05384615384615394,0.3623280528380591
Error,339.5555555555559,10,33.95555555555559,,,,
