Source,SS,DF,MS,F,p-unc,ng2,eps
condition,880.2539682539679,5,176.05079365079357,0.8802651462240788,0.4972958382275492,0.020788599258663908,0.7942830017614441
Error,19999.746031746028,100,199.99746031746028,,,,
