Source,SS,DF,MS,F,p-unc,ng2,eps
condition,13.694325926922506,5,2.738865185384501,0.728276952636097,0.6180599155658757,0.2071247346255931,0.2388159125855662
Error,37.60746753650253,10,3.7607467536502535,,,,
