Source,SS,DF,MS,F,p-unc,ng2,eps
condition,55.26424127900712,5,11.052848255801425,2.992423915267308,0.014117553714859465,0.06534724290156568,0.7740543808236482
Error,424.7652021934936,115,3.6936104538564662,,,,
