Source,SS,DF,MS,F,p-unc,p-GG-corr,ng2,eps,sphericity,W-spher,p-spher
condition,72.10093546441449,5,14.420187092882898,0.329101739281297,0.8943431291114325,0.8289917597402279,0.00579678810817597,0.6827763941765034,False,0.23042490954089948,0.022880624736086166
Error,4381.680608669577,100,43.81680608669577,,,,,,,,
