condition,count,mean,std,min,25%,50%,75%,max,sem
1 to 3,7.0,-2.9100617757001914,2.0062782459847903,-5.857562979053741,-4.246139314999272,-2.975827962351407,-1.268912590253522,-0.5069376779906027,0.7583018999535179
2 to 3,18.0,-2.261275652029837,1.5489017855521487,-5.7589720205898125,-3.2783677565142373,-2.1600114452992294,-0.8101118128291875,-0.371098306915636,0.365079651985292
4 to 3,12.0,-2.3837726809808752,1.5524330586478343,-6.080083341708268,-3.136329259937607,-2.1647617941420583,-1.3585589993883136,-0.335084881937713,0.4481488221546005
5 to 3,20.0,-3.154804460026529,1.3935647834940723,-5.054539271386788,-4.204355530099474,-3.205861085204646,-2.0204474087442925,-0.6655196837623565,0.3116105586942523
6 to 3,16.0,-2.729034176678856,1.2359334178051755,-6.4063805513545695,-3.005476975491901,-2.388264983636874,-2.04153381528858,-1.2158483581563913,0.3089833544512938
Cardinality3,12.0,-3.608264380225346,1.8532963380396306,-8.809577621901047,-3.8935892736460653,-3.460470889784009,-2.867706523007194,-1.480480172107801,0.5350005698276641
