condition,count,mean,std,min,25%,50%,75%,max,sem
1 to 3,11.0,2.0037833188643774,1.655800226547049,0.3554555286831452,1.1344701522971379,1.6111112115056578,2.4072243435400242,6.391114086707126,0.49924255265836637
2 to 3,12.0,1.9786709104334068,1.402595572338943,-0.0496334793570148,1.4593800872555966,1.7686379717665455,2.3016738593756125,5.173650264618323,0.4048944656270329
4 to 3,11.0,1.8316479419382885,1.2315051027030706,0.1895699720085191,1.1352925569863057,1.6293829472857746,2.4589500970439557,4.482262941052313,0.3713127593703797
5 to 3,18.0,1.7415006536519315,1.2343572088439843,-0.0291182757959489,0.6502255791554115,1.6481173385252939,2.579786135730908,3.601240666701474,0.2909407842600269
6 to 3,15.0,1.5067452449884406,1.8887574824859104,-0.1504994574557062,0.2234137807132606,0.96656155898657,2.0918359078962006,6.995227470611374,0.4876750849795053
Cardinality3,13.0,2.23553093637742,1.9807320040002283,0.1786998243171159,0.8595048089478926,1.3972846840055684,2.649855244369222,7.431913131335948,0.5493562156442591
