condition,count,mean,std,min,25%,50%,75%,max,sem
1 to 3,11.0,107.27272727272727,8.54506768950263,92.0,100.0,108.0,116.0,116.0,2.576434848569942
2 to 3,12.0,105.66666666666667,9.56635518445513,92.0,99.0,106.0,116.0,116.0,2.761568870454371
4 to 3,11.0,104.72727272727273,8.355727485873496,92.0,100.0,104.0,110.0,116.0,2.5193466291910944
5 to 3,18.0,109.11111111111111,7.363574011458174,92.0,105.0,110.0,116.0,116.0,1.7356110390903667
6 to 3,15.0,106.4,7.6792856810662125,92.0,102.0,108.0,112.0,116.0,1.9827830369025683
Cardinality3,13.0,107.6923076923077,9.159554350372943,92.0,104.0,108.0,116.0,116.0,2.540403297743761
