condition,count,mean,std,min,25%,50%,75%,max,sem
1 to 3,20.0,5.925268717036461,3.641776783846292,1.7081574839963198,3.37201693376777,4.664155320706143,7.1160820985080635,15.567573757001798,0.8143260447560867
2 to 3,15.0,6.80864394489257,3.2412412861634268,2.5076998762603986,4.140961386489717,6.65312260896051,8.423386938651795,13.696608421568234,0.8368849014900573
4 to 3,19.0,5.836203582128181,3.023364766700141,1.1725178932596687,3.7521357095243997,5.571341071053696,7.342812426793531,11.65209652696666,0.6936074467109127
5 to 3,20.0,5.658242814828119,2.3435759545016395,1.5381328375606929,4.107972730101252,5.60360585174828,7.300827701397592,10.281692070540792,0.5240395144699621
6 to 3,19.0,6.782754902486048,3.0356258665857365,3.511192223450317,4.477177963868494,5.534344511359809,8.555001431849039,14.263214866903953,0.6964203359392267
Cardinality3,15.0,5.129898900842561,2.018890535181677,3.309903775881709,3.5678801605341666,4.154875341971807,6.794477784097562,9.60470479909227,0.5212752947049609
