Source,SS,DF,MS,F,p-unc,ng2,eps
condition,300.00000000000017,3,100.00000000000006,2.8846153846153864,0.05661011163383019,0.1567216159739959,0.7913374304945866
Error,832.0,24,34.666666666666664,,,,
