Source,SS,DF,MS,F,p-unc,ng2,eps
condition,830.0000000000009,3,276.66666666666697,1.801963375495566,0.1549221506564434,0.031194407556813946,0.8767062923002243
Error,10593.999999999998,69,153.53623188405794,,,,
