condition,count,mean,std,min,25%,50%,75%,max,sem
3 to 1,22.0,3.643772510355575,1.8845416498143304,1.3672602495239683,2.421113236342639,3.427105707170495,4.396695984120214,9.143972660189712,0.4017856297423991
4 to 2,15.0,2.66485670724427,1.1872021475633647,1.2810235859941517,1.7724538673550132,2.1001567718863536,3.658506654689649,4.868344329273978,0.30653427640630604
5 to 3,17.0,2.982269404872728,1.2991365881066907,0.8459777413683961,2.0283507543337884,2.96994288236974,4.21190036294474,4.758825454511565,0.3150869044040253
6 to 4,15.0,3.754509490908823,2.126344776186049,0.7076844404248659,2.5642060452534388,3.566486292995714,4.410815125581548,7.595962346616387,0.5490198604309136
