condition,count,mean,std,min,25%,50%,75%,max,sem
3 to 1,20.0,5.772589003746701,3.0140341902957064,1.2956560100211425,3.8658020178998433,5.153214168993099,6.70405404133256,14.344693669431647,0.6739585336009737
4 to 2,19.0,5.474595008721663,3.0713203427953073,1.1466415756038837,3.265115902323489,4.730854800107252,7.886033826630236,11.621550894989584,0.7046092103939707
5 to 3,20.0,5.532223762586067,2.4581746048554045,1.5381328375606929,3.1978932180971453,5.60360585174828,7.300827701397592,10.281692070540792,0.549664551702037
6 to 4,19.0,5.399002215064567,2.4882394655097886,1.733296786740425,3.428732036688741,4.920560141421058,7.587424791922604,9.619361394138982,0.5708412830256224
