condition,count,mean,std,min,25%,50%,75%,max,sem
3 to 1,6.0,111.33333333333333,10.250203250017371,96.0,105.0,114.0,120.0,120.0,4.184627953726726
4 to 2,9.0,110.22222222222223,10.603982480391245,96.0,100.0,112.0,120.0,120.0,3.5346608267970816
5 to 3,4.0,114.0,12.0,96.0,114.0,120.0,120.0,120.0,6.0
6 to 4,7.0,109.71428571428571,12.828539611796371,96.0,96.0,120.0,120.0,120.0,4.848732213850612
