condition,count,mean,std,min,25%,50%,75%,max,sem
3 to 1,20.0,475.6,27.00175432897102,420.0,456.0,480.0,489.0,536.0,6.037775819132847
4 to 2,19.0,474.7368421052632,38.06550217901179,420.0,452.0,476.0,508.0,536.0,8.732825117549455
5 to 3,20.0,465.0,27.648165447848054,420.0,453.0,468.0,476.0,528.0,6.18231773945492
6 to 4,19.0,487.36842105263156,32.31135081999614,432.0,464.0,472.0,520.0,536.0,7.412732260718588
