condition,count,mean,std,min,25%,50%,75%,max,sem
3 to 1,24.0,3.4051457183814215,2.2033728670623187,-2.539934911970842,2.289250435420076,3.427105707170495,4.203476052741763,9.143972660189712,0.449761603116326
4 to 2,24.0,0.9598595670117428,2.643320770282524,-4.62801240024029,-0.5162004890662515,1.7589716736601377,2.603197858780451,4.868344329273978,0.5395655928077311
5 to 3,24.0,1.9904173644040943,2.3010693008454517,-3.4260236775809307,1.0394658538695212,2.356080118558285,3.6897568091096353,4.758825454511565,0.46970380415451596
6 to 4,24.0,2.240332257148237,2.715102006970942,-2.7064113282130693,0.2467942830747835,2.3345827201720297,3.9404082449025606,7.595962346616387,0.5542178763904453
