Contrast,Coef,Std.Err.,z,P>|z|,P>|z| (adj)
3 to 1 - 4 to 2,1.302921148518533,0.42006580155839296,3.101707265111452,0.0019240812455483258,0.011489098400660572
3 to 1 - 5 to 3,0.6997827362156347,0.42563827518155894,1.644078498149955,0.10015998876365817,0.3443664028510432
3 to 1 - 6 to 4,0.1823621532290765,0.4254133812157298,0.42867046802319436,0.6681630551384621,0.6681630551384621
4 to 2 - 5 to 3,-0.6031384123028983,0.39237231587094695,-1.5371584281223176,0.12425451778503582,0.3443664028510432
4 to 2 - 6 to 4,-1.1205589952894566,0.3923015996047487,-2.856371211380328,0.004285138102593011,0.02124285159750241
5 to 3 - 6 to 4,-0.5174205829865581,0.39133915535333275,-1.3221794341519157,0.1861084076593147,0.3443664028510432
