Contrast,Coef,Std.Err.,z,P>|z|,P>|z| (adj)
3 to 1 - 4 to 2,-1.0892300882177932,0.5257973578694412,-2.07157771319242,0.03830484013331836,0.1446384557713348
3 to 1 - 5 to 3,0.531074929314481,0.5385860948094465,0.9860539186448491,0.3241066548095062,0.6912304169968961
3 to 1 - 6 to 4,0.37511983471264737,0.526206822035164,0.7128752783208497,0.47592293813505115,0.7253432332270026
4 to 2 - 5 to 3,1.6203050175322742,0.5375754987509489,3.014097594285893,0.002577448796101889,0.015365385933192798
4 to 2 - 6 to 4,1.4643499229304406,0.5260359147125928,2.7837451435811356,0.005373523841512906,0.026580419050564102
5 to 3 - 6 to 4,-0.1559550946018336,0.5343742709646065,-0.29184618922673217,0.7704042278707364,0.7704042278707364
