Contrast,Coef,Std.Err.,z,P>|z|,P>|z| (adj)
3 to 1 - 4 to 2,7.611555376366373,3.828327885189464,1.9882192969450099,0.04678744170006954,0.2130470330469527
3 to 1 - 5 to 3,7.523778410871172,3.878952652182285,1.9396417243294581,0.05242324637860207,0.2130470330469527
3 to 1 - 6 to 4,8.015225607424311,3.8769043991983367,2.0674292636882385,0.03869372315658737,0.21082981662619682
4 to 2 - 5 to 3,-0.08777696549520098,3.5728351972093693,-0.02456787415321055,0.9803996442731278,0.9986799909769548
4 to 2 - 6 to 4,0.4036702310579381,3.572180945423279,0.1130038587701234,0.9100274959563381,0.9986799909769548
5 to 3 - 6 to 4,0.49144719655313907,3.563276428275119,0.13792003130978944,0.8903036190041513,0.9986799909769548
