Contrast,Coef,Std.Err.,z,P>|z|,P>|z| (adj)
3 to 1 - 4 to 2,-0.17582988699377006,0.3410867591036615,-0.5154990110311866,0.6062043604993601,0.9898805814883005
3 to 1 - 5 to 3,-0.07229035022352549,0.34216166110771756,-0.21127542457413842,0.8326723584420221,0.9898805814883005
3 to 1 - 6 to 4,0.095499436007641,0.345829404665638,0.2761460845123154,0.7824358659193331,0.9898805814883005
4 to 2 - 5 to 3,0.10353953677024456,0.36271927938728515,0.28545363495744214,0.7752966212057801,0.9898805814883005
4 to 2 - 6 to 4,0.27132932300141105,0.3588096955356992,0.7561928408771651,0.4495335844715078,0.9721782166497365
5 to 3 - 6 to 4,0.1677897862311665,0.32079731867703964,0.5230398649313139,0.6009465117124273,0.9898805814883005
