Contrast,Coef,Std.Err.,z,P>|z|,P>|z| (adj)
3 to 1 - 4 to 2,1.6591029360917098,0.5035068086884775,3.2950953342881326,0.0009838829509116742,0.00588879635498193
3 to 1 - 5 to 3,1.1304866543739243,0.5110283411349126,2.2121799582842967,0.026954233072202793,0.12769906432243142
3 to 1 - 6 to 4,0.7435180137735975,0.5107244097235872,1.4558106086529174,0.14544498228433134,0.37594899671763693
4 to 2 - 5 to 3,-0.5286162817177855,0.49739222920702236,-1.062775513321836,0.28788376657963943,0.49289047009919856
4 to 2 - 6 to 4,-0.9155849223181123,0.4973006126062596,-1.841109580621071,0.06560550197741577,0.23770847726220248
5 to 3 - 6 to 4,-0.38696864060032676,0.49605367979352444,-0.7800942848794049,0.43533538018370166,0.49289047009919856
