Contrast,Coef,Std.Err.,z,P>|z|,P>|z| (adj)
3 to 1 - 4 to 2,0.002045988456048564,0.27739063516443363,0.007375838246434412,0.9941149859006329,0.9941149859006329
3 to 1 - 5 to 3,0.3327109458775029,0.262913255360795,1.2654780201969076,0.2057000226691501,0.6838284773361545
3 to 1 - 6 to 4,-0.2220697574160359,0.2738949867687207,-0.8107843083800345,0.41748954727625076,0.8023434691605751
4 to 2 - 5 to 3,0.3306649574214543,0.29379459181074863,1.1254970875517551,0.26037845068317944,0.7007471987791891
4 to 2 - 6 to 4,-0.22411574587208447,0.3052105075501923,-0.7342989193621662,0.4627665763794382,0.8023434691605751
5 to 3 - 6 to 4,-0.5547807032935388,0.2892279706328617,-1.918143331986942,0.055092839316074116,0.28823792935659215
