Contrast,Coef,Std.Err.,z,P>|z|,P>|z| (adj)
3 to 1 - 4 to 2,-0.4826912704583646,0.5838324852215162,-0.8267632971386015,0.40837123684378973,0.9571159612927063
3 to 1 - 5 to 3,-0.3136608144715274,0.5554620048781089,-0.5646845539693708,0.5722883420822176,0.9856861837158908
3 to 1 - 6 to 4,-0.3228251534812232,0.5767612388352666,-0.5597206118308998,0.5756700209211909,0.9856861837158908
4 to 2 - 5 to 3,0.1690304559868372,0.5535179314281665,0.30537485127304015,0.7600806733680547,0.9861899356726265
4 to 2 - 6 to 4,0.15986611697714137,0.5587740911832165,0.2861015202738218,0.7748003671925145,0.9861899356726265
5 to 3 - 6 to 4,-0.009164339009695821,0.5511768107425907,-0.016626858806612112,0.9867342972890045,0.9867342972890045
