Contrast,Coef,Std.Err.,z,P>|z|,P>|z| (adj)
3 to 1 - 4 to 2,-0.6543265720455682,9.701183285949513,-0.0674481197559938,0.9462249623506853,0.9462249623506853
3 to 1 - 5 to 3,8.88570144734054,9.297816643532686,0.9556761321510032,0.3392358846517307,0.6657152661231793
3 to 1 - 6 to 4,-14.097956913052093,9.610438108557847,-1.466942167859988,0.142391788203174,0.5360783352336875
4 to 2 - 5 to 3,9.540028019386108,9.319215715851014,1.023694301137328,0.30597968796779895,0.6657152661231793
4 to 2 - 6 to 4,-13.443630341006525,9.395355733840592,-1.4308803968523176,0.15246449618933866,0.5360783352336875
5 to 3 - 6 to 4,-22.98365836039263,9.254190361921196,-2.4835947242845733,0.013006373765195978,0.07554433384762359
