Contrast,Coef,Std.Err.,z,P>|z|,P>|z| (adj)
3 to 1 - 4 to 2,3.206108117310014,2.011864516185978,1.593600409727411,0.11102556267171715,0.3754645547195179
3 to 1 - 5 to 3,4.778868890520627,2.0403919636576897,2.3421327743096145,0.01917389245160095,0.09226289808682411
3 to 1 - 6 to 4,4.9603086201230076,2.0392433654799387,2.432426018439242,0.01499805509977703,0.08668092505495506
4 to 2 - 5 to 3,1.572760773210613,1.8720809926800155,0.840113637903612,0.40084467419603254,0.7236597534377278
4 to 2 - 6 to 4,1.7542005028129934,1.8717223420198432,0.9372119269143159,0.348649555908527,0.7236597534377278
5 to 3 - 6 to 4,0.18143972960238042,1.8668407215669858,0.09719079271534414,0.9225748797782323,0.9225748797782323
