Contrast,A,B,Paired,Parametric,T,dof,alternative,p-unc,p-corr,p-adjust,BF10,cohen,ci_lower,ci_upper
condition,3 to 1,4 to 2,True,True,1.2163854562800818,23.0,two-sided,0.23617438575606142,0.7518878978878525,fdr_bh,0.414,0.17551139389147327,-0.18042803026680057,0.6770153133382499
condition,3 to 1,5 to 3,True,True,0.49316299852030254,23.0,two-sided,0.6265732482398771,0.7518878978878525,fdr_bh,0.24,0.09663254936247472,-0.32266491499431693,0.5239978660602631
condition,3 to 1,6 to 4,True,True,1.1493399321910385,23.0,two-sided,0.26222780036613397,0.7518878978878525,fdr_bh,0.387,0.22605637172238516,-0.19342593600875352,0.6626419984875971
condition,4 to 2,5 to 3,True,True,-0.6214609685930084,23.0,two-sided,0.5404076946148257,0.7518878978878525,fdr_bh,0.256,-0.08797831319876664,-0.5508135411691713,0.29710316315105906
condition,4 to 2,6 to 4,True,True,0.21821845219049682,23.0,two-sided,0.8291834797927483,0.8291834797927483,fdr_bh,0.219,0.043333758585172966,-0.37792871646928355,0.46701602652372415
condition,5 to 3,6 to 4,True,True,0.6840391853558311,23.0,two-sided,0.5007850149318471,0.7518878978878525,fdr_bh,0.265,0.13719598110045356,-0.2846871954158961,0.5639450234477077
