Contrast,A,B,Paired,Parametric,T,dof,alternative,p-unc,p-corr,p-adjust,BF10,cohen,ci_lower,ci_upper
condition,3 to 1,4 to 2,True,True,1.5207665289081391,8.0,two-sided,0.16680963000412247,0.32712214331191714,fdr_bh,0.766,0.7430504148329968,-0.31461642250358457,0.8097918752715332
condition,3 to 1,5 to 3,True,True,1.1408394078544832,8.0,two-sided,0.2869355959175333,0.34432271510103996,fdr_bh,0.539,0.4111371796374465,-0.2594248137257273,0.8275890237146297
condition,3 to 1,6 to 4,True,True,-0.43367675772064285,8.0,two-sided,0.6759803452705504,0.6759803452705504,fdr_bh,0.348,-0.13364804698236896,-0.7563142489715173,0.4072139066329718
condition,4 to 2,5 to 3,True,True,-1.336711804023371,8.0,two-sided,0.2180814288746114,0.32712214331191714,fdr_bh,0.641,-0.4803675735878245,-0.9027888575964476,0.3887647836576473
condition,4 to 2,6 to 4,True,True,-3.1059852144312647,8.0,two-sided,0.014533509282539386,0.08720105569523633,fdr_bh,4.732,-1.1543792621773636,-1.6528888034914275,-0.07771546347114644
condition,5 to 3,6 to 4,True,True,-1.8939562478520642,8.0,two-sided,0.09484652087037161,0.28453956261111485,fdr_bh,1.139,-0.692025052766913,-0.9492022252443302,0.3497620040030132
