Contrast,A,B,Paired,Parametric,T,dof,alternative,p-unc,p-corr,p-adjust,BF10,cohen,ci_lower,ci_upper
condition,3 to 1,4 to 2,True,True,0.17939407851447006,23.0,two-sided,0.8591993049660742,0.8591993049660742,fdr_bh,0.218,0.04805046829775772,-0.38578583574665076,0.4590231616195232
condition,3 to 1,5 to 3,True,True,0.7520036157018797,23.0,two-sided,0.45967598351019434,0.6895139752652916,fdr_bh,0.277,0.20594226765427645,-0.27124102198772193,0.5782452125206581
condition,3 to 1,6 to 4,True,True,-0.8028756264348662,23.0,two-sided,0.43026566991847637,0.6895139752652916,fdr_bh,0.287,-0.23447849047582248,-0.5889751722542464,0.26120257030710914
condition,4 to 2,5 to 3,True,True,0.5665395780974136,23.0,two-sided,0.5765143137539074,0.6918171765046889,fdr_bh,0.248,0.13224770085561005,-0.3080280041897061,0.5393168184280934
condition,4 to 2,6 to 4,True,True,-0.9825021590334311,23.0,two-sided,0.3360754787983633,0.6895139752652916,fdr_bh,0.331,-0.2558960823329174,-0.6270402327710589,0.22593540596860623
condition,5 to 3,6 to 4,True,True,-1.758085537241277,23.0,two-sided,0.09203527571944624,0.5522116543166775,fdr_bh,0.812,-0.4323314408349946,-0.7945139800737119,0.07677856500571834
