Source,SS,DF,MS,F,p-unc,ng2,eps
condition,234.22222222222183,5,46.84444444444436,1.396911374899156,0.2306258515196209,0.019901812688821716,0.7185477610998071
Error,3856.4444444444453,115,33.53429951690822,,,,
