Source,SS,DF,MS,F,p-unc,ng2,eps
condition,475.60784313725196,5,95.12156862745039,0.1340769770771255,0.9840476977595513,0.004844843565242372,0.7047094037583791
Error,56756.39215686274,80,709.4549019607842,,,,
