Source,SS,DF,MS,F,p-unc,p-GG-corr,ng2,eps,sphericity,W-spher,p-spher
condition,395.5555555555553,5,79.11111111111106,0.769144059517547,0.5738816149884061,0.514469174512064,0.009066922034658049,0.5960961339495588,False,0.14877230793513524,0.0002561489314049951
Error,11828.444444444438,115,102.85603864734294,,,,,,,,
