Source,SS,DF,MS,F,p-unc,ng2,eps
condition,763.5555555555618,5,152.71111111111236,0.21116253219755857,0.9571867372964605,0.0047396895199892245,0.7769217335362669
Error,83167.11111111107,115,723.1922705314006,,,,
