Source,SS,DF,MS,F,p-unc,ng2,eps
condition,98.6666666666664,5,19.73333333333328,1.1384615384615366,0.3727682849302177,0.08405270331667404,0.38609156538426326
Error,346.6666666666663,20,17.333333333333314,,,,
