{
  "analysis_id": "landing_on_2_ACC1",
  "date_analyzed": "2025-11-03T15:20:54.552153",
  "baseline_ms": [
    -100,
    0
  ],
  "response_filter": "MIXED",
  "fal_fraction": 0.5,
  "n_subjects_total": 24,
  "n_evokeds_included": 120,
  "conditions": [
    "1 to 2",
    "2 to 2",
    "3 to 2",
    "4 to 2",
    "5 to 2"
  ],
  "components": {
    "P1": {
      "collapsed_peak_latency_ms": 116.0,
      "peak_gfp_amplitude": 0.03500739999483952,
      "fwhm_ms": 19.069460715562798,
      "window_start_ms": 103.93313811089726,
      "window_end_ms": 123.00259882646006,
      "search_range_ms": [
        60.0,
        120.0
      ],
      "method": "GFP_collapsed_localizer",
      "n_subjects": 120,
      "n_conditions": 5
    },
    "N1": {
      "collapsed_peak_latency_ms": 168.0,
      "peak_gfp_amplitude": -4.198103337962761,
      "fwhm_ms": 73.22646909933809,
      "window_start_ms": 140.59305937613453,
      "window_end_ms": 213.81952847547262,
      "search_range_ms": [
        125.0,
        200.0
      ],
      "method": "GFP_collapsed_localizer",
      "n_subjects": 120,
      "n_conditions": 5
    },
    "P3b": {
      "collapsed_peak_latency_ms": 472.0,
      "peak_gfp_amplitude": 2.167897143453056,
      "fwhm_ms": 123.75069154237815,
      "window_start_ms": 418.04350287567877,
      "window_end_ms": 541.7941944180569,
      "search_range_ms": [
        320.0,
        590.0
      ],
      "method": "GFP_collapsed_localizer",
      "n_subjects": 120,
      "n_conditions": 5
    },
    "Fz": {
      "collapsed_peak_latency_ms": 108.0,
      "peak_gfp_amplitude": -0.268350158897676,
      "fwhm_ms": 28.24110915632582,
      "window_start_ms": 91.05250388705764,
      "window_end_ms": 119.29361304338346,
      "search_range_ms": [
        80.0,
        120.0
      ],
      "method": "GFP_collapsed_localizer",
      "n_subjects": 120,
      "n_conditions": 5
    }
  }
}