{
  "analysis_id": "prime_44",
  "date_analyzed": "2026-02-23T12:04:22.577544",
  "baseline_ms": [
    -100,
    0
  ],
  "response_filter": "ALL",
  "fal_fraction": 0.5,
  "n_subjects_total": 24,
  "n_evokeds_included": 96,
  "conditions": [
    "4a",
    "4b",
    "4c",
    "4d",
    "4e"
  ],
  "components": {
    "P1": {
      "collapsed_peak_latency_ms": 112.0,
      "peak_gfp_amplitude": 1.1981159986629586,
      "fwhm_ms": 44.72849061214265,
      "window_start_ms": 84.8048319310663,
      "window_end_ms": 129.53332254320895,
      "search_range_ms": [
        60.0,
        120.0
      ],
      "method": "GFP_collapsed_localizer",
      "n_subjects": 96,
      "n_conditions": 5
    },
    "N1": {
      "collapsed_peak_latency_ms": 164.0,
      "peak_gfp_amplitude": -3.6318791699815365,
      "fwhm_ms": 71.18784321076606,
      "window_start_ms": 139.73858090375649,
      "window_end_ms": 210.92642411452255,
      "search_range_ms": [
        125.0,
        200.0
      ],
      "method": "GFP_collapsed_localizer",
      "n_subjects": 96,
      "n_conditions": 5
    },
    "P3b": {
      "collapsed_peak_latency_ms": 456.0,
      "peak_gfp_amplitude": 0.8685791221379254,
      "fwhm_ms": 20.27540141119721,
      "window_start_ms": 447.3240330482887,
      "window_end_ms": 467.5994344594859,
      "search_range_ms": [
        320.0,
        590.0
      ],
      "method": "GFP_collapsed_localizer",
      "n_subjects": 96,
      "n_conditions": 5
    },
    "Fz": {
      "collapsed_peak_latency_ms": 108.0,
      "peak_gfp_amplitude": -2.2856255661405487,
      "fwhm_ms": 43.3455549350474,
      "window_start_ms": 85.04050241506036,
      "window_end_ms": 128.38605735010776,
      "search_range_ms": [
        80.0,
        120.0
      ],
      "method": "GFP_collapsed_localizer",
      "n_subjects": 96,
      "n_conditions": 5
    }
  }
}