Source,SS,DF,MS,F,p-unc,ng2,eps
condition,335.15789473684504,2,167.57894736842252,0.9741637204242665,0.387237588416712,0.014348547119475212,0.9857011680007335
Error,6192.842105263164,36,172.02339181286567,,,,
