Source,SS,DF,MS,F,p-unc,ng2,eps
condition,714.6666666666672,2,357.3333333333336,5.826086956521743,0.06530864197530857,0.6036036036036038,0.5414534288638692
Error,245.33333333333334,4,61.333333333333336,,,,
