Source,SS,DF,MS,F,p-unc,ng2,eps
condition,3648.761904761904,2,1824.380952380952,0.8926118686108364,0.42176724273233435,0.03656004275135506,0.9871010398307003
Error,53140.57142857141,26,2043.8681318681313,,,,
