Source,SS,DF,MS,F,p-unc,ng2,eps
condition,11.775179805969547,2,5.887589902984773,2.114903187474649,0.14092685896662338,0.031499149944047705,0.940904015562015
Error,72.38030486889085,26,2.7838578795727247,,,,
