Source,SS,DF,MS,F,p-unc,ng2,eps
condition,2427.1111111111177,2,1213.5555555555588,0.524160466057666,0.59554579790753,0.013682053234987607,0.9864335738251234
Error,106500.8888888889,46,2315.2367149758456,,,,
