Source,SS,DF,MS,F,p-unc,ng2,eps
condition,399.38877506075715,2,199.69438753037858,0.31183598904980103,0.7348016514988706,0.015315372117667012,0.7219024138006702
Error,16649.951442778012,26,640.3827477991543,,,,
