Source,SS,DF,MS,F,p-unc,ng2,eps
condition,6.747940558417796,2,3.373970279208898,1.0162624437826788,0.4396648416116176,0.2730686333803375,0.5096172468810225
Error,13.279917209773028,4,3.319979302443257,,,,
