Source,SS,DF,MS,F,p-unc,ng2,eps
condition,7.85458569958266,2,3.92729284979133,0.9116313549629492,0.40900486812591064,0.02526126565076218,0.8307139615013868
Error,198.1672417330835,46,4.307983515936598,,,,
