condition,count,mean,std,min,25%,50%,75%,max,sem
1 to 2,24.0,1.141675090451411,2.0254254658033513,-2.4757004940214324,0.05654331665611642,1.0351863399759864,2.500637540498116,4.288064036739493,0.41343824193809586
1 to 3,24.0,1.4539063697616914,2.2654334114672694,-2.328946286795063,0.08096201996743624,1.52174995967304,2.205826968825497,7.468012305548097,0.462429658695615
1 to 4,24.0,1.7543123089526766,1.7231316513312602,-1.512125646325429,0.6692413604129039,1.5089970388826242,3.2865360788397764,4.280584900946898,0.3517327754500802
