condition,count,mean,std,min,25%,50%,75%,max,sem
1 to 2,24.0,-0.6483683613438119,1.9042315409521056,-3.399191812827398,-1.5040454635629716,-0.9039923248824653,-0.03872813570969892,3.946977591029104,0.38869963562053234
1 to 3,24.0,-0.544001182322805,2.4071699477180544,-5.857562979053741,-1.2911359586491915,-0.21695631744505917,0.6447193273990421,4.440435193868379,0.49136150800594114
1 to 4,24.0,-1.2909813069292415,1.9382465683903545,-4.332913208475812,-3.0759925998279924,-1.016518623825206,0.017753794518405898,3.1738894540533718,0.3956429240214056
