condition,count,mean,std,min,25%,50%,75%,max,sem
1 to 2,16.0,448.75,55.35280781797192,368.0,402.0,444.0,496.0,536.0,13.838201954492979
1 to 3,20.0,451.0,44.179061484873245,368.0,426.0,454.0,482.0,516.0,9.878738466231937
1 to 4,20.0,461.8,57.09419732705814,376.0,399.0,476.0,509.0,536.0,12.766650634408878
