condition,count,mean,std,min,25%,50%,75%,max,sem
1 to 2,12.0,92.33333333333333,10.848823424545618,76.0,85.0,96.0,100.0,104.0,3.1317855622760655
1 to 3,15.0,94.13333333333334,11.795075647227089,76.0,84.0,100.0,104.0,104.0,3.0454754365978127
1 to 4,11.0,85.81818181818181,11.91484940583121,76.0,76.0,80.0,96.0,104.0,3.592462264793736
