condition,count,mean,std,min,25%,50%,75%,max,sem
1 to 2,12.0,87.33333333333333,10.764701012048029,68.0,80.0,86.0,100.0,100.0,3.107501513525883
1 to 3,9.0,84.0,11.489125293076057,72.0,76.0,76.0,96.0,100.0,3.829708431025352
1 to 4,15.0,92.0,8.28078671210825,80.0,84.0,96.0,100.0,100.0,2.1380899352993947
