Contrast,Coef,Std.Err.,z,P>|z|,P>|z| (adj)
1 to 2 - 1 to 3,-2.2598991954550187,4.957450100222811,-0.45585919167465716,0.6484912362766226,0.9565681357107858
1 to 2 - 1 to 4,-1.9614007908924342,4.957267563599826,-0.3956616756566839,0.6923546314701112,0.9565681357107858
1 to 3 - 1 to 4,0.2984984045625845,3.9402393014990005,0.07575641521290993,0.9396128920518145,0.9565681357107858
