Contrast,Coef,Std.Err.,z,P>|z|,P>|z| (adj)
1 to 2 - 1 to 3,-0.696087612365249,0.6160118350438477,-1.129990647526604,0.258480165362895,0.5922740841754424
1 to 2 - 1 to 4,-0.5031508985477509,0.6120240587994467,-0.8221096725098314,0.41101448098888715,0.65309605839521
1 to 3 - 1 to 4,0.1929367138174981,0.6073942943305309,0.31764656931812746,0.750753044993342,0.750753044993342
