Contrast,Coef,Std.Err.,z,P>|z|,P>|z| (adj)
1 to 2 - 1 to 3,3.292490548580555,4.344701453971493,0.7578174434910571,0.448560278273626,0.8323150294312909
1 to 2 - 1 to 4,1.0805231879634898,4.267565116274202,0.2531943060090529,0.8001180663428586,0.8428017224766162
1 to 3 - 1 to 4,-2.2119673606170656,4.259118188277556,-0.5193486686293659,0.6035176201602601,0.8428017224766162
