Contrast,Coef,Std.Err.,z,P>|z|,P>|z| (adj)
1 to 2 - 1 to 3,0.267728012385496,0.35881933737347216,0.7461359645364792,0.45558528580466673,0.4555852858046668
1 to 2 - 1 to 4,0.866771493295032,0.37211264877291417,2.3293255312694003,0.01984182681693447,0.05835219786585213
1 to 3 - 1 to 4,0.599043480909536,0.36084751156251565,1.6601014603526056,0.09689404319542594,0.18439963078409483
