Contrast,Coef,Std.Err.,z,P>|z|,P>|z| (adj)
1 to 2 - 1 to 3,-0.10147777568284122,3.185977666215497,-0.031851376975715856,0.9745905744970127,0.9745905744970127
1 to 2 - 1 to 4,-7.216627650545767,3.171677809424966,-2.275334407896293,0.022885876862518417,0.0670983272920129
1 to 3 - 1 to 4,-7.115149874862926,3.171967831348013,-2.2431343106777826,0.02488815472592898,0.0670983272920129
