Contrast,Coef,Std.Err.,z,P>|z|,P>|z| (adj)
1 to 2 - 1 to 3,0.5046044884451212,0.3157444759901487,1.5981419369657157,0.11001139228296553,0.20792027813389452
1 to 2 - 1 to 4,0.6312028326474955,0.29437112678642907,2.1442416569116958,0.032013528885035614,0.09299879813839607
1 to 3 - 1 to 4,0.12659834420237437,0.29278188751543294,0.4323981421005806,0.6654520682090632,0.6654520682090632
