Contrast,A,B,Paired,Parametric,T,dof,alternative,p-unc,p-corr,p-adjust,BF10,cohen,ci_lower,ci_upper
condition,1 to 2,1 to 3,True,True,1.6615433096881036,18.0,two-sided,0.11392140680471778,0.1708821102070767,fdr_bh,0.758,0.2122925111438175,-0.11829603686306156,0.7933609606442833
condition,1 to 2,1 to 4,True,True,1.7260565782080322,18.0,two-sided,0.10146131731963903,0.1708821102070767,fdr_bh,0.825,0.3541829766248969,-0.10453778944441755,0.8965068626278303
condition,1 to 3,1 to 4,True,True,0.6595336841761752,18.0,two-sided,0.5179032931369912,0.5179032931369912,fdr_bh,0.288,0.13878532265530794,-0.30171393761866727,0.6142149009810131
