Contrast,A,B,Paired,Parametric,T,dof,alternative,p-unc,p-corr,p-adjust,BF10,cohen,ci_lower,ci_upper
condition,1 to 2,1 to 3,True,True,-0.5314046508031594,23.0,two-sided,0.6002335781157968,0.6181132482960993,fdr_bh,0.244,-0.14530610008925304,-0.5319757819668296,0.3150307417318937
condition,1 to 2,1 to 4,True,True,-1.2570375380008703,23.0,two-sided,0.22135599345528648,0.6181132482960993,fdr_bh,0.433,-0.3258079296243369,-0.6857487763578951,0.1725653504201365
condition,1 to 3,1 to 4,True,True,-0.5053620955089989,23.0,two-sided,0.6181132482960993,0.6181132482960993,fdr_bh,0.241,-0.14926027788277488,-0.5265414371780459,0.3202282256212616
