Contrast,A,B,Paired,Parametric,T,dof,alternative,p-unc,p-corr,p-adjust,BF10,cohen,ci_lower,ci_upper
condition,1 to 2,1 to 3,True,True,-1.8360772430901917,2.0,two-sided,0.20776119872472426,0.3116417980870864,fdr_bh,1.04,-0.4057522737626244,-1.5892141960076744,0.6276345113780446
condition,1 to 2,1 to 4,True,True,-2.2281413585295153,2.0,two-sided,0.1557050007143524,0.3116417980870864,fdr_bh,1.256,-0.7461557309730757,-1.7007303329354522,0.3492648063023379
condition,1 to 3,1 to 4,True,True,-0.831559916013243,2.0,two-sided,0.4931295084963937,0.4931295084963937,fdr_bh,0.604,-0.43807654578078337,-1.7457348115428153,0.5368160114865145
