Contrast,A,B,Paired,Parametric,T,dof,alternative,p-unc,p-corr,p-adjust,BF10,cohen,ci_lower,ci_upper
condition,1 to 2,1 to 3,True,True,0.0,23.0,two-sided,1.0,1.0,fdr_bh,0.215,0.0,-0.42226296650431666,0.42226296650431666
condition,1 to 2,1 to 4,True,True,-2.2830420313211532,23.0,two-sided,0.03199452742767453,0.06075083957221672,fdr_bh,1.857,-0.6227194230829338,-0.9106228309223684,-0.021425175421637688
condition,1 to 3,1 to 4,True,True,-2.1709853604855924,23.0,two-sided,0.040500559714811146,0.06075083957221672,fdr_bh,1.537,-0.6115784040000309,-0.8856593938034327,-0.000641668236883941
