Contrast,A,B,Paired,Parametric,T,dof,alternative,p-unc,p-corr,p-adjust,BF10,cohen,ci_lower,ci_upper
condition,1 to 2,1 to 3,True,True,1.0432296370932812,23.0,two-sided,0.3076837285555818,0.648786793727787,fdr_bh,0.349,0.2207834627016012,-0.21407486687901628,0.6399715827835846
condition,1 to 2,1 to 4,True,True,0.4168975011299093,23.0,two-sided,0.6806187653658189,0.6806187653658189,fdr_bh,0.232,0.09834629261775378,-0.3379279170761002,0.5081256092110421
condition,1 to 3,1 to 4,True,True,-0.7988944056167853,23.0,two-sided,0.432524529151858,0.648786793727787,fdr_bh,0.286,-0.13356150762293326,-0.588134644815126,0.2619873694609295
