Source,SS,DF,MS,F,p-unc,ng2,eps
condition,21.795463164111624,1,21.795463164111624,6.2757214491705025,0.02521502570921533,0.12865319306497147,1.0
Error,48.62173803744817,14,3.4729812883891547,,,,
