condition,count,mean,std,min,25%,50%,75%,max,sem
65 Correct,15.0,174.4,22.516026038611443,136.0,158.0,172.0,194.0,204.0,5.813612924687646
65 Incorrect,24.0,168.33333333333334,19.198429887491518,140.0,151.0,166.0,185.0,204.0,3.918863090579373
