condition,count,mean,std,min,25%,50%,75%,max,sem
65 Correct,15.0,-7.583620120192975,1.9377695285179724,-10.731540518977075,-8.990925065936501,-7.103242639280946,-6.228304926822268,-4.781894516367384,0.5003299408492202
65 Incorrect,24.0,-5.615358695330559,2.413768331338606,-13.601563983900215,-6.6379817996515325,-5.283971686950945,-4.3858709617119995,-2.087751749574538,0.49270839742239864
