condition,count,mean,std,min,25%,50%,75%,max,sem
65 Correct,16.0,176.25,22.97679989322563,136.0,159.0,176.0,204.0,204.0,5.744199973306407
65 Incorrect,24.0,168.33333333333334,19.198429887491518,140.0,151.0,166.0,185.0,204.0,3.918863090579373
