condition,count,mean,std,min,25%,50%,75%,max,sem
65 Correct,16.0,-7.302965983150152,2.182862480819764,-10.731540518977075,-8.984905111108597,-7.040979402013358,-5.599332035439698,-3.0931539275077937,0.545715620204941
65 Incorrect,24.0,-5.615358695330559,2.413768331338606,-13.601563983900215,-6.6379817996515325,-5.283971686950945,-4.3858709617119995,-2.087751749574538,0.49270839742239864
