Contrast,Coef,Std.Err.,z,P>|z|,P>|z| (adj)
65 Correct - 65 Incorrect,-1.8460255226377287,0.443250200379657,-4.164748309321807,3.116962277327495e-05,3.116962277327495e-05
