Contrast,Coef,Std.Err.,z,P>|z|,P>|z| (adj)
65 Correct - 65 Incorrect,-1.9814449814668038,0.4440092807906868,-4.462620641483594,8.096331753248975e-06,8.096331753248977e-06
