Contrast,Coef,Std.Err.,z,P>|z|,P>|z| (adj)
65 Correct - 65 Incorrect,6.1143945626039065,4.9042083346828225,1.2467648487448184,0.21248373287915712,0.2124837328791571
