Source,SS,DF,MS,F,p-unc,ng2,eps
condition,87.11111111111045,2,43.55555555555522,0.5249184909175557,0.5951045888734309,0.009387872401570959,0.8400373146704093
Error,3816.888888888887,46,82.97584541062797,,,,
