Source,SS,DF,MS,F,p-unc,ng2,eps
condition,5525.333333333318,2,2762.666666666659,4.154225786551503,0.027191864885486,0.12810910118711102,0.755838899174632
Error,17290.66666666665,26,665.0256410256404,,,,
