Source,SS,DF,MS,F,p-unc,p-GG-corr,ng2,eps,sphericity,W-spher,p-spher
condition,2.17777047359105,2,1.088885236795525,1.2504200592326506,0.29733739278852445,0.29200934994277017,0.00834404104452675,0.7711119941652338,False,0.7031715139089245,0.035243745246162285
Error,34.83262216582625,40,0.8708155541456563,,,,,,,,
