Source,SS,DF,MS,F,p-unc,ng2,eps
condition,389.333333333334,2,194.666666666667,3.1739130434782656,0.08564459410350114,0.287968441814596,0.7051828943158798
Error,613.3333333333335,10,61.33333333333335,,,,
