Source,SS,DF,MS,F,p-unc,ng2,eps
condition,152.8888888888888,2,76.4444444444444,4.300000000000019,0.10078105316200493,0.1641221374045801,0.5235602094240845
Error,71.11111111111074,4,17.777777777777686,,,,
