Source,SS,DF,MS,F,p-unc,ng2,eps
condition,9.333333333333334,2,4.666666666666667,0.07030129124820661,0.932439864717126,0.005537974683544305,0.650031711540057
Error,929.3333333333334,14,66.38095238095238,,,,
