condition,count,mean,std,min,25%,50%,75%,max,sem
Increasing Crossover,24.0,97.33333333333333,11.106859089795806,80.0,87.0,100.0,108.0,108.0,2.2671781179160773
Increasing Large,24.0,95.66666666666667,10.740685212805547,80.0,84.0,98.0,108.0,108.0,2.1924331882691788
Increasing Small,24.0,94.66666666666667,12.685721746589119,80.0,80.0,98.0,108.0,108.0,2.589462108172629
