condition,count,mean,std,min,25%,50%,75%,max,sem
Increasing Crossover,7.0,94.85714285714286,12.37509018726155,84.0,84.0,88.0,108.0,108.0,4.677344441069971
Increasing Large,7.0,93.14285714285714,10.510765456244872,84.0,84.0,88.0,102.0,108.0,3.972695926593183
Increasing Small,15.0,98.66666666666667,10.216699681450581,84.0,88.0,100.0,108.0,108.0,2.637940514630715
