Contrast,Coef,Std.Err.,z,P>|z|,P>|z| (adj)
Increasing Crossover - Increasing Large,-0.16259362519394685,2.6792603123121963,-0.06068601264564281,0.951609271440435,0.9988138509412803
Increasing Crossover - Increasing Small,-0.43286144549971317,3.2530881257064324,-0.13306170284142366,0.8941445824658336,0.9988138509412803
Increasing Large - Increasing Small,-0.27026782030576635,3.258000632093355,-0.082955115982317,0.9338872288032205,0.9988138509412803
