Contrast,Coef,Std.Err.,z,P>|z|,P>|z| (adj)
Increasing Crossover - Increasing Large,1.3897525689550274,2.587821812760546,0.5370356498666792,0.5912429891079871,0.8329177060466268
Increasing Crossover - Increasing Small,2.625879987007918,2.5574250693819054,1.0267671254362722,0.3045301327464254,0.6636162916894243
Increasing Large - Increasing Small,1.2361274180528905,2.57937905951432,0.47923449385746547,0.631771817664533,0.8329177060466268
