Contrast,Coef,Std.Err.,z,P>|z|,P>|z| (adj)
Increasing Crossover - Increasing Large,-3.284926557390302,4.715302147328782,-0.6966523999424326,0.48602035449508785,0.4860203544950879
Increasing Crossover - Increasing Small,5.3236537294876864,4.031759769416395,1.320429299848462,0.1866917265016439,0.3385296522591232
Increasing Large - Increasing Small,8.608580286877988,4.500224496928659,1.9129224092605213,0.05575798628525197,0.15812044871266082
