Contrast,Coef,Std.Err.,z,P>|z|,P>|z| (adj)
Increasing Crossover - Increasing Large,0.1667367725246393,0.37557139372738546,0.443954931896831,0.6570751680431384,0.6570751680431384
Increasing Crossover - Increasing Small,-0.5132838728224142,0.3552791310224578,-1.4447340921636307,0.14853258996540086,0.2750032496489718
Increasing Large - Increasing Small,-0.6800206453470534,0.35740311448741224,-1.9026712912738308,0.05708345025746819,0.1616607974735894
