Contrast,Coef,Std.Err.,z,P>|z|,P>|z| (adj)
Increasing Crossover - Increasing Large,0.7191306171482895,0.2285674844767295,3.1462507398838016,0.0016537815959924984,0.004953144330357791
Increasing Crossover - Increasing Small,0.19948107365071993,0.22025253014500917,0.9056925408275047,0.36509861170733204,0.36509861170733204
Increasing Large - Increasing Small,-0.5196495434975696,0.20551753174032553,-2.528492528579774,0.01145535245776208,0.022779479815592606
