Contrast,A,B,Paired,Parametric,T,dof,alternative,p-unc,p-corr,p-adjust,BF10,cohen,ci_lower,ci_upper
condition,Increasing Crossover,Increasing Large,True,True,0.8338130095771481,20.0,two-sided,0.4142344551200574,0.4142344551200574,fdr_bh,0.31,0.08592457920818487,-0.2769936790708386,0.6408995106733357
condition,Increasing Crossover,Increasing Small,True,True,-0.8954617542466061,20.0,two-sided,0.3811915071326192,0.4142344551200574,fdr_bh,0.325,-0.18799038480477795,-0.6226774725770761,0.2709046659781046
condition,Increasing Large,Increasing Small,True,True,-1.324840111573835,20.0,two-sided,0.20016302860534183,0.4142344551200574,fdr_bh,0.489,-0.2791634956993702,-0.752188169246512,0.15416601688243253
