Contrast,A,B,Paired,Parametric,T,dof,alternative,p-unc,p-corr,p-adjust,BF10,cohen,ci_lower,ci_upper
condition,Increasing Crossover,Increasing Large,True,True,0.6823393910177054,23.0,two-sided,0.5018391991499354,0.752758798724903,fdr_bh,0.265,0.15255102358498507,-0.285023997832517,0.5635878877316486
condition,Increasing Crossover,Increasing Small,True,True,1.2036689319068576,23.0,two-sided,0.24096024664370944,0.7228807399311283,fdr_bh,0.409,0.22366758524539226,-0.18289043380432804,0.6742862175397666
condition,Increasing Large,Increasing Small,True,True,0.31831051805286564,23.0,two-sided,0.7531217525645457,0.7531217525645457,fdr_bh,0.225,0.0850809887918431,-0.3577335394969766,0.48768326432872555
