Contrast,A,B,Paired,Parametric,T,dof,alternative,p-unc,p-corr,p-adjust,BF10,cohen,ci_lower,ci_upper
condition,Increasing Crossover,Increasing Large,True,True,1.9856768301804981,23.0,two-sided,0.05911625781535294,0.09933101740501053,fdr_bh,1.141,0.20706562982005172,-0.03393932562459695,0.8445884969594877
condition,Increasing Crossover,Increasing Small,True,True,-0.9365137691457617,23.0,two-sided,0.3587389427137855,0.3587389427137855,fdr_bh,0.318,-0.08815168262210742,-0.6172683792602449,0.23493823401061878
condition,Increasing Large,Increasing Small,True,True,-1.9285380679784507,23.0,two-sided,0.06622067827000702,0.09933101740501053,fdr_bh,1.044,-0.27389426129509087,-0.8319783946663768,0.04465602531969298
