Contrast,A,B,Paired,Parametric,T,dof,alternative,p-unc,p-corr,p-adjust,BF10,cohen,ci_lower,ci_upper
condition,Increasing Crossover,Increasing Large,True,True,0.7144207271806514,20.0,two-sided,0.48322291638652803,0.9366366125423613,fdr_bh,0.286,0.09356970478828146,-0.3020526389597519,0.6138514066122025
condition,Increasing Crossover,Increasing Small,True,True,0.4077151275378987,20.0,two-sided,0.6878142028290175,0.9366366125423613,fdr_bh,0.245,0.11408492909074333,-0.3810556068875815,0.5065673588023856
condition,Increasing Large,Increasing Small,True,True,0.08050392164280186,20.0,two-sided,0.9366366125423613,0.9366366125423613,fdr_bh,0.228,0.020953209119393502,-0.45190864864524544,0.43485778699827077
