Contrast,A,B,Paired,Parametric,T,dof,alternative,p-unc,p-corr,p-adjust,BF10,cohen,ci_lower,ci_upper
condition,Increasing Crossover,Increasing Large,True,True,2.513329131335486,13.0,two-sided,0.025928497758990927,0.07778549327697279,fdr_bh,2.631,0.5946534628654755,0.005031741605335038,1.2105492324251679
condition,Increasing Crossover,Increasing Small,True,True,-0.259959926694781,13.0,two-sided,0.7989664252298163,0.7989664252298163,fdr_bh,0.278,-0.04619570840390619,-0.6600626236245483,0.3408287775180886
condition,Increasing Large,Increasing Small,True,True,-1.681104212573211,13.0,two-sided,0.1165957512399697,0.17489362685995455,fdr_bh,0.836,-0.5063167938245726,-1.0551148354317763,0.15652683615872715
