Contrast,A,B,Paired,Parametric,T,dof,alternative,p-unc,p-corr,p-adjust,BF10,cohen,ci_lower,ci_upper
condition,Increasing Crossover,Increasing Large,True,True,-0.21013659593942288,23.0,two-sided,0.83541145954603,0.83541145954603,fdr_bh,0.219,-0.023153794484349115,-0.4653511043625077,0.3795631983063428
condition,Increasing Crossover,Increasing Small,True,True,-0.6543912576690174,23.0,two-sided,0.5193504454906446,0.83541145954603,fdr_bh,0.261,-0.09003691692622158,-0.55771943175703,0.2905653195191563
condition,Increasing Large,Increasing Small,True,True,-0.40820869251931724,23.0,two-sided,0.6868958309782962,0.83541145954603,fdr_bh,0.232,-0.0594762975389022,-0.5063205351441682,0.33967003427066816
