Contrast,A,B,Paired,Parametric,T,dof,alternative,p-unc,p-corr,p-adjust,BF10,cohen,ci_lower,ci_upper
condition,Increasing Crossover,Increasing Large,True,True,1.109879977709318,13.0,two-sided,0.2871594740570326,0.43073921108554897,fdr_bh,0.454,0.2414039211615316,-0.2824025826485634,0.8470120161022081
condition,Increasing Crossover,Increasing Small,True,True,-0.5888881245676117,13.0,two-sided,0.5660289578999008,0.5660289578999008,fdr_bh,0.314,-0.1020761794726544,-0.809224597181839,0.20760226913718743
condition,Increasing Large,Increasing Small,True,True,-1.1326327622323462,13.0,two-sided,0.2778270352580634,0.43073921108554897,fdr_bh,0.464,-0.29512454666860805,-0.8931703004452731,0.2877526231154401
