Contrast,A,B,Paired,Parametric,T,dof,alternative,p-unc,p-corr,p-adjust,BF10,cohen,ci_lower,ci_upper
condition,Increasing Crossover,Increasing Large,True,True,1.0125824083687216,23.0,two-sided,0.321794138509639,0.8139036239617015,fdr_bh,0.34,0.10917717960760692,-0.2200565757846286,0.6334416129549403
condition,Increasing Crossover,Increasing Small,True,True,0.2577267089796533,23.0,two-sided,0.7989098042345715,0.8139036239617015,fdr_bh,0.221,0.05666318419170249,-0.3699467879585165,0.4751632763063374
condition,Increasing Large,Increasing Small,True,True,-0.23811088887012485,23.0,two-sided,0.8139036239617015,0.8139036239617015,fdr_bh,0.22,-0.05001812579359885,-0.47111645953538994,0.37390809621333065
