Source,SS,DF,MS,F,p-unc,ng2,eps
condition,0.9073096890732884,2,0.4536548445366442,1.1524956574773773,0.3247984412736119,0.009053324224589659,0.9109909855816831
Error,18.106899330417008,46,0.3936282463134132,,,,
