Source,SS,DF,MS,F,p-unc,p-GG-corr,ng2,eps,sphericity,W-spher,p-spher
condition,756.5714285714332,2,378.2857142857166,0.6259516074286026,0.5426185434603359,0.4763091678716874,0.02252620117054593,0.6318754403785305,False,0.4174096093987425,0.0052890132833572365
Error,15712.761904761916,26,604.3369963369968,,,,,,,,
