Source,SS,DF,MS,F,p-unc,ng2,eps
condition,1.3324068913900047,2,0.6662034456950023,3.0915231373938585,0.06762359014795916,0.03176924288587365,0.9043084334896612
Error,4.3098719698187935,20,0.2154935984909397,,,,
