condition,count,mean,std,min,25%,50%,75%,max,sem
Decreasing (any step),24.0,481.0,30.35442808467697,420.0,468.0,478.0,493.0,532.0,6.196071686788824
Increasing (any step),24.0,481.3333333333333,34.94426203649696,420.0,460.0,476.0,511.0,532.0,7.132967618960576
No Change,24.0,463.5,24.863103447548102,420.0,447.0,462.0,477.0,516.0,5.075159739043846
