condition,count,mean,std,min,25%,50%,75%,max,sem
Cardinality (no change),14.0,2.745379784302725,1.6636532454892843,0.8979826431488968,1.7477445033708277,1.88609709380174,3.180154828247634,5.953611422829757,0.4446300325011015
Decreasing (any step),19.0,4.831847709141219,2.3373523226112694,1.4230197545186896,3.074507196146149,4.4365976437081,6.9416340809181545,9.021277974233405,0.5362253984059263
Increasing (any step),19.0,4.335878221877586,2.47991160114351,1.0904042564085643,2.2980276903494783,3.3815793825744955,6.222624002958673,8.853948955015078,0.5689307399104582
