Contrast,Coef,Std.Err.,z,P>|z|,P>|z| (adj)
Cardinality (no change) - Decreasing (any step),2.607204484076658,2.113288714655189,1.233719020972512,0.2173076236056133,0.21730762360561326
Cardinality (no change) - Increasing (any step),7.069252425713939,1.8016651188884785,3.9237327467799634,8.718745271951711e-05,0.0002615395538655849
Decreasing (any step) - Increasing (any step),4.462047941637281,2.0449582090726506,2.181975123912549,0.02911136871326958,0.057375265638179226
