Contrast,Coef,Std.Err.,z,P>|z|,P>|z| (adj)
Cardinality (no change) - Decreasing (any step),-0.8896420635923745,0.5778648293048785,-1.539533154600423,0.12367419027057736,0.3270282892972355
Cardinality (no change) - Increasing (any step),-0.7638861582015029,0.5245748891121712,-1.4562003901756706,0.14533723171299795,0.3270282892972355
Decreasing (any step) - Increasing (any step),0.12575590539087167,0.40535539483145316,0.31023617051688923,0.7563813664223844,0.7563813664223844
