Contrast,Coef,Std.Err.,z,P>|z|,P>|z| (adj)
Decreasing (any step) - Increasing (any step),5.989622295813633,2.6386501154919157,2.2699569983332197,0.023210192250775474,0.06802694131223497
Decreasing (any step) - No Change,1.625614066677994,3.1241740243826848,0.5203340319684029,0.6028307800366837,0.6028307800366837
Increasing (any step) - No Change,-4.364008229135639,3.200810071798573,-1.3634074285086997,0.17275414122426014,0.3156642891383887
