Contrast,A,B,Paired,Parametric,T,dof,alternative,p-unc,p-corr,p-adjust,BF10,cohen,ci_lower,ci_upper
condition,Decreasing (any step),Increasing (any step),True,True,3.15807715666252,23.0,two-sided,0.004397121072367195,0.006595681608550793,fdr_bh,9.718,0.5414296379057076,0.18057678903242874,1.1087028113280224
condition,Decreasing (any step),No Change,True,True,0.0,23.0,two-sided,1.0,1.0,fdr_bh,0.215,0.0,-0.42226296650431666,0.42226296650431666
condition,Increasing (any step),No Change,True,True,-3.2008521592623658,23.0,two-sided,0.0039705813549148605,0.006595681608550793,fdr_bh,10.606,-0.5090872505539258,-1.118521607141747,-0.18822081490467824
