Contrast,A,B,Paired,Parametric,T,dof,alternative,p-unc,p-corr,p-adjust,BF10,cohen,ci_lower,ci_upper
condition,Decreasing (any step),Increasing (any step),True,True,-0.0694902105008198,23.0,two-sided,0.945200070164236,0.945200070164236,fdr_bh,0.215,-0.01018436749839738,-0.43646883601086045,0.40809957636992683
condition,Decreasing (any step),No Change,True,True,2.325557029365827,23.0,two-sided,0.02921888389167698,0.08058337124412326,fdr_bh,1.998,0.6307452681829774,0.02928572963659437,0.9201189519782244
condition,Increasing (any step),No Change,True,True,2.0332698681820123,23.0,two-sided,0.053722247496082176,0.08058337124412326,fdr_bh,1.229,0.5880633971638299,-0.025032464002829657,0.8551114117398202
