Source,SS,DF,MS,F,p-unc,ng2,eps
condition,619.0065926776338,2,309.5032963388169,3.3563277247689376,0.050506599725743596,0.07477455355114125,0.720542050215684
Error,2397.5863993922794,26,92.21486151508768,,,,
