Source,SS,DF,MS,F,p-unc,ng2,eps
condition,3680.444444444448,2,1840.222222222224,1.9455845548802302,0.15448469736189083,0.03965692284116164,0.9117066438429599
Error,43508.8888888889,46,945.8454106280195,,,,
