Source,SS,DF,MS,F,p-unc,ng2,eps
condition,1.8409205278294039,2,0.9204602639147019,3.2798714552471355,0.08030305165549588,0.06768261934803081,0.6995290628880405
Error,2.8063912762256287,10,0.2806391276225629,,,,
