condition,count,mean,std,min,25%,50%,75%,max,sem
Increasing Crossover,24.0,-5.604731403787547,2.2464908687860214,-10.543242286810788,-5.960590042660414,-5.330050908705186,-4.550419222903963,-0.8875929685751491,0.4585630283622858
Increasing Large,24.0,-6.0632673862778645,3.412580502569229,-14.918282647268054,-7.4163296616777625,-5.278275477748259,-4.224781704399779,0.0682239047165538,0.6965900781220992
Increasing Small,24.0,-5.306054606570556,2.2213983837821747,-10.857379416602289,-6.089010014618951,-5.294148086793567,-4.298841076708933,-0.7725512125098721,0.4534410463091305
