condition,count,mean,std,min,25%,50%,75%,max,sem
Increasing Crossover,23.0,-3.7797996402051695,1.8870279729514932,-8.165343846637064,-4.224712595946525,-3.947114355440741,-2.8007853734254873,-0.2197593709808129,0.3934725320892902
Increasing Large,22.0,-4.345561066202105,2.288844815473131,-10.535371295349808,-5.496190583697123,-3.675879291017031,-2.6542997275502658,-2.1988839624333387,0.48798335428569645
Increasing Small,23.0,-3.4023941341369808,1.4439813467796023,-6.17469823243499,-4.378299602137467,-3.5928964967287524,-2.574510799172839,-0.121684158998459,0.30109092443309443
