condition,count,mean,std,min,25%,50%,75%,max,sem
Increasing Crossover,24.0,3.4771383942070506,3.030367683305629,-1.7930142877629718,1.0762610844183662,2.947746733275786,5.739591882814799,8.967453488295556,0.61857121309323
Increasing Large,24.0,3.8407597478544813,3.5587546190758057,-3.125290270111223,0.8470265130578662,3.054910680859428,6.5335855694799845,10.58224982512212,0.7264277447090368
Increasing Small,24.0,3.7436580552735883,3.5229709009638284,-2.316126610249907,1.8854733058147772,3.230441616768011,6.534007668398168,11.976561766815813,0.7191234238362092
