condition,count,mean,std,min,25%,50%,75%,max,sem
Increasing Crossover,17.0,-1.4867020457689133,0.8755492441780618,-4.066415891169293,-1.7192445017582152,-1.1357829661652676,-1.0271110559113332,-0.4603139644448798,0.2123518831868151
Increasing Large,17.0,-2.5934920031103936,1.4886049188402937,-5.597977821580583,-3.712759081876772,-2.437005995828908,-1.3255961066342157,-0.7536330409741817,0.3610397244230903
Increasing Small,11.0,-1.7323207615099572,1.0315737794734088,-3.7676550643306688,-2.271967715888109,-1.352120342455542,-0.9487816711497935,-0.6202511313152707,0.3110311972801929
