condition,count,mean,std,min,25%,50%,75%,max,sem
Increasing Crossover,15.0,98.93333333333334,9.254085326929681,80.0,94.0,104.0,106.0,108.0,2.3893945570387385
Increasing Large,14.0,96.28571428571429,11.578684470436789,80.0,85.0,98.0,108.0,108.0,3.094533591281038
Increasing Small,12.0,98.0,9.871906880362348,80.0,95.0,100.0,105.0,108.0,2.84977404739606
