Contrast,Coef,Std.Err.,z,P>|z|,P>|z| (adj)
Increasing Crossover - Increasing Large,1.8271372345501442,2.2595195345668304,0.808639715921032,0.4187224130399372,0.8035958170771043
Increasing Crossover - Increasing Small,0.25019494652195573,2.2262081771549536,0.11238614119264421,0.9105172434350906,0.9105172434350906
Increasing Large - Increasing Small,-1.5769422880281885,2.34642880313235,-0.6720605738912937,0.5015451345928852,0.8035958170771043
