Contrast,Coef,Std.Err.,z,P>|z|,P>|z| (adj)
Increasing Crossover - Increasing Large,-6.96811333541665,4.769744022503544,-1.4608988034874093,0.14404321504166195,0.37287297485454013
Increasing Crossover - Increasing Small,-6.648141121819662,4.654637823025746,-1.428283225159297,0.15321035415315798,0.37287297485454013
Increasing Large - Increasing Small,0.319972213596988,4.172710123817345,0.07668210925331807,0.9388764373760217,0.9388764373760217
