Contrast,Coef,Std.Err.,z,P>|z|,P>|z| (adj)
Increasing Crossover - Increasing Large,-0.4781406642911232,0.43156703530359464,-1.1079174848346918,0.26789745361357564,0.2848017000747284
Increasing Crossover - Increasing Small,0.6137970124816587,0.4308903668553679,1.4244853440589564,0.1543060246606509,0.2848017000747284
Increasing Large - Increasing Small,1.091937676772782,0.4312347950773339,2.5321186723278286,0.011337561274247898,0.03362852026927983
