Contrast,A,B,Paired,Parametric,T,dof,alternative,p-unc,p-corr,p-adjust,BF10,cohen,ci_lower,ci_upper
condition,Increasing Crossover,Increasing Large,True,True,2.0098501807780247,19.0,two-sided,0.058863854692750316,0.17659156407825097,fdr_bh,1.224,0.20795878244074317,0.0022530000999693156,0.9643350975978502
condition,Increasing Crossover,Increasing Small,True,True,0.9816453092989744,19.0,two-sided,0.33861015567087727,0.507915233506316,fdr_bh,0.356,0.11143241684026277,-0.4135552262120099,0.47339351928541795
condition,Increasing Large,Increasing Small,True,True,-0.6424431900141685,19.0,two-sided,0.528262180505799,0.528262180505799,fdr_bh,0.28,-0.10737960382327671,-0.6812128345908606,0.24017739637903462
