Contrast,A,B,Paired,Parametric,T,dof,alternative,p-unc,p-corr,p-adjust,BF10,cohen,ci_lower,ci_upper
condition,Increasing Crossover,Increasing Large,True,True,0.10560500157131442,6.0,two-sided,0.9193378682203754,0.9193378682203754,fdr_bh,0.355,0.06450494288062937,-0.52031763873121,0.690454827767013
condition,Increasing Crossover,Increasing Small,True,True,1.4691063206231751,6.0,two-sided,0.1921925243176717,0.4077272033713677,fdr_bh,0.766,0.5455447255899804,-0.30720504134161436,1.1918567782709972
condition,Increasing Large,Increasing Small,True,True,1.2098989303601961,6.0,two-sided,0.2718181355809118,0.4077272033713677,fdr_bh,0.613,0.5128225940683703,-0.5146965150474401,1.4292941382634787
