Contrast,A,B,Paired,Parametric,T,dof,alternative,p-unc,p-corr,p-adjust,BF10,cohen,ci_lower,ci_upper
condition,Increasing Crossover,Increasing Large,True,True,-1.4341874256273721,13.0,two-sided,0.1751337159303352,0.47764884168902966,fdr_bh,0.628,-0.2794608412067834,-0.9682596470977699,0.18136732682462176
condition,Increasing Crossover,Increasing Small,True,True,-0.35172987856388715,13.0,two-sided,0.7306765554814045,0.7306765554814045,fdr_bh,0.285,-0.0629158735104191,-0.7995730014365316,0.21595554116897753
condition,Increasing Large,Increasing Small,True,True,1.0374642410053645,13.0,two-sided,0.31843256112601975,0.47764884168902966,fdr_bh,0.426,0.17779432191286274,-0.31110160489800087,0.8656495678796499
