Contrast,A,B,Paired,Parametric,T,dof,alternative,p-unc,p-corr,p-adjust,BF10,cohen,ci_lower,ci_upper
condition,Increasing Crossover,Increasing Large,True,True,-0.18073378941790297,23.0,two-sided,0.8581596469537934,0.8581596469537934,fdr_bh,0.218,-0.049583680554679536,-0.45929875041328555,0.3855144898543708
condition,Increasing Crossover,Increasing Small,True,True,1.7887628875168933,23.0,two-sided,0.0868336910877982,0.1302505366316973,fdr_bh,0.849,0.4089292784013788,-0.07098022701666579,0.8012396178906409
condition,Increasing Large,Increasing Small,True,True,1.9009860478639726,23.0,two-sided,0.06990692541172176,0.1302505366316973,fdr_bh,1.002,0.44243532777139144,-0.049832729799759834,0.825907034035882
