Contrast,A,B,Paired,Parametric,T,dof,alternative,p-unc,p-corr,p-adjust,BF10,cohen,ci_lower,ci_upper
condition,Increasing Crossover,Increasing Large,True,True,-1.0474203343957085,23.0,two-sided,0.3057887045120872,0.3057887045120872,fdr_bh,0.351,-0.22988934943310607,-0.6408651111250918,0.2132575502109562
condition,Increasing Crossover,Increasing Small,True,True,2.1910932705335333,23.0,two-sided,0.038837583067771846,0.10561576878781281,fdr_bh,1.589,0.4406601677244313,0.004378174087844688,0.8901319078543448
condition,Increasing Large,Increasing Small,True,True,1.8973214370385243,23.0,two-sided,0.07041051252520854,0.10561576878781281,fdr_bh,0.996,0.5336205870988541,-0.05052171847348885,0.8250999516049063
