Source,SS,DF,MS,F,p-unc,ng2,eps
condition,23.623702377603305,1,23.623702377603305,12.413419256496526,0.012469033628013795,0.283564643149229,1.0
Error,11.418466688091556,6,1.9030777813485926,,,,
