Source,SS,DF,MS,F,p-unc,ng2,eps
condition,0.9365270490021882,1,0.9365270490021882,0.3260291438015358,0.5743672757860426,0.003115569547347277,1.0
Error,57.450511207812866,20,2.872525560390643,,,,
