Source,SS,DF,MS,F,p-unc,ng2,eps
condition,263.15789473684,1,263.15789473684,0.9736887657953877,0.336841249054963,0.014594279042615177,1.0
Error,4864.842105263158,18,270.2690058479532,,,,
