condition,count,mean,std,min,25%,50%,75%,max,sem
Increase by 3 (Correct),23.0,-6.3119846182524295,2.513134811908517,-12.85510194308798,-7.182787567817446,-5.888502870093322,-4.839670671458649,-2.1998202898889314,0.5240248327515412
Increase by 3 (Incorrect),20.0,-6.765915295892664,3.147850543894414,-13.727687664514926,-8.082660235028483,-6.836393886523648,-4.055736679015248,-1.598639776321831,0.7038807799157595
