condition,count,mean,std,min,25%,50%,75%,max,sem
Increase by 3 (Correct),24.0,101.66666666666667,8.333623183365015,92.0,92.0,100.0,109.0,112.0,1.7010937089893912
Increase by 3 (Incorrect),21.0,101.71428571428571,8.253137931374086,92.0,92.0,104.0,108.0,112.0,1.8009823472110955
