condition,count,mean,std,min,25%,50%,75%,max,sem
Increase by 3 (Correct),12.0,-1.9843693738154264,0.972263634983771,-3.345597127389105,-2.8580166303562327,-2.1629596304848473,-0.9750508749558792,-0.702400812506155,0.28066833569058214
Increase by 3 (Incorrect),12.0,-3.543562287276996,3.0560767167866194,-8.800504480460013,-5.722162086268301,-2.29395841438849,-1.3308550239082138,-0.2821060910049816,0.8822133575504513
