Contrast,Coef,Std.Err.,z,P>|z|,P>|z| (adj)
Increase by 3 (Correct) - Increase by 3 (Incorrect),-2.9165158932159847,0.6173470739216022,-4.724272644056231,2.3094041652349517e-06,2.3094041652349517e-06
