Contrast,Coef,Std.Err.,z,P>|z|,P>|z| (adj)
Increase by 3 (Correct) - Increase by 3 (Incorrect),0.5731673266339934,1.9082982772084138,0.3003552083442955,0.7639062257946005,0.7639062257946005
