Contrast,Coef,Std.Err.,z,P>|z|,P>|z| (adj)
Increase by 3 (Correct) - Increase by 3 (Incorrect),3.5073593680457766,6.108523862090641,0.5741746201258816,0.5658496420071533,0.5658496420071533
