Contrast,Coef,Std.Err.,z,P>|z|,P>|z| (adj)
Increase by 3 (Correct) - Increase by 3 (Incorrect),26.769442974036696,19.671430150035647,1.360828509664214,0.17356789004235318,0.17356789004235315
