Contrast,Coef,Std.Err.,z,P>|z|,P>|z| (adj)
Increase by 3 (Correct) - Increase by 3 (Incorrect),1.7428555569324216,0.6160548351406805,2.8290591316184184,0.004668507231594843,0.004668507231594843
