Source,SS,DF,MS,F,p-unc,ng2,eps
condition,10.666666666666591,2,5.333333333333296,0.16216216216216114,0.8521357085570368,0.011532125205930726,0.6283522391974291
Error,394.6666666666664,12,32.888888888888864,,,,
