Source,SS,DF,MS,F,p-unc,ng2,eps
condition,37.33333333333341,2,18.666666666666703,0.43869209809264403,0.6475489853115866,0.00807731140920238,0.8123484638303518
Error,1957.333333333333,46,42.55072463768115,,,,
