Source,SS,DF,MS,F,p-unc,p-GG-corr,ng2,eps,sphericity,W-spher,p-spher
condition,33.7976538075518,2,16.8988269037759,4.550539084285748,0.01573069467877794,0.026544399511374953,0.03386275103925958,0.7445626672529853,False,0.6569297065491544,0.009833495277629327
Error,170.8250436213325,46,3.713587904811576,,,,,,,,
