condition,count,mean,std,min,25%,50%,75%,max,sem
Decreasing Crossover (no 1),24.0,106.16666666666667,7.822301822168552,96.0,99.0,106.0,113.0,116.0,1.5967206731963364
Decreasing Large (no 1),24.0,107.5,7.581441872728776,96.0,100.0,108.0,116.0,116.0,1.547555341896336
Decreasing Small (no 1),24.0,105.83333333333333,8.981462390204987,96.0,96.0,104.0,116.0,116.0,1.8333333333333333
