Contrast,Coef,Std.Err.,z,P>|z|,P>|z| (adj)
Decreasing Crossover (no 1) - Decreasing Large (no 1),-12.895267740655092,7.197499885264138,-1.791631531256614,0.07319200881472021,0.2038969107071155
Decreasing Crossover (no 1) - Decreasing Small (no 1),-11.274147719299334,7.5549372821971295,-1.4922887243374419,0.13562347141385822,0.2528532168293708
Decreasing Large (no 1) - Decreasing Small (no 1),1.6211200213557575,6.702562412011687,0.24186571070946572,0.8088842202738202,0.8088842202738202
