Contrast,Coef,Std.Err.,z,P>|z|,P>|z| (adj)
Decreasing Crossover (no 1) - Decreasing Large (no 1),0.5004330262881355,0.44535515300399353,1.123671799714526,0.261152284057129,0.5966660261550292
Decreasing Crossover (no 1) - Decreasing Small (no 1),0.2764462948156215,0.45125304322903026,0.6126192365096431,0.540128135725571,0.788517868448761
Decreasing Large (no 1) - Decreasing Small (no 1),-0.22398673147251397,0.44699703457800494,-0.5010922089985953,0.6163062297235959,0.788517868448761
