Contrast,Coef,Std.Err.,z,P>|z|,P>|z| (adj)
Decreasing Crossover (no 1) - Decreasing Large (no 1),-0.12138828797324448,1.7813020227450145,-0.06814582054209045,0.9456695555884527,0.9456695555884527
Decreasing Crossover (no 1) - Decreasing Small (no 1),1.5510470923264292,1.9816079945177791,0.782721454807147,0.4337907004456918,0.6996611733899272
Decreasing Large (no 1) - Decreasing Small (no 1),1.6724353802996736,1.7179978063013075,0.9734793456461242,0.33031512063092716,0.6996611733899272
