Contrast,Coef,Std.Err.,z,P>|z|,P>|z| (adj)
Decreasing Crossover (no 1) - Decreasing Large (no 1),-0.24320141286588964,0.4775758352115909,-0.5092414543087985,0.6105829893406982,0.6105829893406982
Decreasing Crossover (no 1) - Decreasing Small (no 1),-1.7184459275006128,0.509188921776832,-3.3748690397741523,0.0007385082526498721,0.002213888977410214
Decreasing Large (no 1) - Decreasing Small (no 1),-1.475244514634723,0.4558352556946599,-3.2363545737298387,0.0012106689765096768,0.0024198722336486703
