Contrast,Coef,Std.Err.,z,P>|z|,P>|z| (adj)
Decreasing Crossover (no 1) - Decreasing Large (no 1),-0.30884822832424363,0.7261078978757123,-0.4253475678033585,0.6705833221810855,0.6705833221810855
Decreasing Crossover (no 1) - Decreasing Small (no 1),0.7946784077829331,0.9551429275516512,0.8319994682052014,0.405409244679076,0.6464618336868931
Decreasing Large (no 1) - Decreasing Small (no 1),1.1035266361071767,1.0138519382531723,1.0884495008299835,0.27639671852495673,0.6211200852095538
