Contrast,Coef,Std.Err.,z,P>|z|,P>|z| (adj)
Decreasing Crossover (no 1) - Decreasing Large (no 1),0.32427402533173455,0.42477509921231626,0.7634016822856463,0.44522387696114696,0.47965161005581236
Decreasing Crossover (no 1) - Decreasing Small (no 1),0.7680773380400038,0.4698315750481911,1.634792931831415,0.10209246299044539,0.27607287254473595
Decreasing Large (no 1) - Decreasing Small (no 1),0.4438033127082692,0.4096541353707529,1.0833609974585268,0.2786482203916125,0.47965161005581236
