Contrast,Coef,Std.Err.,z,P>|z|,P>|z| (adj)
Decreasing Crossover (no 1) - Decreasing Large (no 1),-0.2284636501239153,0.42507189098597237,-0.5374706137213264,0.5909425782354378,0.5909425782354378
Decreasing Crossover (no 1) - Decreasing Small (no 1),0.5619529089281735,0.46477613880359747,1.2090829584640972,0.22663097560346568,0.4019003521039527
Decreasing Large (no 1) - Decreasing Small (no 1),0.7904165590520889,0.4468274378695526,1.7689526024201856,0.07690178469246156,0.21341848888238793
