Contrast,Coef,Std.Err.,z,P>|z|,P>|z| (adj)
Decreasing Crossover (no 1) - Decreasing Large (no 1),-0.12138828797330938,1.7813020227450145,-0.06814582054212688,0.9456695555884236,0.9456695555884236
Decreasing Crossover (no 1) - Decreasing Small (no 1),1.5510470923263822,1.9816079945177791,0.7827214548071233,0.43379070044570556,0.6996611733899207
Decreasing Large (no 1) - Decreasing Small (no 1),1.6724353802996916,1.7179978063013075,0.9734793456461347,0.3303151206309223,0.6996611733899207
