Contrast,Coef,Std.Err.,z,P>|z|,P>|z| (adj)
Decreasing Crossover (no 1) - Decreasing Large (no 1),-4.899797890965676,4.822306273279397,-1.0160694102147065,0.30959633463691905,0.6709141073984844
Decreasing Crossover (no 1) - Decreasing Small (no 1),-2.1221908777647687,5.291835024649758,-0.40103118632373214,0.6883971632674593,0.801292704640693
Decreasing Large (no 1) - Decreasing Small (no 1),2.777607013200907,4.696445678506956,0.5914274758702063,0.5542340352165647,0.801292704640693
