Contrast,A,B,Paired,Parametric,T,dof,alternative,p-unc,p-corr,p-adjust,BF10,cohen,ci_lower,ci_upper
condition,Decreasing Crossover (no 1),Decreasing Large (no 1),True,True,-0.43929836880646395,23.0,two-sided,0.6645450406970619,0.8875440819353964,fdr_bh,0.234,-0.06286057990141303,-0.5127823690332234,0.3334395609644208
condition,Decreasing Crossover (no 1),Decreasing Small (no 1),True,True,0.14298913030780186,23.0,two-sided,0.8875440819353964,0.8875440819353964,fdr_bh,0.217,0.02615275673397354,-0.39316535566494415,0.45154042366801883
condition,Decreasing Large (no 1),Decreasing Small (no 1),True,True,0.41282669625153584,23.0,two-sided,0.6835567391577582,0.8875440819353964,fdr_bh,0.232,0.07993622412960787,-0.33874403638909373,0.5072798293916276
