Contrast,A,B,Paired,Parametric,T,dof,alternative,p-unc,p-corr,p-adjust,BF10,cohen,ci_lower,ci_upper
condition,Decreasing Crossover (no 1),Decreasing Large (no 1),True,True,1.3611230783958848,15.0,two-sided,0.19357369193252325,0.19357369193252325,fdr_bh,0.557,0.3416048387079113,-0.26747184116701217,0.7409434570108205
condition,Decreasing Crossover (no 1),Decreasing Small (no 1),True,True,-1.7649898873626635,15.0,two-sided,0.09791011001728121,0.14686516502592184,fdr_bh,0.904,-0.23477809410329065,-0.8334207870128054,0.18681436067415397
condition,Decreasing Large (no 1),Decreasing Small (no 1),True,True,-1.9347116172610916,15.0,two-sided,0.07211429013171795,0.14686516502592184,fdr_bh,1.136,-0.5188505443284647,-1.0468436605126634,0.0794878518821176
