Contrast,A,B,Paired,Parametric,T,dof,alternative,p-unc,p-corr,p-adjust,BF10,cohen,ci_lower,ci_upper
condition,Decreasing Crossover (no 1),Decreasing Large (no 1),True,True,-0.9544061447355161,23.0,two-sided,0.3498021944541089,0.6862953602265621,fdr_bh,0.323,-0.17309692896316556,-0.6210680955004296,0.23143341850394902
condition,Decreasing Crossover (no 1),Decreasing Small (no 1),True,True,0.17052013832006116,23.0,two-sided,0.8660922491049519,0.8660922491049519,fdr_bh,0.218,0.039579591553802265,-0.38758356747320316,0.45719812243202956
condition,Decreasing Large (no 1),Decreasing Small (no 1),True,True,0.7556473907491364,23.0,two-sided,0.4575302401510414,0.6862953602265621,fdr_bh,0.278,0.20053781374923027,-0.2705212614843635,0.5790130169511772
