{
  "dataset": {
    "n_subjects": 24,
    "n_change_trials_for_accuracy": 5184,
    "n_correct_trials_with_valid_rt": 4247,
    "rt_min_ms": 150.0,
    "rt_max_ms": 1500.0
  },
  "accuracy_gee": {
    "coef_log_odds_D_vs_I": 0.4677540161669528,
    "se": 0.08989693999482641,
    "p_value": 1.958593733990329e-07,
    "odds_ratio_D_vs_I": 1.5964046646469243,
    "odds_ratio_ci95_low": 1.3385086063133929,
    "odds_ratio_ci95_high": 1.9039906365082886
  },
  "accuracy_subject_level": {
    "n_subjects": 24,
    "mean_diff_D_minus_I": 0.06481481481481483,
    "ci95_low": 0.03688105662277428,
    "ci95_high": 0.09274857300685538,
    "t": 4.799914820368573,
    "p_two_sided": 7.666707842991876e-05,
    "p_one_sided_D_gt_I": 3.833353921495938e-05,
    "cohens_dz": 0.9797785098938152
  },
  "rt_gee_distance": {
    "coef_log_rt_per_distance_step": -0.0260824268483686,
    "se": 0.0033356701097507296,
    "p_value": 5.314045826520417e-15,
    "percent_change_per_distance_step": -2.5745218452126406
  },
  "rt_subject_level_distance_trend": {
    "n_subjects": 24,
    "mean_slope_ms_per_distance": -13.599431818347133,
    "ci95_low": -17.55608487348823,
    "ci95_high": -9.642778763206035,
    "t": -7.110193321561122,
    "p_two_sided": 3.048056343862118e-07,
    "p_one_sided_negative_slope": 1.524028171931059e-07,
    "cohens_dz": -1.4513621341974519
  }
}