Source,SS,DF,MS,F,p-unc,ng2,eps
condition,160.0,1,160.0,0.6909090909090909,0.4161794305588642,0.012748597654258032,1.0
Error,4400.0,19,231.57894736842104,,,,
