Source,SS,DF,MS,F,p-unc,ng2,eps
condition,4.795687879836942,1,4.795687879836942,2.129154155149756,0.16275130871019317,0.02457702506907753,1.0
Error,38.29064878183692,17,2.2523911048139365,,,,
