Source,SS,DF,MS,F,p-unc,ng2,eps
condition,8.209429265540834,1,8.209429265540834,4.402563948573512,0.04948766552240091,0.09521516109739836,1.0
Error,35.42916306662965,19,1.8646927929805077,,,,
