Source,SS,DF,MS,F,p-unc,ng2,eps
condition,1.291315955580913,1,1.291315955580913,0.25824646210289554,0.62136330859297,0.0066940076857193815,1.0
Error,55.00356285899639,11,5.000323896272399,,,,
