Source,SS,DF,MS,F,p-unc,ng2,eps
condition,6.399999999999954,1,6.399999999999954,0.11585365853658455,0.7373101704525924,0.0035746201966040856,1.0
Error,1049.6,19,55.24210526315789,,,,
