Source,SS,DF,MS,F,p-unc,ng2,eps
condition,5.333333333333295,1,5.333333333333295,0.12195121951219424,0.7411538220687448,0.014084507042253419,1.0
Error,218.66666666666669,5,43.733333333333334,,,,
