Source,SS,DF,MS,F,p-unc,ng2,eps
condition,0.4790549511648653,1,0.4790549511648653,0.1048978682664428,0.749567438464185,0.0009670808040680264,1.0
Error,86.77053425921923,19,4.566870224169433,,,,
