condition,count,mean,std,min,25%,50%,75%,max,sem
Increase by 2 (Correct),15.0,-1.4653805267784572,1.1330389490962374,-4.171886942862197,-1.9836927400412303,-0.989443402299595,-0.6273398715711263,-0.2118940137613955,0.2925493986969387
Increase by 2 (Incorrect),10.0,-2.2717083495440953,1.123329422049812,-4.084633774955904,-2.886294590693902,-2.0055789013566447,-1.3257539085095296,-0.9704680432235344,0.3552279536357978
