condition,count,mean,std,min,25%,50%,75%,max,sem
Increase by 2 (Correct),15.0,94.13333333333334,16.483180460555484,68.0,80.0,104.0,108.0,108.0,4.255938894417525
Increase by 2 (Incorrect),9.0,77.33333333333333,16.370705543744897,60.0,64.0,68.0,84.0,104.0,5.456901847914967
