Contrast,Coef,Std.Err.,z,P>|z|,P>|z| (adj)
Increase by 2 (Correct) - Increase by 2 (Incorrect),-0.9967891842739991,0.46787375725566527,-2.1304661114585937,0.033133150740670914,0.03313315074067092
