Contrast,Coef,Std.Err.,z,P>|z|,P>|z| (adj)
Increase by 2 (Correct) - Increase by 2 (Incorrect),1.113797249466875,0.4693176119752316,2.373227045069121,0.01763342088328712,0.01763342088328712
