Contrast,Coef,Std.Err.,z,P>|z|,P>|z| (adj)
Increase by 2 (Correct) - Increase by 2 (Incorrect),1.4346859087437647,0.4483987840980141,3.199575823181004,0.0013762997989612558,0.0013762997989612558
