Source,SS,DF,MS,F,p-unc,ng2,eps
condition,10.240550423251486,1,10.240550423251486,3.9215122130142723,0.05975711954969311,0.03514097302524266,1.0
Error,60.061692260736805,23,2.611377924379861,,,,
