Source,SS,DF,MS,F,p-unc,ng2,eps
condition,0.39593739948666906,1,0.39593739948666906,0.5432214611510195,0.4850651835616524,0.012378160779454144,1.0
Error,5.102084498896794,7,0.7288692141281133,,,,
