Source,SS,DF,MS,F,p-unc,ng2,eps
condition,645.3333333333351,1,645.3333333333351,1.393590385578371,0.24986473663085018,0.024095185941156033,1.0
Error,10650.66666666667,23,463.07246376811605,,,,
