Source,SS,DF,MS,F,p-unc,ng2,eps
condition,2.046939630766471,1,2.046939630766471,0.6493673940570447,0.4569360198398058,0.060414748339802385,1.0
Error,15.761028729652036,5,3.152205745930407,,,,
