Source,SS,DF,MS,F,p-unc,ng2,eps
condition,0.018331705383702407,1,0.018331705383702407,0.004943078913935517,0.9445570245602042,8.565016081891748e-05,1.0
Error,85.29688300878612,23,3.708560130816788,,,,
