Source,SS,DF,MS,F,p-unc,ng2,eps
condition,164.57142857142875,1,164.57142857142875,1.6809338521400794,0.242428855515797,0.06963249516441011,1.0
Error,587.4285714285716,6,97.90476190476193,,,,
