Source,SS,DF,MS,F,p-unc,ng2,eps
condition,201.5238095238094,1,201.5238095238094,0.4920930232558137,0.49107802152923896,0.010400078639536021,1.0
Error,8190.476190476189,20,409.52380952380946,,,,
