Source,SS,DF,MS,F,p-unc,ng2,eps
condition,0.45868363648728044,1,0.45868363648728044,0.004298175617854311,0.948378672923059,9.3312129791224e-05,1.0
Error,2134.3178002403706,20,106.71589001201853,,,,
