Source,SS,DF,MS,F,p-unc,ng2,eps
condition,0.23193542597029324,1,0.23193542597029324,0.21032403344977277,0.662656253405921,0.0070521421080060025,1.0
Error,6.61651706177501,6,1.1027528436291683,,,,
