Source,SS,DF,MS,F,p-unc,ng2,eps
condition,2592.0,1,2592.0,3.188976377952756,0.09436426508455911,0.06475143642268298,1.0
Error,12192.0,15,812.8,,,,
