condition,count,mean,std,min,25%,50%,75%,max,sem
Decreasing 3 to 2,23.0,-6.052932432307983,2.553475090938395,-10.326302308053505,-8.0302635188824,-6.257967087320914,-4.294876231267233,-1.7120300256888243,0.5324363623963552
Increasing 2 to 3,21.0,-5.64612594209547,1.800414228011383,-10.612126660825744,-6.476026440173455,-5.39546533515333,-4.431519518990385,-2.5868800308704154,0.392882594387507
