condition,count,mean,std,min,25%,50%,75%,max,sem
Increasing 2 to 3,2.0,485.32811052301054,0.7325588938613102,484.8101131615427,485.0691118422766,485.32811052301054,485.5871092037445,485.8461078844784,0.5179973614678488
