condition,count,mean,std,min,25%,50%,75%,max,sem
Increasing 2 to 3,1.0,1.4840134477739115,,1.4840134477739115,1.4840134477739115,1.4840134477739115,1.4840134477739115,1.4840134477739115,
