condition,count,mean,std,min,25%,50%,75%,max,sem
Decreasing 3 to 2,13.0,104.92307692307692,11.213544923153862,88.0,96.0,104.0,116.0,120.0,3.110077784626934
Increasing 2 to 3,13.0,103.6923076923077,14.556697286728054,88.0,88.0,104.0,120.0,120.0,4.037301420669656
