Contrast,Coef,Std.Err.,z,P>|z|,P>|z| (adj)
Decreasing 3 to 2 - Increasing 2 to 3,2.881566619603191,3.381882399908226,0.8520599710035416,0.3941808075395816,0.3941808075395817
