Contrast,Coef,Std.Err.,z,P>|z|,P>|z| (adj)
Decreasing 3 to 2 - Increasing 2 to 3,0.714312395580017,0.34554244610985674,2.0672204055443855,0.03871339027158305,0.03871339027158305
