Contrast,Coef,Std.Err.,z,P>|z|,P>|z| (adj)
Decreasing 3 to 2 - Increasing 2 to 3,-0.2452880467521151,0.29516859457706063,-0.8310099761920198,0.40596799363463854,0.4059679936346385
