Contrast,Coef,Std.Err.,z,P>|z|,P>|z| (adj)
Decreasing 3 to 2 - Increasing 2 to 3,0.35616948895299355,0.3201915661184912,1.1123637429637614,0.2659817870825347,0.2659817870825347
