Contrast,Coef,Std.Err.,z,P>|z|,P>|z| (adj)
Decreasing 3 to 2 - Increasing 2 to 3,-1.1639137414691747,2.3351624223762064,-0.4984294584034987,0.6181813777938272,0.6181813777938272
