Contrast,Coef,Std.Err.,z,P>|z|,P>|z| (adj)
Decreasing 3 to 2 - Increasing 2 to 3,-0.07378802470056971,0.17622197687808872,-0.4187220346053469,0.6754192901473035,0.6754192901473035
