Contrast,Coef,Std.Err.,z,P>|z|,P>|z| (adj)
Decreasing 3 to 2 - Increasing 2 to 3,9.728723734410558,5.803130502509649,1.6764613048428305,0.093647869519081,0.09364786951908098
