Contrast,Coef,Std.Err.,z,P>|z|,P>|z| (adj)
Decreasing 3 to 2 - Increasing 2 to 3,7.597126350268561,6.028660639466352,1.260168187363926,0.20760869637020773,0.2076086963702077
