Contrast,Coef,Std.Err.,z,P>|z|,P>|z| (adj)
Decreasing 3 to 2 - Increasing 2 to 3,-0.19516063404276554,0.09856570342024165,-1.9800054914708494,0.047702911630199685,0.047702911630199685
