Contrast,Coef,Std.Err.,z,P>|z|,P>|z| (adj)
Decreasing 3 to 2 - Increasing 2 to 3,-0.2452880467520211,0.29516859457732497,-0.8310099761909571,0.40596799363523894,0.405967993635239
