Contrast,Coef,Std.Err.,z,P>|z|,P>|z| (adj)
Decreasing 3 to 2 - Increasing 2 to 3,-2.381171584788324,4.020420065319771,-0.5922693514860203,0.5536702357489354,0.5536702357489354
