Contrast,Coef,Std.Err.,z,P>|z|,P>|z| (adj)
Decreasing 3 to 2 - Increasing 2 to 3,0.7143123955800174,0.3455424461098566,2.0672204055443872,0.038713390271582826,0.038713390271582826
