Source,SS,DF,MS,F,p-unc,ng2,eps
condition,3.040456510165355,1,3.040456510165355,2.5824698701544366,0.1229856580700884,0.024538305174610395,1.0
Error,24.72423297223372,21,1.1773444272492248,,,,
