Source,SS,DF,MS,F,p-unc,ng2,eps
condition,56.33333333333432,1,56.33333333333432,0.037560273271039536,0.8480302325620999,0.0008286304063231021,1.0
Error,34495.666666666664,23,1499.8115942028985,,,,
