Source,SS,DF,MS,F,p-unc,ng2,eps
condition,94.56533002340387,1,94.56533002340387,2.2097465014115927,0.15200161291571265,0.030606638395904474,1.0
Error,898.68766812071,21,42.794650862890954,,,,
