Source,SS,DF,MS,F,p-unc,ng2,eps
condition,0.06946536197784055,1,0.06946536197784055,0.03336899379324893,0.8849757323226584,0.026202360422282748,1.0
Error,2.0817337918020913,1,2.0817337918020913,,,,
