Source,SS,DF,MS,F,p-unc,ng2,eps
condition,2.1113658767175156,1,2.1113658767175156,1.034424363016045,0.31970187021477214,0.007739447220210896,1.0
Error,46.945351347790734,23,2.0411022325126407,,,,
