Source,SS,DF,MS,F,p-unc,ng2,eps
condition,39.19999999999992,1,39.19999999999992,0.5505617977528078,0.47700473882708344,0.028976936723831993,1.0
Error,640.8000000000001,9,71.2,,,,
