Source,SS,DF,MS,F,p-unc,ng2,eps
condition,74.93534534304322,1,74.93534534304322,0.22563342119707,0.6474782072707486,0.012659313217179915,1.0
Error,2656.888148767433,8,332.1110185959291,,,,
