condition,count,mean,std,min,25%,50%,75%,max,sem
Increase by 1 (Correct),18.0,497.55555555555554,34.71263920046181,440.0,468.0,508.0,524.0,548.0,8.18184752384284
Increase by 1 (Incorrect),10.0,491.6,35.3999372253053,448.0,469.0,482.0,522.0,548.0,11.194443065894594
