condition,count,mean,std,min,25%,50%,75%,max,sem
Increase by 1 (Correct),24.0,-1.1369127128838163,1.2632591341972346,-3.740568574590821,-1.7404815969490388,-1.0092323127857186,-0.585038866610702,1.1945381925911371,0.25786169097444034
Increase by 1 (Incorrect),24.0,-1.5218876994382267,1.6907931169211294,-5.261300471706062,-2.308148422544284,-1.284419863016287,-0.2936754645032448,0.8561867812132906,0.34513169975555874
