condition,count,mean,std,min,25%,50%,75%,max,sem
Increase by 1 (Correct),14.0,2.0620052538518605,1.3387129899545362,0.5576536568761251,1.0930670581238258,1.9083053747503196,2.3646215080041193,4.43553464968674,0.3577860962595443
Increase by 1 (Incorrect),13.0,2.129403742434885,1.2435265412114282,0.4940877806453239,1.3490679610870713,1.6779946844089064,2.834211529820723,4.665868120961592,0.3448922082106299
