condition,count,mean,std,min,25%,50%,75%,max,sem
Increase by 1 (Correct),18.0,-1.6381342140348305,0.9735078199658826,-3.740568574590821,-1.8322123872885543,-1.330813054291558,-1.0001490008504448,-0.5438175114360875,0.22945799367866945
Increase by 1 (Incorrect),16.0,-2.222754935378293,1.5192543536088037,-5.261300471706062,-2.9566800622699336,-1.8881568097411203,-1.206398844695662,-0.2984773941754294,0.3798135884022009
