condition,count,mean,std,min,25%,50%,75%,max,sem
Increase by 1 (Correct),6.0,93.33333333333333,11.775681155103797,84.0,84.0,88.0,104.0,108.0,4.807401700618652
Increase by 1 (Incorrect),8.0,97.0,11.263087625386872,84.0,84.0,100.0,108.0,108.0,3.9821028185046723
