condition,count,mean,std,min,25%,50%,75%,max,sem
Increase by 1 (Correct),24.0,97.83333333333333,9.28611242975073,84.0,92.0,98.0,108.0,108.0,1.8955197622504818
Increase by 1 (Incorrect),24.0,96.16666666666667,10.247657915525048,84.0,84.0,96.0,108.0,108.0,2.0917944126357875
