condition,count,mean,std,min,25%,50%,75%,max,sem
Increase by 1 (Correct),24.0,490.8333333333333,35.94157900606588,440.0,459.0,490.0,524.0,548.0,7.336544092899129
Increase by 1 (Incorrect),24.0,493.0,40.762301424125994,440.0,448.0,496.0,531.0,548.0,8.320569935886063
