Contrast,Coef,Std.Err.,z,P>|z|,P>|z| (adj)
Increase by 1 (Correct) - Increase by 1 (Incorrect),-2.876334358661749,2.015658532543774,-1.4269948566297073,0.15358137716781872,0.15358137716781872
