Contrast,Coef,Std.Err.,z,P>|z|,P>|z| (adj)
Increase by 1 (Correct) - Increase by 1 (Incorrect),-0.6907942100870618,0.7683025527867716,-0.8991174213614505,0.3685901195363046,0.3685901195363046
