Contrast,Coef,Std.Err.,z,P>|z|,P>|z| (adj)
Increase by 1 (Correct) - Increase by 1 (Incorrect),-0.8677242775232764,2.301697347411991,-0.37699321263889807,0.7061786489548618,0.7061786489548618
