Contrast,Coef,Std.Err.,z,P>|z|,P>|z| (adj)
Increase by 1 (Correct) - Increase by 1 (Incorrect),-0.6480157662764656,0.86482719562826,-0.7493008655974444,0.45367588621063004,0.45367588621063004
