Contrast,Coef,Std.Err.,z,P>|z|,P>|z| (adj)
Increase by 1 (Correct) - Increase by 1 (Incorrect),0.8899355979260308,0.6360968868843638,1.3990566787474505,0.16179598723862032,0.16179598723862032
