Contrast,Coef,Std.Err.,z,P>|z|,P>|z| (adj)
Increase by 1 (Correct) - Increase by 1 (Incorrect),-1.3885515632893473,11.793660604343206,-0.11773711402022123,0.9062759585496878,0.9062759585496878
