Contrast,Coef,Std.Err.,z,P>|z|,P>|z| (adj)
Increase by 1 (Correct) - Increase by 1 (Incorrect),-0.6907942100870598,0.7683025527867716,-0.8991174213614479,0.36859011953630594,0.36859011953630594
