Contrast,Coef,Std.Err.,z,P>|z|,P>|z| (adj)
Increase by 1 (Correct) - Increase by 1 (Incorrect),0.267450878329648,1.399893300694259,0.191050902377352,0.8484857132380266,0.8484857132380266
