Source,SS,DF,MS,F,p-unc,ng2,eps
condition,2689.3333333333403,3,896.4444444444467,5.228333145497592,0.0026039952925548428,0.08348509933774856,0.8118109085656697
Error,11830.666666666664,69,171.4589371980676,,,,
