Source,SS,DF,MS,F,p-unc,ng2,eps
condition,289.395690355951,3,96.46523011865033,2.8137251994834998,0.05178183907310399,0.048087644034753636,0.9406132586073066
Error,1337.0687284308924,39,34.283813549510064,,,,
