Source,SS,DF,MS,F,p-unc,ng2,eps
condition,99.75722724200833,3,33.252409080669445,8.707305124517967,5.6281668240158316e-05,0.12070694464338537,0.8589081525646145
Error,263.5047461591292,69,3.8189093646250605,,,,
