Source,SS,DF,MS,F,p-unc,ng2,eps
condition,25.05602298178073,3,8.352007660593577,1.3374730198429245,0.26933906674031693,0.019065837460121426,0.951322409464347
Error,430.87861962900547,69,6.244617675782688,,,,
