Source,SS,DF,MS,F,p-unc,ng2,eps
condition,6794.000000000006,3,2264.666666666669,2.113269847346511,0.11417265004547086,0.10701283037888104,0.7704300891869972
Error,41794.0,39,1071.6410256410256,,,,
