condition,count,mean,std,min,25%,50%,75%,max,sem
Decreasing 2 to 1,16.0,-5.254588910362222,2.619872041334493,-10.790251464267453,-6.675333506821913,-5.182097295781507,-3.1207900561361095,-1.7218863428183684,0.6549680103336233
Decreasing 3 to 1,19.0,-4.994443858252811,2.637113822639468,-10.405896236580077,-6.750393406235024,-4.8587547945823255,-2.6950196847139125,-1.4026747857836417,0.6049954029210359
Increasing 1 to 2,22.0,-5.80712098422773,2.125562942113298,-9.869332018855154,-6.811790562908026,-5.64130570382109,-4.723954491060306,-2.3816656169802366,0.45317154191749404
Increasing 1 to 3,24.0,-6.149446234868425,2.653632221556992,-12.297590222201956,-6.911127962367613,-6.139086855044061,-4.901251278026859,-2.182491560730452,0.5416704089852324
