condition,count,mean,std,min,25%,50%,75%,max,sem
Decreasing 2 to 1,7.0,4.344030644101002,1.877511384572239,1.1424025690257609,3.754273349082941,4.148180662525242,5.228106603661503,7.15287137166712,0.7096326010386709
Decreasing 3 to 1,10.0,2.612222729659468,1.2778865131269523,1.2317881343809882,1.8529954516326106,2.201075710022836,2.9404931605536695,5.335064316757625,0.4041031972691828
Increasing 1 to 2,14.0,2.7700347690536895,1.9047752176399833,0.6095859448907268,1.2554998822319474,2.454059158729613,4.387849639926533,5.815415622489612,0.5090725902304702
Increasing 1 to 3,18.0,2.909264344611253,2.2611105245791228,0.5314690433804707,1.3877788374740927,2.1105417362141994,3.5775845832228224,8.62297593578481,0.5329488616473899
