Contrast,Coef,Std.Err.,z,P>|z|,P>|z| (adj)
Decreasing 2 to 1 - Decreasing 3 to 1,0.29600276696045585,0.4599915444255907,0.6434961045427172,0.5199022416148487,0.5199022416148487
Decreasing 2 to 1 - Increasing 1 to 2,1.802706262972577,0.5679209715643999,3.174220275766234,0.0015023962542799474,0.008980587355739965
Decreasing 2 to 1 - Increasing 1 to 3,0.9776185359971965,0.5510832550281535,1.7739942687012915,0.07606409832844885,0.27126878664913107
Decreasing 3 to 1 - Increasing 1 to 2,1.506703496012121,0.5320267934445502,2.8320067984868422,0.004625686515897565,0.022915450292040954
Decreasing 3 to 1 - Increasing 1 to 3,0.6816157690367406,0.5250107797957352,1.298289092848599,0.19418801298764476,0.43292930042081545
Increasing 1 to 2 - Increasing 1 to 3,-0.8250877269753805,0.6045096048921921,-1.3648877045097176,0.1722883473199377,0.43292930042081545
