Contrast,Coef,Std.Err.,z,P>|z|,P>|z| (adj)
Decreasing 2 to 1 - Decreasing 3 to 1,0.6226118952022348,0.654552791449286,0.9512019554964712,0.34150186595895304,0.8761851478798951
Decreasing 2 to 1 - Increasing 1 to 2,0.3112702134726491,0.6767983165641671,0.4599157619848152,0.6455766860836931,0.9554788015991953
Decreasing 2 to 1 - Increasing 1 to 3,-0.2652467979983973,0.6448024032226601,-0.41136136694391867,0.6808075776425309,0.9554788015991953
Decreasing 3 to 1 - Increasing 1 to 2,-0.3113416817295857,0.6995752102905838,-0.4450439025709089,0.6562880274041578,0.9554788015991953
Decreasing 3 to 1 - Increasing 1 to 3,-0.887858693200632,0.6477192775790155,-1.3707461302050283,0.17045410911538372,0.6741314122652817
Increasing 1 to 2 - Increasing 1 to 3,-0.5765170114710464,0.6904610333789535,-0.8349740008494152,0.403732347113948,0.8761851478798951
