Contrast,Coef,Std.Err.,z,P>|z|,P>|z| (adj)
Decreasing 2 to 1 - Decreasing 3 to 1,0.6226118952022354,0.6545527914492861,0.951201955496472,0.3415018659589528,0.8761851478798949
Decreasing 2 to 1 - Increasing 1 to 2,0.31127021347264955,0.6767983165641671,0.4599157619848159,0.6455766860836925,0.9554788015991951
Decreasing 2 to 1 - Increasing 1 to 3,-0.26524679799839646,0.64480240322266,-0.41136136694391745,0.6808075776425317,0.9554788015991951
Decreasing 3 to 1 - Increasing 1 to 2,-0.3113416817295858,0.6995752102905838,-0.4450439025709091,0.6562880274041576,0.9554788015991951
Decreasing 3 to 1 - Increasing 1 to 3,-0.8878586932006318,0.6477192775790155,-1.370746130205028,0.17045410911538394,0.6741314122652824
Increasing 1 to 2 - Increasing 1 to 3,-0.5765170114710461,0.6904610333789535,-0.8349740008494148,0.40373234711394845,0.8761851478798949
