Contrast,Coef,Std.Err.,z,P>|z|,P>|z| (adj)
Decreasing 2 to 1 - Decreasing 3 to 1,9.175857726070515,4.496859367344926,2.0405035996240644,0.041300192879568876,0.19013393791527944
Decreasing 2 to 1 - Increasing 1 to 2,4.628158512728103,4.664802411921558,0.9921445977862199,0.32112699380994814,0.6878163788280998
Decreasing 2 to 1 - Increasing 1 to 3,10.06434187032813,4.4845596733717725,2.244220749271718,0.02481820164832893,0.1399701603829526
Decreasing 3 to 1 - Increasing 1 to 2,-4.547699213342412,4.791610637724715,-0.9490961509973348,0.3425717118346383,0.6878163788280998
Decreasing 3 to 1 - Increasing 1 to 3,0.8884841442576157,4.504551048801074,0.19724144196214485,0.8436386015661566,0.8436386015661566
Increasing 1 to 2 - Increasing 1 to 3,5.436183357600028,4.750819715495533,1.1442621869798753,0.25251491995518394,0.6878163788280998
