Contrast,Coef,Std.Err.,z,P>|z|,P>|z| (adj)
Decreasing 2 to 1 - Decreasing 3 to 1,0.17671227296377043,1.8330312899296095,0.09640439524115073,0.9231994014875606,0.9741277288089973
Decreasing 2 to 1 - Increasing 1 to 2,3.4069331855749256,2.2714436660992265,1.49989772426348,0.13364089758494635,0.4366325243008109
Decreasing 2 to 1 - Increasing 1 to 3,3.8957174501959906,2.2741651549581725,1.7130318973107486,0.08670667156515544,0.41968778657675393
Decreasing 3 to 1 - Increasing 1 to 2,3.230220912611155,2.1865351656874963,1.477324016234379,0.139588803257656,0.4366325243008109
Decreasing 3 to 1 - Increasing 1 to 3,3.71900517723222,2.235427321272213,1.6636663343255922,0.09617912757867986,0.41968778657675393
Increasing 1 to 2 - Increasing 1 to 3,0.48878426462106495,2.4080527121692135,0.2029790552968253,0.8391514028938931,0.9741277288089973
