Contrast,Coef,Std.Err.,z,P>|z|,P>|z| (adj)
Decreasing 2 to 1 - Decreasing 3 to 1,0.6482545525333169,0.6778017565133156,0.9564073068621233,0.3388664945784652,0.8089457650113068
Decreasing 2 to 1 - Increasing 1 to 2,1.2000847089344384,0.6646639862339558,1.8055509758159505,0.0709885061983131,0.35712502134463103
Decreasing 2 to 1 - Increasing 1 to 3,0.24484554784683188,0.665785626781895,0.36775433112051986,0.7130564246635533,0.8089457650113068
Decreasing 3 to 1 - Increasing 1 to 2,0.5518301564011215,0.680702809030724,0.8106770665261267,0.4175511467374713,0.8089457650113068
Decreasing 3 to 1 - Increasing 1 to 3,-0.403409004686485,0.6709158396477906,-0.6012810860126091,0.5476527850230535,0.8089457650113068
Increasing 1 to 2 - Increasing 1 to 3,-0.9552391610876065,0.666797857701167,-1.4325768297769605,0.15197880723463797,0.5614354449790279
