Contrast,Coef,Std.Err.,z,P>|z|,P>|z| (adj)
Decreasing 2 to 1 - Decreasing 3 to 1,-4.177493974472428,2.274247254760278,-1.83686886539202,0.06622925654578182,0.23974190926601263
Decreasing 2 to 1 - Increasing 1 to 2,2.249276512701308,2.236172764286854,1.0058598998358845,0.3144829682914594,0.6778525129051927
Decreasing 2 to 1 - Increasing 1 to 3,0.6648706401015136,2.2749673748694246,0.29225502196033687,0.7700916455155749,0.7700916455155749
Decreasing 3 to 1 - Increasing 1 to 2,6.426770487173736,2.1493823145297526,2.9900546048643757,0.0027892757956446967,0.016619386989609332
Decreasing 3 to 1 - Increasing 1 to 3,4.842364614573942,2.2445697478864752,2.1573687425546004,0.0309769446899113,0.14558168287531176
Increasing 1 to 2 - Increasing 1 to 3,-1.5844058725997945,1.95486550171569,-0.8104935460824486,0.41765657286012936,0.6778525129051927
