Contrast,Coef,Std.Err.,z,P>|z|,P>|z| (adj)
Decreasing 2 to 1 - Decreasing 3 to 1,5.729329366540198,9.770373324981996,0.5863982036275728,0.5576079512006393,0.8042892751591041
Decreasing 2 to 1 - Increasing 1 to 2,17.41424258175914,9.612301340332852,1.8116621571870244,0.07003841430563473,0.3044552983236389
Decreasing 2 to 1 - Increasing 1 to 3,22.76283813518691,9.625776508415601,2.3647794144488885,0.018040812730168776,0.10347867018351482
Decreasing 3 to 1 - Increasing 1 to 2,11.684913215218941,9.805347113162904,1.1916878699309754,0.2333836560763718,0.5494591003162519
Decreasing 3 to 1 - Increasing 1 to 3,17.033508768646712,9.68745851891067,1.7583052082644774,0.07869559198492282,0.3044552983236389
Increasing 1 to 2 - Increasing 1 to 3,5.348595553427771,9.637940543701346,0.5549521216877834,0.57892740943286,0.8042892751591041
