Contrast,Coef,Std.Err.,z,P>|z|,P>|z| (adj)
Decreasing 2 to 1 - Decreasing 3 to 1,0.44907723854100934,0.37714161269822005,1.1907390312305592,0.23375605018931855,0.7358593197489437
Decreasing 2 to 1 - Increasing 1 to 2,0.33155516159257903,0.3724517058519952,0.890196383539541,0.3733604462048494,0.8458046712760687
Decreasing 2 to 1 - Increasing 1 to 3,0.4863817232678491,0.37728007251803136,1.2891794682439885,0.19733570121115362,0.7325739681784265
Decreasing 3 to 1 - Increasing 1 to 2,-0.11752207694843031,0.3542992931058031,-0.3317028264951551,0.740113666176391,0.950482702562819
Decreasing 3 to 1 - Increasing 1 to 3,0.03730448472683978,0.3656051496385237,0.10203489957327729,0.9187289737813613,0.950482702562819
Increasing 1 to 2 - Increasing 1 to 3,0.1548265616752701,0.32403447473098,0.47780891772028344,0.6327862134088456,0.950482702562819
