Contrast,Coef,Std.Err.,z,P>|z|,P>|z| (adj)
Decreasing 2 to 1 - Decreasing 3 to 1,0.8618148516630894,0.5044806915456529,1.70832078631715,0.08757683643091418,0.3069170607630556
Decreasing 2 to 1 - Increasing 1 to 2,1.431742296202868,0.5123046461896898,2.7947087867572065,0.0051946485293565825,0.02570479701970099
Decreasing 2 to 1 - Increasing 1 to 3,1.5785709069727012,0.5382234354119424,2.9329286001166106,0.003357811024779611,0.019978498000543077
Decreasing 3 to 1 - Increasing 1 to 2,0.5699274445397787,0.5224649701478637,1.0908433619549318,0.27534181257585244,0.4817425158304652
Decreasing 3 to 1 - Increasing 1 to 3,0.7167560553096118,0.5552569782428005,1.2908546554028029,0.1967540814576365,0.4817425158304652
Increasing 1 to 2 - Increasing 1 to 3,0.1468286107698331,0.5111958521197804,0.28722574755052804,0.7739394728405669,0.7739394728405669
