Contrast,Coef,Std.Err.,z,P>|z|,P>|z| (adj)
Decreasing 2 to 1 - Decreasing 3 to 1,2.970189369902157,2.6616436253664455,1.1159230114787557,0.26445509082388474,0.4589736865851004
Decreasing 2 to 1 - Increasing 1 to 2,6.606586859759878,2.7118273555284778,2.436212189648184,0.014841975303392374,0.07203948683354222
Decreasing 2 to 1 - Increasing 1 to 3,8.974278469347182,2.6574126411475056,3.377073748498453,0.0007326140456307417,0.004387641283587955
Decreasing 3 to 1 - Increasing 1 to 2,3.6363974898577207,2.6621564798017703,1.3659593331375075,0.17195172794253288,0.4322371585609522
Decreasing 3 to 1 - Increasing 1 to 3,6.004089099445025,2.645360139101507,2.269667940745605,0.02322773797474431,0.08972362198271298
Increasing 1 to 2 - Increasing 1 to 3,2.367691609587304,2.667071034773179,0.8877497369651665,0.3746753853484579,0.4589736865851004
