Contrast,Coef,Std.Err.,z,P>|z|,P>|z| (adj)
Decreasing 2 to 1 - Decreasing 3 to 1,0.17671227296385084,1.833031289929641,0.09640439524119293,0.9231994014875271,0.9741277288090067
Decreasing 2 to 1 - Increasing 1 to 2,3.406933185575004,2.271443666099259,1.499897724263493,0.13364089758494302,0.4366325243008022
Decreasing 2 to 1 - Increasing 1 to 3,3.895717450195986,2.274165154958192,1.713031897310732,0.08670667156515854,0.41968778657676575
Decreasing 3 to 1 - Increasing 1 to 2,3.230220912611153,2.1865351656875025,1.4773240162343737,0.13958880325765732,0.4366325243008022
Decreasing 3 to 1 - Increasing 1 to 3,3.7190051772321353,2.2354273212721902,1.663666334325571,0.09617912757868408,0.41968778657676575
Increasing 1 to 2 - Increasing 1 to 3,0.48878426462098234,2.4080527121692477,0.20297905529678814,0.8391514028939222,0.9741277288090067
