Contrast,Coef,Std.Err.,z,P>|z|,P>|z| (adj)
Decreasing 2 to 1 - Decreasing 3 to 1,-4.1774939744723625,2.27424725476028,-1.8368688653919896,0.06622925654578626,0.23974190926602706
Decreasing 2 to 1 - Increasing 1 to 2,2.2492765127013463,2.236172764286855,1.0058598998359012,0.3144829682914514,0.6778525129051813
Decreasing 2 to 1 - Increasing 1 to 3,0.6648706401015441,2.274967374869425,0.2922550219603502,0.7700916455155646,0.7700916455155646
Decreasing 3 to 1 - Increasing 1 to 2,6.426770487173709,2.149382314529753,2.990054604864362,0.0027892757956446967,0.016619386989609332
Decreasing 3 to 1 - Increasing 1 to 3,4.842364614573906,2.2445697478864757,2.1573687425545844,0.030976944689912633,0.14558168287531761
Increasing 1 to 2 - Increasing 1 to 3,-1.5844058725998023,1.9548655017156902,-0.8104935460824525,0.41765657286012714,0.6778525129051813
