Contrast,Coef,Std.Err.,z,P>|z|,P>|z| (adj)
Decreasing 2 to 1 - Decreasing 3 to 1,0.6183510049933862,0.4034607784195851,1.5326173895156738,0.12537015431386056,0.46115485435740927
Decreasing 2 to 1 - Increasing 1 to 2,1.3509300869431695,0.49647326530454206,2.721053038202358,0.0065074319762863375,0.0384148763267699
Decreasing 2 to 1 - Increasing 1 to 3,0.7025207574658934,0.48900400817407075,1.4366359901406311,0.15082145163961913,0.46115485435740927
Decreasing 3 to 1 - Increasing 1 to 2,0.7325790819497833,0.4664951678174486,1.5703894327078218,0.11632453937643472,0.46115485435740927
Decreasing 3 to 1 - Increasing 1 to 3,0.08416975247250713,0.46534870960621944,0.18087458014814745,0.8564660218414053,0.8564660218414053
Increasing 1 to 2 - Increasing 1 to 3,-0.6484093294772761,0.5299436582702973,-1.2235438982205076,0.22112433442241297,0.46115485435740927
