Contrast,A,B,Paired,Parametric,T,dof,alternative,p-unc,p-corr,p-adjust,BF10,cohen,ci_lower,ci_upper
condition,Decreasing 2 to 1,Decreasing 3 to 1,True,True,-1.4602097899351467,13.0,two-sided,0.16797470894226557,0.2519620634133984,fdr_bh,0.646,-0.3560323604348275,-0.98922096539631,0.20870600157481478
condition,Decreasing 2 to 1,Increasing 1 to 2,True,True,2.0664154937235466,13.0,two-sided,0.059312763101374476,0.11862552620274895,fdr_bh,1.381,0.5054621507587639,0.008808794454479796,1.2157129701183549
condition,Decreasing 2 to 1,Increasing 1 to 3,True,True,1.287040398258041,13.0,two-sided,0.2205250357184461,0.2646300428621353,fdr_bh,0.538,0.36693052499688644,-0.12102128320473354,0.9943490061350881
condition,Decreasing 3 to 1,Increasing 1 to 2,True,True,3.063881267453527,13.0,two-sided,0.009054849309100298,0.054329095854601786,fdr_bh,6.159,0.7793654050223824,0.3059842521014081,1.4385694135277296
condition,Decreasing 3 to 1,Increasing 1 to 3,True,True,2.6514463218713975,13.0,two-sided,0.019956767445584337,0.059870302336753015,fdr_bh,3.242,0.6178028127471388,0.1195228439462721,1.1804297181948686
condition,Increasing 1 to 2,Increasing 1 to 3,True,True,-0.30398733942479556,13.0,two-sided,0.765948555864842,0.765948555864842,fdr_bh,0.281,-0.06595525530316401,-0.5854423579630965,0.30563645521203586
