Contrast,A,B,Paired,Parametric,T,dof,alternative,p-unc,p-corr,p-adjust,BF10,cohen,ci_lower,ci_upper
condition,Decreasing 2 to 1,Decreasing 3 to 1,True,True,-0.1747327963738893,13.0,two-sided,0.8639815618993457,0.8639815618993457,fdr_bh,0.274,-0.05137485586278714,-0.5398330647700853,0.42493117250213513
condition,Decreasing 2 to 1,Increasing 1 to 2,True,True,0.46219121434272525,13.0,two-sided,0.6515842585750173,0.7819011102900207,fdr_bh,0.296,0.15332595294505355,-0.4402774050719761,0.6277867130987475
condition,Decreasing 2 to 1,Increasing 1 to 3,True,True,-0.964833384590058,13.0,two-sided,0.352234334289555,0.7819011102900207,fdr_bh,0.402,-0.3111653755468635,-0.6714273069129553,0.3629744943124249
condition,Decreasing 3 to 1,Increasing 1 to 2,True,True,0.5968752475363169,13.0,two-sided,0.5608424247287945,0.7819011102900207,fdr_bh,0.315,0.20849907607558804,-0.3270217775229738,0.7505866583381553
condition,Decreasing 3 to 1,Increasing 1 to 3,True,True,-0.8776645197696605,13.0,two-sided,0.3960566748427763,0.7819011102900207,fdr_bh,0.376,-0.27302618384578,-0.651672259986509,0.34859779352657366
condition,Increasing 1 to 2,Increasing 1 to 3,True,True,-1.9034731727468008,13.0,two-sided,0.07935370377083888,0.4761222226250333,fdr_bh,1.109,-0.44230687141194075,-1.1223280799461652,0.10487887175557986
