Contrast,A,B,Paired,Parametric,T,dof,alternative,p-unc,p-corr,p-adjust,BF10,cohen,ci_lower,ci_upper
condition,Decreasing 2 to 1,Decreasing 3 to 1,True,True,1.129017186013244,23.0,two-sided,0.27052921869882385,0.27052921869882385,fdr_bh,0.379,0.20639141856290388,-0.19737333316005734,0.6582926692542854
condition,Decreasing 2 to 1,Increasing 1 to 2,True,True,3.5397943935682004,23.0,two-sided,0.0017496521765412482,0.005248956529623745,fdr_bh,21.522,0.67383983478948,0.24837204762727072,1.1967429621405135
condition,Decreasing 2 to 1,Increasing 1 to 3,True,True,4.162318261991376,23.0,two-sided,0.0003756924118705702,0.0022541544712234214,fdr_bh,83.116,0.8517805588553123,0.35702135145480113,1.342237963369696
condition,Decreasing 3 to 1,Increasing 1 to 2,True,True,2.3435088388285217,23.0,two-sided,0.028114582840734096,0.042171874261101146,fdr_bh,2.061,0.5047243025158981,0.032600748812147196,0.9241327283265495
condition,Decreasing 3 to 1,Increasing 1 to 3,True,True,2.9807521686705947,23.0,two-sided,0.006685429274136488,0.013370858548272977,fdr_bh,6.801,0.706678257664511,0.14875798085552988,1.0681289963006924
condition,Increasing 1 to 2,Increasing 1 to 3,True,True,1.4934117463814047,23.0,two-sided,0.14892198385107977,0.1787063806212957,fdr_bh,0.57,0.2511727115132299,-0.12712023188374627,0.7368030243026069
