Source,SS,DF,MS,F,p-unc,p-GG-corr,ng2,eps,sphericity,W-spher,p-spher
condition,2694.4748885474455,4,673.6187221368614,3.9827113460699164,0.008204043714595943,0.0249849583391646,0.17703009008355303,0.6140574255248795,False,0.0946100735294952,0.02101634072192518
Error,6765.428509415616,40,169.1357127353904,,,,,,,,
