Source,SS,DF,MS,F,p-unc,ng2,eps
condition,6901.33333333336,4,1725.33333333334,1.742342637692026,0.147399694157204,0.04524554625080875,0.8333054966859006
Error,91101.86666666668,92,990.2376811594205,,,,
