Source,SS,DF,MS,F,p-unc,ng2,eps
condition,6974.836363636372,4,1743.709090909093,2.5232051524910046,0.05587630130676327,0.12399284258866619,0.6980645775880332
Error,27642.76363636364,40,691.0690909090911,,,,
