Source,SS,DF,MS,F,p-unc,ng2,eps
condition,245.7599999999996,4,61.4399999999999,2.4935064935064877,0.08442157818646628,0.19452887537993896,0.5598149372108406
Error,394.24000000000024,16,24.640000000000015,,,,
