Source,SS,DF,MS,F,p-unc,p-GG-corr,ng2,eps,sphericity,W-spher,p-spher
condition,608.9142857142838,4,152.22857142857094,0.6957010847729991,0.5983557785529221,0.5104105735263489,0.028351283470265123,0.510378128515629,False,0.11147745355724425,0.0032057249879248947
Error,11378.285714285712,52,218.81318681318677,,,,,,,,
