Source,SS,DF,MS,F,p-unc,ng2,eps
condition,2.743648557245268,4,0.685912139311317,0.18119711827363003,0.9448051471086533,0.01611746770167098,0.43267067293133393
Error,60.56715655051467,16,3.7854472844071667,,,,
