Source,SS,DF,MS,F,p-unc,ng2,eps
condition,65.57142723326284,4,16.39285680831571,1.1334319205149799,0.4061188707589258,0.08738615773196191,0.4523952040378747
Error,115.70421839446726,8,14.463027299308408,,,,
