condition,count,mean,std,min,25%,50%,75%,max,sem
2 to 1,3.0,118.93366439366402,4.316829778876817,114.02280233421244,117.33595066442136,120.64909899463028,121.38909542338982,122.12909185214936,2.492322834880322
4 to 3,3.0,115.08704307908066,6.740047007608773,107.4160992880108,112.60016310726016,117.78422692650952,118.92251497461558,120.06080302272164,3.8913679541936563
5 to 4,1.0,116.74797340219496,,116.74797340219496,116.74797340219496,116.74797340219496,116.74797340219496,116.74797340219496,
