condition,count,mean,std,min,25%,50%,75%,max,sem
2 to 1,11.0,474.28639147715415,0.9218729797765355,472.6670816644069,473.7409069931438,474.2825244681112,475.0510197095401,475.45066604903616,0.2779551616623316
3 to 2,15.0,474.3207552362379,1.3030179268614723,471.99022356664847,473.28789551500273,474.7121577399035,475.2514940574457,476.2935143023032,0.33643778203627883
4 to 3,8.0,473.755544392091,0.9849047840061008,471.9185533670085,473.3113822233638,473.7251848066271,474.62439449598685,474.826168659358,0.348216425796891
5 to 4,13.0,474.378903663745,0.6978904668718956,473.37979462878775,473.7297052662221,474.34155831449306,474.8845413738106,475.4892489131703,0.19355998945878314
6 to 5,7.0,473.96540389555986,1.0354401593460762,472.29931760721854,473.55398992379776,473.6617917010069,474.5782433401276,475.5322514328426,0.39135959415982924
