condition,count,mean,std,min,25%,50%,75%,max,sem
2 to 1,16.0,-4.829099129457717,2.8044857027166183,-10.790251464267453,-6.389836860078813,-4.225658483472568,-2.977148706641833,-1.2972925481702622,0.7011214256791546
3 to 2,23.0,-5.73553066819079,2.6028325255253977,-10.326302308053505,-7.136399688217901,-5.276531565899422,-3.9363081472541777,-1.3497673420148362,0.5427280989486244
4 to 3,22.0,-5.637172454747755,2.189067944721833,-10.040062031159174,-7.091925027321603,-4.621828583760164,-3.9690380141149117,-2.952926874381673,0.46671085396579853
5 to 4,23.0,-5.9869307421581555,2.7652996671759578,-14.146635073252382,-7.507147801996336,-5.856484259436141,-3.8944994147414107,-1.716010667733319,0.5766048397934187
6 to 5,24.0,-5.893280267328721,2.1265385366665353,-10.603812348397266,-7.107608674247391,-6.069729209894012,-4.633836217576888,-2.050047150115644,0.43407786109981894
