condition,count,mean,std,min,25%,50%,75%,max,sem
2 to 1,4.0,174.7122578150731,10.559517190476745,161.45152876762893,169.19741867071684,175.75534593327325,181.2701850776295,185.8868106261169,5.279758595238376
3 to 2,17.0,171.13968477346242,5.756407335608096,159.84467924681755,167.64330077906305,170.76653714721533,173.23409617521895,183.7990128924983,1.3961338511054429
4 to 3,16.0,168.83369110027311,6.237573203069526,152.80169118079314,166.29897328860184,168.4854844924318,173.31128560929196,181.2888330843556,1.5593933007673821
5 to 4,16.0,171.77567933040933,4.88325020663392,161.31027799447753,169.81691201453611,173.11547830779932,174.17407573819145,178.5288680057091,1.220812551658481
6 to 5,17.0,170.89911653588865,6.634910884104182,162.80009908788705,165.02517911283906,171.1918720098104,174.2784181960514,185.52520191040804,1.609202258336576
