condition,count,mean,std,min,25%,50%,75%,max,sem
2 to 1,3.0,-4.47944625413372,3.8694966128676054,-8.857475756144883,-5.960491886680295,-3.0635080172157068,-2.290431503128138,-1.5173549890405695,2.234054911067457
3 to 2,1.0,-3.757840785898841,,-3.757840785898841,-3.757840785898841,-3.757840785898841,-3.757840785898841,-3.757840785898841,
4 to 3,6.0,-3.7221689884230105,1.3774843542996915,-5.866249764960841,-4.474247449093714,-3.461384916147015,-2.8173186970056165,-2.129496082582094,0.5623556327835673
5 to 4,3.0,-3.9405062379179827,0.8032177053749087,-4.670437526379705,-4.37075856876138,-4.071079611143054,-3.575540593687121,-3.0800015762311888,0.4637379584160771
6 to 5,4.0,-4.56875847983296,3.28683415463008,-8.948604249520738,-6.062897416167512,-3.938374407104866,-2.4442354707703142,-1.4496808556013707,1.64341707731504
