condition,count,mean,std,min,25%,50%,75%,max,sem
2 to 1,18.0,109.81044167258833,2.8035815736767518,104.84937378646718,107.65160820850498,109.35497009994955,112.11061867266774,113.9996420138261,0.6608105141188279
3 to 2,12.0,106.53002803494631,4.2891592393643725,97.58986405598344,104.75242695087596,106.4888385886059,108.85950061950746,112.5840613351142,1.2381736207220957
4 to 3,13.0,107.67934014069414,5.816569260086722,96.11454196651738,103.68850417966318,108.5370505303417,111.68108710503267,118.55557844397376,1.6132260549638702
5 to 4,15.0,109.194190833068,5.187750543775709,98.09208239437416,106.059759815856,110.2412313716874,111.7508924900992,116.7519651134322,1.3394714306881192
6 to 5,12.0,106.7924375922761,4.300149469218112,97.2047923695961,105.84333875626949,106.71827635712849,108.29894924094506,114.94978687272852,1.2413462268043503
