condition,count,mean,std,min,25%,50%,75%,max,sem
2 to 1,24.0,108.0,9.436285193913417,92.0,99.0,112.0,116.0,116.0,1.926173649372307
3 to 2,24.0,104.33333333333333,10.141034449707039,92.0,92.0,104.0,116.0,116.0,2.0700299888140203
4 to 3,24.0,104.33333333333333,8.741040962119403,92.0,96.0,106.0,109.0,116.0,1.7842575148299233
5 to 4,24.0,105.66666666666667,9.72073832706078,92.0,98.0,108.0,116.0,116.0,1.9842374020345577
6 to 5,24.0,103.0,9.002415134888501,92.0,95.0,102.0,109.0,116.0,1.8376102944321187
