condition,count,mean,std,min,25%,50%,75%,max,sem
2 to 1,3.0,4.389811447217265,3.6582869365598283,1.7862143660778198,2.2985107580984105,2.8108071501190013,5.691609987786986,8.572412825454972,2.1121129475957083
4 to 3,3.0,4.2019270129345285,0.16622902229912018,4.034783976967384,4.119277174360896,4.203770371754408,4.285498530918101,4.367226690081793,0.09597237077152547
5 to 4,1.0,5.985768274868159,,5.985768274868159,5.985768274868159,5.985768274868159,5.985768274868159,5.985768274868159,
