condition,count,mean,std,min,25%,50%,75%,max,sem
2 to 1,24.0,181.83333333333334,12.757492825332328,160.0,175.0,180.0,189.0,204.0,2.6041123182734602
3 to 2,24.0,176.83333333333334,19.309080239880537,148.0,163.0,174.0,194.0,204.0,3.941449499180393
4 to 3,24.0,175.16666666666666,16.300617930849622,148.0,160.0,176.0,186.0,204.0,3.327349701886973
5 to 4,24.0,177.5,18.828747678229554,148.0,167.0,178.0,193.0,204.0,3.843402025606323
6 to 5,24.0,172.83333333333334,19.34507389642053,148.0,155.0,170.0,189.0,204.0,3.948796673555391
