Source,SS,DF,MS,F,p-unc,ng2,eps
condition,4.548966125210201,1,4.548966125210201,0.26382327135759676,0.6134271701753231,0.004801402633879023,1.0
Error,327.6070224367835,19,17.242474865093868,,,,
