Source,SS,DF,MS,F,p-unc,ng2,eps
condition,12.109865950446423,1,12.109865950446423,0.9627400001951507,0.3521359901693479,0.04619988094728691,1.0
Error,113.20688195351332,9,12.578542439279257,,,,
