Source,SS,DF,MS,F,p-unc,ng2,eps
condition,8.931517122042544,1,8.931517122042544,0.7846397083045068,0.4162883230468627,0.05926881076417238,1.0
Error,56.914766277520314,5,11.382953255504063,,,,
