Source,SS,DF,MS,F,p-unc,ng2,eps
condition,28.571428571428655,1,28.571428571428655,0.7812500000000028,0.4107740464728198,0.039494470774091746,1.0
Error,219.42857142857127,6,36.57142857142855,,,,
