Source,SS,DF,MS,F,p-unc,ng2,eps
condition,4.025505677639633,1,4.025505677639633,0.15869355911405858,0.6996473602091982,0.01017012126581524,1.0
Error,228.29881251019938,9,25.366534723355485,,,,
