Source,SS,DF,MS,F,p-unc,ng2,eps
condition,26.353071165214125,1,26.353071165214125,1.9778954148757584,0.17575751266041498,0.031716390701040834,1.0
Error,253.15208699774473,19,13.32379405251288,,,,
