Source,SS,DF,MS,F,p-unc,ng2,eps
condition,3.23255682493201,1,3.23255682493201,0.16971114864952289,0.6946816385861085,0.012292211906229079,1.0
Error,114.28442447022815,6,19.047404078371358,,,,
