Source,SS,DF,MS,F,p-unc,ng2,eps
condition,30.170011591111507,1,30.170011591111507,4.301295128880524,0.05571437693452218,0.0795926502016709,1.0
Error,105.21253722584146,15,7.01416914838943,,,,
