Source,SS,DF,MS,F,p-unc,ng2,eps
condition,60.5,1,60.5,0.13229827246883882,0.7211365282257263,0.003019037401132763,1.0
Error,6859.5,15,457.3,,,,
