condition,count,mean,std,min,25%,50%,75%,max,sem
45 Correct,7.0,3.256329212905949,1.5518052352838128,1.7664959135278593,1.91427030327184,2.978064650597387,4.1778223236998935,5.865558672272927,0.5865272479670062
45 Incorrect,12.0,4.008039464550937,3.7765533489647645,0.5974669375387791,1.9786008229320426,3.3134050153041175,4.389233183203313,15.007683121256916,1.0901970463168948
