condition,count,mean,std,min,25%,50%,75%,max,sem
45 Correct,24.0,-4.175115404380705,5.103580818085573,-18.825479208826582,-6.066668836966869,-2.6122070989867776,-1.1446169242188269,3.4595589732389294,1.0417640721137995
45 Incorrect,20.0,-1.2925912979466652,4.405498573128399,-7.686223073386075,-4.462843195145203,-0.6632062571320636,0.493956506691978,11.826366515137968,0.9850994284293427
