condition,count,mean,std,min,25%,50%,75%,max,sem
45 Correct,17.0,97.6470588235294,8.60916064775327,84.0,92.0,100.0,104.0,112.0,2.0880281587410408
45 Incorrect,8.0,104.5,9.899494936611665,84.0,102.0,108.0,112.0,112.0,3.4999999999999996
