condition,count,mean,std,min,25%,50%,75%,max,sem
45 Correct,24.0,3.563345453913378,6.159885667372506,-7.852978163322459,-0.9728720350977027,3.8105927631864516,8.373890488131947,13.883546168258595,1.2573813965788385
45 Incorrect,20.0,2.591573719328019,4.020509523085687,-3.7736893288207103,-0.5302021888406335,2.69254462410017,3.924516406798328,12.107178804123144,0.8990132597804856
