Contrast,Coef,Std.Err.,z,P>|z|,P>|z| (adj)
45 Correct - 45 Incorrect,1.0352818113193434,0.7782580389738378,1.3302552103212464,0.18343419901923252,0.18343419901923252
