Contrast,Coef,Std.Err.,z,P>|z|,P>|z| (adj)
45 Correct - 45 Incorrect,-1.9489197745707103,2.7513931276476318,-0.708339260931783,0.4787346015677083,0.4787346015677083
