Contrast,Coef,Std.Err.,z,P>|z|,P>|z| (adj)
45 Correct - 45 Incorrect,-0.5372074291984735,0.6160901795838863,-0.8719623311660462,0.3832289276577423,0.3832289276577423
