Contrast,Coef,Std.Err.,z,P>|z|,P>|z| (adj)
45 Correct - 45 Incorrect,3.526493046911529,5.373930702563319,0.6562222778997545,0.5116811168546354,0.5116811168546354
