Contrast,Coef,Std.Err.,z,P>|z|,P>|z| (adj)
45 Correct - 45 Incorrect,-4.479696969570188,2.3971150034623325,-1.8687868388040736,0.06165247665442464,0.06165247665442464
