Contrast,Coef,Std.Err.,z,P>|z|,P>|z| (adj)
45 Correct - 45 Incorrect,-5.9240130351336395,2.8799490044440543,-2.056985393141436,0.03968763094291283,0.039687630942912826
