Contrast,Coef,Std.Err.,z,P>|z|,P>|z| (adj)
45 Correct - 45 Incorrect,-0.37889258377988694,5.614863635979455,-0.06748028239759613,0.9461993586085387,0.9461993586085387
