Contrast,Coef,Std.Err.,z,P>|z|,P>|z| (adj)
45 Correct - 45 Incorrect,-3.289300395495051,1.011409766967459,-3.2521936241108893,0.0011451798113215617,0.0011451798113215617
