Contrast,Coef,Std.Err.,z,P>|z|,P>|z| (adj)
45 Correct - 45 Incorrect,-0.026934838998892194,0.7265332846820916,-0.037073097085535515,0.9704267226930878,0.9704267226930878
