Source,SS,DF,MS,F,p-unc,ng2,eps
condition,804.8888888888889,3,268.2962962962963,1.3808616088448336,0.27260937237688443,0.07527328650401097,0.5644747734554142
Error,4663.111111111113,24,194.2962962962964,,,,
