Source,SS,DF,MS,F,p-unc,ng2,eps
condition,21.425577155416022,3,7.141859051805341,0.8698168992985915,0.46105778947271425,0.019750087160857938,0.9291472837250135
Error,566.5425389779691,69,8.21076143446332,,,,
