Source,SS,DF,MS,F,p-unc,ng2,eps
condition,1248.6666666666652,3,416.2222222222217,0.9851807807533092,0.40495397895315743,0.024580375070538955,0.8871531575864688
Error,29151.333333333332,69,422.4830917874396,,,,
