condition,count,mean,std,min,25%,50%,75%,max,sem
6a,24.0,171.83333333333334,19.218801181150187,140.0,159.0,172.0,184.0,208.0,3.9230213634847173
6b,24.0,172.5,18.77324645895578,140.0,159.0,170.0,185.0,208.0,3.8320728866627327
6c,24.0,174.0,20.967884345184746,140.0,161.0,174.0,193.0,204.0,4.280051469282834
6d,24.0,172.83333333333334,19.200694431886227,140.0,163.0,172.0,185.0,208.0,3.919325338768281
