condition,count,mean,std,min,25%,50%,75%,max,sem
6a,12.0,5.804271761194243,4.03097608506067,1.8919450543605267,3.0922603429170907,4.04254932247364,7.293699307729082,12.788873865315258,1.1636425639033607
6b,11.0,4.872517446397358,2.0766343212506886,1.890673568251907,3.4949205563823638,4.93100392964705,6.251714630045149,8.338992204052788,0.6261288063966266
6c,5.0,7.032949859365496,1.345970699574992,5.650809981992479,5.671633644520118,7.451515026840539,7.645258832476772,8.745531810997573,0.601936395994526
6d,14.0,6.358212891360424,2.006327220951588,3.097341574477771,5.576851809148427,6.055102100637182,7.188150803087411,10.10433630443178,0.5362135047542245
