condition,count,mean,std,min,25%,50%,75%,max,sem
6a,12.0,91.66666666666667,18.64175827316596,56.0,83.0,92.0,109.0,112.0,5.38141207859015
6b,14.0,92.28571428571429,19.687671157462876,68.0,72.0,92.0,107.0,120.0,5.261751443906945
6c,12.0,92.33333333333333,19.180166523750202,64.0,76.0,94.0,109.0,116.0,5.536837152794513
6d,15.0,100.53333333333333,17.75172694483017,56.0,94.0,104.0,114.0,120.0,4.583476188249914
