condition,count,mean,std,min,25%,50%,75%,max,sem
6a,24.0,2.2400136185809782,3.0594393122692414,-3.720273570647001,0.7301024401840128,2.048710512366679,3.237680714433414,10.526783718030307,0.6245054345059272
6b,24.0,2.197273340570081,2.653524131830722,-2.96882604845703,0.3118234546326669,2.3431147906957044,3.666047184543646,8.82506308846995,0.5416483452622493
6c,24.0,2.788083583270037,4.533717669895516,-3.989630909816276,0.1728825604846776,2.3914885307539278,4.553750126083594,16.746917139788295,0.9254412440903266
6d,24.0,3.3575928250844718,3.0461809076111868,-4.199624166653828,0.7178676862939499,3.6208278364579325,5.738290217260853,8.276011847300682,0.6217990739879629
