condition,count,mean,std,min,25%,50%,75%,max,sem
6a,12.0,102.33333333333333,17.432119431635037,72.0,88.0,108.0,120.0,120.0,5.0322194232000985
6b,8.0,81.5,25.562248950915322,56.0,65.0,74.0,93.0,120.0,9.037619787785466
6c,5.0,84.8,23.047776465420693,56.0,80.0,80.0,88.0,120.0,10.307278981380101
6d,7.0,74.28571428571429,22.0129831820094,56.0,60.0,72.0,76.0,120.0,8.320125587749164
