condition,count,mean,std,min,25%,50%,75%,max,sem
6a,24.0,-5.940773922746977,3.219657284073534,-14.975088957476768,-7.240962955091245,-6.562982672997309,-4.130264820762705,1.0706482745780492,0.6572097910512722
6b,24.0,-6.454060062496384,3.7918637176520726,-16.392563024201163,-9.06733696019026,-5.365848056846866,-3.4180158532647735,-1.583900252312764,0.7740109402017034
6c,24.0,-5.978021618670124,6.913614465731771,-19.76512545819053,-9.913241783128852,-6.0718657677076795,-2.2533458947090756,12.174823484626875,1.4112356432806143
6d,24.0,-6.145863274524082,3.6879820004467256,-14.615262456696938,-9.139632459246378,-5.334812143510167,-3.3872108249538124,-0.5253142184698895,0.7528061734719367
