condition,count,mean,std,min,25%,50%,75%,max,sem
6a,22.0,171.45454545454547,15.677485441981752,144.0,165.0,176.0,180.0,200.0,3.3424511268851633
6b,18.0,167.55555555555554,18.091994401886943,144.0,156.0,166.0,179.0,200.0,4.26432397558777
6c,12.0,181.0,21.91719955568312,144.0,164.0,192.0,200.0,200.0,6.326950531678197
6d,19.0,170.52631578947367,15.956080070871735,144.0,164.0,172.0,178.0,200.0,3.6605758191564846
