Contrast,Coef,Std.Err.,z,P>|z|,P>|z| (adj)
6a - 6b,0.31307317136678814,0.7525397054702934,0.4160221302491085,0.67739380952902,0.6840086219148187
6a - 6c,-2.3941623445246574,0.9188020501315037,-2.6057433635264444,0.009167512190810578,0.036168863892524813
6a - 6d,1.018121935367126,0.8013531663368043,1.2705034161420097,0.20390536677322046,0.4954617592336862
6b - 6c,-2.7072355158914454,0.957494164931612,-2.8274172470646928,0.004692514191513064,0.02324340491818322
6b - 6d,0.7050487640003379,0.9088058167440348,0.7757969315450749,0.43786889599917944,0.6840086219148187
6c - 6d,3.412284279891783,1.0322265948497358,3.305751176066646,0.0009472216340185025,0.005669888357172059
