Contrast,Coef,Std.Err.,z,P>|z|,P>|z| (adj)
6a - 6b,-0.39391687998940744,2.442850763732559,-0.16125294505814236,0.8718941825659774,0.970370129748095
6a - 6c,-3.5496061084758943,2.8337606900705605,-1.2526132220386998,0.21034650061285443,0.7575515645782801
6a - 6d,-0.9540602057396583,2.396562083913789,-0.39809534338522,0.6905599067758323,0.970370129748095
6b - 6c,-3.155689228486487,2.9861292978532625,-1.056782514660407,0.2906108561538676,0.8203518746066276
6b - 6d,-0.5601433257502508,2.519642104697092,-0.22231067051389447,0.8240720460626119,0.970370129748095
6c - 6d,2.595545902736236,2.8968354916525114,0.8959935454448593,0.3702562105248175,0.8427264924105509
