Contrast,Coef,Std.Err.,z,P>|z|,P>|z| (adj)
6a - 6b,0.2150778452598305,0.7137013489818204,0.30135552576251196,0.7631434041257388,0.9867120969804325
6a - 6c,-0.9678502348174869,0.7665691859207047,-1.2625738845151064,0.20674235817236375,0.60403476420979
6a - 6d,0.11636336965535957,0.7462007546484344,0.15594110422761914,0.8760794451277731,0.9867120969804325
6b - 6c,-1.1829280800773174,0.6492715386095257,-1.8219312101846725,0.0684654239848117,0.34657781415032785
6b - 6d,-0.09871447560447094,0.6228939132517843,-0.15847718769499175,0.8740807950786191,0.9867120969804325
6c - 6d,1.0842136044728465,0.6666685362064789,1.6263158460159377,0.10388248254321719,0.42213706994047806
