Contrast,Coef,Std.Err.,z,P>|z|,P>|z| (adj)
6a - 6b,-0.4865281994186221,1.3364216709469974,-0.36405291084053204,0.7158184991652838,0.887709330896987
6a - 6c,3.217413380389546,1.3838045887860875,2.325048931375457,0.02006934390846382,0.0778928760199388
6a - 6d,-1.0308886802743775,1.308925370108541,-0.7875840012092457,0.43094007587437666,0.8157217815856093
6b - 6c,3.703941579808168,1.335397011173219,2.7736632243575667,0.005542902630941704,0.027408973733061812
6b - 6d,-0.5443604808557554,1.2567330195343387,-0.4331552305814794,0.664902000747523,0.887709330896987
6c - 6d,-4.2483020606639235,1.2896317625132654,-3.2941977579590085,0.0009870302958141508,0.005907587560447782
