Contrast,Coef,Std.Err.,z,P>|z|,P>|z| (adj)
6a - 6b,-6.3160345450483995,4.924646886144576,-1.2825355179918532,0.1996548536873568,0.6716125301635054
6a - 6c,7.357925980998331,6.3882987758770176,1.151781755853803,0.24941076668698003,0.6716125301635054
6a - 6d,-0.3689965766299588,4.767798465042835,-0.07739349289518335,0.9383105171754007,0.9383105171754007
6b - 6c,13.67396052604673,6.858848897840536,1.9936232347022382,0.04619324423830773,0.24705654042101935
6b - 6d,5.9470379684184405,5.171979939277755,1.1498571220771052,0.2502027236016162,0.6716125301635054
6c - 6d,-7.72692255762829,6.232214410975751,-1.23983580282799,0.2150361326890775,0.6716125301635054
