Contrast,A,B,Paired,Parametric,T,dof,alternative,p-unc,p-corr,p-adjust,BF10,cohen,ci_lower,ci_upper
condition,6a,6b,True,True,-0.3002305227520512,23.0,two-sided,0.766698193482648,0.8203313112116872,fdr_bh,0.224,-0.0798789196274391,-0.48394355951985735,0.3613749618612605
condition,6a,6c,True,True,-0.8059576436407434,23.0,two-sided,0.42852202360024727,0.8203313112116872,fdr_bh,0.288,-0.2357293759849522,-0.589625950950876,0.2605951207482593
condition,6a,6d,True,True,-0.5550096524257162,23.0,two-sided,0.5842459911990777,0.8203313112116872,fdr_bh,0.247,-0.14474238067449938,-0.5369065880256263,0.31032484623188494
condition,6b,6c,True,True,-0.5435189454257296,23.0,two-sided,0.592002222951238,0.8203313112116872,fdr_bh,0.246,-0.16439701608266102,-0.5345057083572259,0.31261502805245
condition,6b,6d,True,True,-0.22973137135145416,23.0,two-sided,0.8203313112116872,0.8203313112116872,fdr_bh,0.22,-0.06355446016037987,-0.46938876381724876,0.37560132419709874
condition,6c,6d,True,True,0.4006327381160318,23.0,two-sided,0.6923878072471361,0.8203313112116872,fdr_bh,0.231,0.1120971134733137,-0.34118956196061234,0.5047471924003388
