Contrast,A,B,Paired,Parametric,T,dof,alternative,p-unc,p-corr,p-adjust,BF10,cohen,ci_lower,ci_upper
condition,6a,6b,True,True,0.6105831646915508,23.0,two-sided,0.5474623541697718,0.6569548250037262,fdr_bh,0.254,0.2028377015591236,-0.29926486786218887,0.5485344010335298
condition,6a,6c,True,True,2.475337717530578,23.0,two-sided,0.021109670719886058,0.07422397341460127,fdr_bh,2.604,0.6581258642901291,0.056871094232715025,0.9536812972698641
condition,6a,6d,True,True,-0.17410909992985973,23.0,two-sided,0.8633031372445165,0.8633031372445165,fdr_bh,0.218,-0.04468091782056826,-0.4579361548941315,0.38685641249356434
condition,6b,6c,True,True,1.8303792964497627,23.0,two-sided,0.08018309208566755,0.1603661841713351,fdr_bh,0.902,0.5318811987429789,-0.06312630125404639,0.8103755199301101
condition,6b,6d,True,True,-0.9901061406730794,23.0,two-sided,0.33242481488317144,0.49863722232475716,fdr_bh,0.333,-0.26280880229588255,-0.6286577076109372,0.22444856830337945
condition,6c,6d,True,True,-2.4026668922643295,23.0,two-sided,0.024741324471533755,0.07422397341460127,fdr_bh,2.287,-0.7089238770811046,-0.9373766755818091,-0.043507975739225824
