Contrast,A,B,Paired,Parametric,T,dof,alternative,p-unc,p-corr,p-adjust,BF10,cohen,ci_lower,ci_upper
condition,6a,6b,True,True,0.04707076918501681,6.0,two-sided,0.9639844632743622,0.9639844632743622,fdr_bh,0.354,0.03099874974230664,-0.9071278505694561,0.9427100075077638
condition,6a,6c,True,True,0.3862269678805871,6.0,two-sided,0.7126531243750602,0.8678021006793988,fdr_bh,0.376,0.17780867543106,-0.7881977376728301,0.7492838439783115
condition,6a,6d,True,True,-1.5180729411149698,6.0,two-sided,0.17979430710236827,0.35958861420473653,fdr_bh,0.8,-0.9714395203718783,-1.244443919116612,0.365422814533462
condition,6b,6c,True,True,0.3713053286162528,6.0,two-sided,0.7231684172328323,0.8678021006793988,fdr_bh,0.374,0.15534244150030024,-0.6024718855889574,0.8329855107075469
condition,6b,6d,True,True,-2.374152046130224,6.0,two-sided,0.05520692127692004,0.23207377745409632,fdr_bh,1.845,-1.0899272160242213,-1.5179307640941477,0.08574265120615321
condition,6c,6d,True,True,-2.1286083367607658,6.0,two-sided,0.07735792581803211,0.23207377745409632,fdr_bh,1.443,-1.1995315244795117,-1.441167010323789,0.23097815102266972
