Source,SS,DF,MS,F,p-unc,ng2,eps
condition,10.591886871904064,4,2.647971717976016,0.21640573466436314,0.9254306818709641,0.034582792381391454,0.5545828464816271
Error,195.7783029794782,16,12.236143936217388,,,,
