Source,SS,DF,MS,F,p-unc,ng2,eps
condition,98.09769395513464,4,24.52442348878366,0.6711218653211747,0.6140263084541977,0.00954054911438032,0.6814063120774693
Error,2777.2246464590808,76,36.54242955867212,,,,
