Source,SS,DF,MS,F,p-unc,ng2,eps
condition,492.4489507706325,4,123.11223769265813,0.5002816842651514,0.7355930054712004,0.017180537734039672,0.7197339184314839
Error,13780.80694862068,56,246.08583836822643,,,,
