Source,SS,DF,MS,F,p-unc,ng2,eps
condition,18.821749306398836,4,4.705437326599709,1.5032361379153039,0.21365477108153097,0.0329613737060418,0.6852349254349678
Error,175.29148191914356,56,3.130205034270421,,,,
