Source,SS,DF,MS,F,p-unc,ng2,eps
condition,39.523727145157636,5,7.904745429031527,2.0749906352555527,0.08410942975591124,0.06905556945210595,0.6275838300545988
Error,190.47665311650888,50,3.8095330623301775,,,,
