condition,count,mean,std,min,25%,50%,75%,max,sem
1 to 3,20.0,4.342811481403426,3.5637419348141357,0.6016677043409134,1.9160957553873472,2.9101242672871246,5.956125946903746,12.44957186205096,0.7968769220511032
2 to 3,18.0,4.047663957077122,2.740147838091952,0.2704526360119242,1.9019147114600634,3.8347399700564084,5.758609109451385,9.62422212797403,0.6458590392561591
4 to 3,19.0,3.7811972137621805,2.6685920862538053,0.097043442220293,1.550168378445449,3.3568012951920223,5.755129361184477,8.90774151057705,0.6122170118690902
5 to 3,19.0,3.5791034732488773,1.6533016429303993,0.9111087547606924,2.3516512803294862,3.866153808485843,4.401161383594559,7.134769859926159,0.3792934097222831
6 to 3,19.0,4.231826038183786,2.6341220339347777,1.422076733299517,2.233428697966234,3.544253441561165,5.292042974080758,11.42646569648169,0.6043090395197639
