condition,count,mean,std,min,25%,50%,75%,max,sem
1 to 3,14.0,2.686950625449065,1.9703417427342622,0.6225017852744823,1.2691586984380245,2.0347391896451317,3.5062473058551658,7.468012305548097,0.5265959811550495
2 to 3,12.0,3.350953550478342,1.732964802736787,1.4564228926249163,2.25201678166298,2.8013931646903067,4.19215297654873,6.873121173575885,0.5002638476781154
3 to 3,13.0,3.416957880050469,2.3333348899905104,0.7916144174449365,1.8630245856304355,2.8253107586961885,4.247251048221301,8.958219212707723,0.6471506606684547
4 to 3,12.0,2.6815436484447193,1.3469828086750042,0.5958151642441026,1.8554343808816423,2.6640512502059153,3.4409873923430108,5.301322587884679,0.3888404435911559
5 to 3,18.0,2.9016122343773376,1.1539342486663584,0.7900791875346156,1.9596011930518855,3.082016697311504,3.690821916904636,4.61355001020146,0.27198491075846193
6 to 3,14.0,2.8042487360211155,2.196565954535391,0.1575802234452318,1.3083120623968725,2.2519579459943135,4.296993350266775,7.80965781660647,0.5870569449516784
