condition,count,mean,std,min,25%,50%,75%,max,sem
1 to 3,6.0,-3.673316684624737,1.9241055297299399,-5.857562979053741,-4.91969149823403,-4.253569526705787,-2.102765349044165,-1.1476352967160406,0.7855127931843134
2 to 3,14.0,-2.899472904812401,1.479026850187071,-5.7589720205898125,-3.9323491051934276,-2.8273643485021154,-1.7709898496159522,-0.8078713561127356,0.3952865528028179
3 to 3,12.0,-3.608264380225346,1.8532963380396306,-8.809577621901047,-3.8935892736460653,-3.460470889784009,-2.867706523007194,-1.480480172107801,0.5350005698276641
4 to 3,12.0,-2.3697231047144562,1.5844490573123189,-6.080083341708268,-3.136329259937607,-2.0267750501437036,-1.308233554248498,-0.335084881937713,0.45739104487825794
5 to 3,20.0,-3.4291802237329208,1.5256944305525075,-6.901198572531067,-4.468298647917788,-3.496209418541147,-2.21177650590048,-1.2499853882166103,0.3411556459608239
6 to 3,16.0,-2.8183865886691275,1.1106363320969799,-5.283054018136062,-3.2616451596006106,-2.3998380694516888,-2.1517552556382906,-1.1691478893515517,0.277659083024245
