condition,count,mean,std,min,25%,50%,75%,max,sem
1 to 3,24.0,-3.775857306034067,1.8050194905901151,-7.985463665768032,-4.580750387371378,-3.9162480220998823,-2.380035669981537,-0.8257224497058754,0.36844806064368363
2 to 3,21.0,-3.25322223912575,1.3108612711242869,-5.707980107529349,-3.947191475007693,-3.3232690249265677,-2.214000202143612,-1.0649402075633263,0.28605338097681304
3 to 3,23.0,-2.9100435978529084,1.6938085439289174,-7.137966603119905,-3.7251730793457742,-2.8760510327199134,-1.3586288789753782,-0.4022662543553424,0.35318349606220517
4 to 3,23.0,-3.84034601125828,1.867090479688329,-8.150615930495192,-4.675388774018398,-3.5692776401356268,-2.8557296220629045,-0.6589562147517407,0.3893152773637546
5 to 3,24.0,-3.4974227993527687,2.3074086086674948,-8.409944674594737,-4.9700668853889765,-3.358216794612487,-1.9770332646155238,-0.1119928548944596,0.4709978099450527
6 to 3,23.0,-4.213179113038509,2.0843299566736833,-9.481888327894312,-5.47290237003082,-4.130482934836257,-2.5570448164447663,-0.8206103307454715,0.43461283961742114
