Source,SS,DF,MS,F,p-unc,ng2,eps
condition,291.0596801970973,1,291.0596801970973,1.212118362973549,0.2872009444536855,0.026477392954573003,1.0
Error,3841.9968093950747,16,240.12480058719217,,,,
