Source,SS,DF,MS,F,p-unc,ng2,eps
condition,4.199037349773417,1,4.199037349773417,2.5032777622922393,0.12788069957100923,0.017767395187793432,1.0
Error,36.9031447834316,22,1.6774156719741635,,,,
