Source,SS,DF,MS,F,p-unc,ng2,eps
condition,3.680816783029918,1,3.680816783029918,1.0318124620871159,0.32484852418607935,0.015425358956992147,1.0
Error,57.07729911436789,16,3.567331194647993,,,,
