Source,SS,DF,MS,F,p-unc,ng2,eps
condition,1.9872724179156804,1,1.9872724179156804,1.7670015240162726,0.21328195348200835,0.07326804628818953,1.0
Error,11.246580101406744,10,1.1246580101406745,,,,
