Source,SS,DF,MS,F,p-unc,ng2,eps
condition,1.2419120026876174,1,1.2419120026876174,2.2676606778632986,0.17582044242045305,0.07373420944726014,1.0
Error,3.833635298119054,7,0.5476621854455791,,,,
