Source,SS,DF,MS,F,p-unc,ng2,eps
condition,3.5815104058715095,1,3.5815104058715095,2.177499575964095,0.15360162089750073,0.014516609132032633,1.0
Error,37.82996802585967,23,1.6447812185156379,,,,
