condition,count,mean,std,min,25%,50%,75%,max,sem
Large Ratio 0.67 (4:6),11.0,3.3420797021074717,1.7072490887438476,1.5057613400316543,1.7831114987536667,3.0615493202331545,4.70219906799832,5.968655589248496,0.5147549682763191
Small Ratio 0.67 (2:3),11.0,2.340490525474292,1.4657795082747767,0.725380414255373,1.3810092842016979,1.9071719013693,2.8339004413493947,6.127900741007111,0.44194915039446114
