condition,count,mean,std,min,25%,50%,75%,max,sem
Large Ratio 0.67 (4:6),18.0,489.55555555555554,32.121501360820645,432.0,469.0,492.0,515.0,532.0,7.571110478043066
Small Ratio 0.67 (2:3),19.0,488.0,35.12517299285198,436.0,456.0,496.0,518.0,532.0,8.058267339485573
