condition,count,mean,std,min,25%,50%,75%,max,sem
Large Ratio 0.67 (4:6),18.0,5.066397689748818,2.5488161640616087,1.6549662182249387,2.8211066330653,4.793026350256943,7.319512752661524,9.081754575071294,0.6007617312019491
Small Ratio 0.67 (2:3),19.0,5.638121793163913,3.795247648676382,1.5669462181428573,2.879790417724042,4.761687679576879,7.862855383607217,16.310919925767696,0.8706895245416162
