condition,count,mean,std,min,25%,50%,75%,max,sem
Large Ratio 0.67 (4:6),15.0,-2.357238706000769,1.1072671808490167,-5.024268824376276,-2.9975136077372104,-2.2201195987103177,-1.743186973271535,-0.6001804293114851,0.28589515674868515
Small Ratio 0.67 (2:3),14.0,-2.1333286505379867,1.2424674564958793,-4.983573217685134,-2.3129042827709836,-1.9491061232262235,-1.3734829718717336,-0.8165938363140083,0.33206339545885977
