Contrast,Coef,Std.Err.,z,P>|z|,P>|z| (adj)
Large Ratio 0.67 (4:6) - Small Ratio 0.67 (2:3),-0.8721095409746975,0.5520488116633381,-1.5797688946146045,0.1141598014909544,0.1141598014909544
