Contrast,Coef,Std.Err.,z,P>|z|,P>|z| (adj)
Large Ratio 0.67 (4:6) - Small Ratio 0.67 (2:3),0.04862935642791948,0.38323181556843916,0.12689279556758265,0.8990252488514598,0.8990252488514598
