Contrast,Coef,Std.Err.,z,P>|z|,P>|z| (adj)
Large Ratio 0.67 (4:6) - Small Ratio 0.67 (2:3),0.7256492710901101,0.3129786727266564,2.3185262585731023,0.020420737564657454,0.020420737564657454
