Contrast,Coef,Std.Err.,z,P>|z|,P>|z| (adj)
Large Ratio 0.67 (4:6) - Small Ratio 0.67 (2:3),-0.0568947949914641,0.26142074670730175,-0.21763687736370071,0.8277120491518117,0.8277120491518117
