Contrast,Coef,Std.Err.,z,P>|z|,P>|z| (adj)
Large Ratio 0.67 (4:6) - Small Ratio 0.67 (2:3),0.3682197022679466,0.29220903318068625,1.2601242961584267,0.20762452686835253,0.20762452686835253
