Contrast,Coef,Std.Err.,z,P>|z|,P>|z| (adj)
Large Ratio 0.67 (4:6) - Small Ratio 0.67 (2:3),1.584112233205574,9.987328273274063,0.158612212381627,0.87397440651766,0.87397440651766
