Contrast,Coef,Std.Err.,z,P>|z|,P>|z| (adj)
Large Ratio 0.67 (4:6) - Small Ratio 0.67 (2:3),0.8577071548986525,0.3749213267996275,2.287699028007133,0.022155054353220738,0.022155054353220738
