Contrast,Coef,Std.Err.,z,P>|z|,P>|z| (adj)
Large Ratio 0.67 (4:6) - Small Ratio 0.67 (2:3),-0.6705052696868644,0.5179692389916921,-1.2944885896932943,0.1954967080568184,0.1954967080568184
