Contrast,Coef,Std.Err.,z,P>|z|,P>|z| (adj)
Large Ratio 0.67 (4:6) - Small Ratio 0.67 (2:3),-2.3068481398287526,2.3908155086693865,-0.9648791935069193,0.33460532395082443,0.33460532395082443
