Source,SS,DF,MS,F,p-unc,ng2,eps
condition,112.57045001761591,5,22.514090003523183,4.698563048841806,0.0010058416754705108,0.1404951906396487,0.6320839411558609
Error,311.4602986097501,65,4.791696901688463,,,,
