Source,SS,DF,MS,F,p-unc,ng2,eps
condition,396.0,5,79.2,1.2746781115879844,0.3982458860017325,0.45622119815668205,0.2000000000000001
Error,310.6666666666663,5,62.133333333333255,,,,
