Source,SS,DF,MS,F,p-unc,ng2,eps
condition,28.79076607572876,4,7.19769151893219,0.6395730395497737,0.6418840470575438,0.11289063191905432,0.4334916614260452
Error,180.06241223673823,16,11.253900764796139,,,,
