Source,SS,DF,MS,F,p-unc,ng2,eps
condition,14.51944334273873,5,2.9038886685477463,0.44344107651556264,0.8088086670984038,0.1739721218577217,0.29229034165584694
Error,65.48533327958025,10,6.548533327958024,,,,
