Source,SS,DF,MS,F,p-unc,p-GG-corr,ng2,eps,sphericity,W-spher,p-spher
condition,2130.4533698924147,5,426.0906739784829,1.632158322276295,0.18817610771142132,0.24999189176030684,0.21234654422382204,0.3282483787426877,False,6.04446955720169e-05,0.02215098728634635
Error,6526.491152283471,25,261.05964609133883,,,,,,,,
