Source,SS,DF,MS,F,p-unc,ng2,eps
condition,23.54431245168164,5,4.708862490336328,0.7396824214501003,0.6109296306236905,0.2630861565099886,0.2665915254991204
Error,63.660597491351794,10,6.36605974913518,,,,
