Source,SS,DF,MS,F,p-unc,ng2,eps
condition,4504.888888888894,5,900.9777777777788,0.8571235286158853,0.5231709623574203,0.12411225939168354,0.49284810450492084
Error,26279.11111111111,25,1051.1644444444444,,,,
