Source,SS,DF,MS,F,p-unc,p-GG-corr,ng2,eps,sphericity,W-spher,p-spher
condition,4231.178063769355,4,1057.7945159423386,5.622076412072314,0.001273429017580202,0.011320812969910617,0.25822439294133676,0.5241157253594492,False,0.06068097724098334,0.01583241457391297
Error,6773.405372462302,36,188.15014923506394,,,,,,,,
