condition,count,mean,std,min,25%,50%,75%,max,sem
4 to 1,20.0,485.5514980366831,15.65982998101857,449.3127333328001,478.90777791333585,485.0520263254406,493.9344950078592,511.8912943001895,3.501644435364679
4 to 2,18.0,482.6674128946284,18.68751088929143,437.6469642297386,474.54823228091334,486.85468990785324,497.6031754616531,506.0840968705031,4.404688557771806
4 to 3,20.0,483.91494216100926,18.541096668355536,433.8919634479003,478.1348641318034,484.5160841745891,492.7749453676677,525.005155380147,4.1459152527837855
4 to 5,15.0,500.102593897833,15.739132251961893,474.0331165137421,487.7020737865911,500.51152243222776,511.9473698350426,531.4830491113421,4.063826473040294
4 to 6,20.0,491.23282390328995,23.532049367491016,437.450304076832,474.7187192801007,492.8794653306807,502.09913008582856,539.0053422045736,5.261926203559085
