condition,count,mean,std,min,25%,50%,75%,max,sem
4 to 1,8.0,2.6907758918624887,1.364453176504968,1.113290127175898,2.029289505259729,2.519068578041363,3.065740513796782,5.168559345902887,0.482407046859094
4 to 2,11.0,3.3998905840124647,1.8428582213547995,0.5665476023831078,2.048515387858129,3.324199344442465,4.475866878553269,6.560068300076445,0.5556426601868716
4 to 3,12.0,2.489626606535001,1.0725754919906278,1.0769202139672889,1.6731150207955756,2.322637178150753,3.544196024343872,3.914273286238339,0.3096258745134922
4 to 4,10.0,1.938441721902483,1.2933872892158516,0.5800422722349654,0.9215083957009532,1.583362872122199,2.585136029063738,4.791734920070741,0.4090049730633026
4 to 5,8.0,3.25895938480869,1.7475741794641897,1.3922982099879315,2.0901716477580363,2.763369370472227,4.113633445724581,6.781008899271138,0.6178607764628226
4 to 6,10.0,3.5901831712848393,1.3711717026787797,1.7799533321104073,2.4092359364256546,3.5139459060735847,4.779773775170929,5.286329272564354,0.43360256436361444
