Source,SS,DF,MS,F,p-unc,ng2,eps
condition,1442.0000000000032,3,480.6666666666677,0.7809277136802467,0.5086170862895485,0.02314482906211551,0.8887210486760058
Error,42469.99999999999,69,615.5072463768115,,,,
