Source,SS,DF,MS,F,p-unc,ng2,eps
condition,243.0,3,81.0,1.0459110473457676,0.4183984747903958,0.23209169054441262,0.5891486123490927
Error,697.0,9,77.44444444444444,,,,
