Source,SS,DF,MS,F,p-unc,ng2,eps
condition,15.166666666666648,3,5.055555555555549,0.06170946722882322,0.9797838681213377,0.0017927855158691047,0.9559623896208524
Error,5652.833333333334,69,81.92512077294687,,,,
