Source,SS,DF,MS,F,p-unc,ng2,eps
condition,13.215306762490624,3,4.405102254163541,1.921443278854444,0.13572641085559317,0.021535451450965783,0.8462893924883192
Error,137.55604350048293,60,2.292600725008049,,,,
