Source,SS,DF,MS,F,p-unc,ng2,eps
condition,19.94598467950482,3,6.648661559834941,2.6787971301709055,0.0536808884364475,0.0234715571098814,0.8390270664027601
Error,171.25509149673553,69,2.4819578477787756,,,,
