Source,SS,DF,MS,F,p-unc,ng2,eps
condition,332.0,3,110.66666666666667,1.5660377358490565,0.26430383723112966,0.2,0.6210479770064113
Error,636.0,9,70.66666666666667,,,,
