Source,SS,DF,MS,F,p-unc,ng2,eps
condition,181.83333333333346,3,60.61111111111115,0.4091272235175194,0.7469326283065325,0.013032934739759418,0.9031765192759249
Error,10222.166666666666,69,148.14734299516908,,,,
