Source,SS,DF,MS,F,p-unc,ng2,eps
condition,2.407612179044584,3,0.8025373930148613,0.6500863143252963,0.6025186770954865,0.13765496151245413,0.6925056978501399
Error,11.110580822840582,9,1.2345089803156202,,,,
