condition,count,mean,std,min,25%,50%,75%,max,sem
3 to 6,19.0,4.489291868090691,2.1981668274348154,1.7025719195592026,3.3427771888225712,4.019157808895713,5.1570529345832785,10.291566969130308,0.5042940558858826
4 to 6,18.0,5.457945763835248,3.0122447168171775,0.882981528898464,3.043867017716936,4.468302251894293,8.663600410382061,9.552465780316782,0.7099928886182593
5 to 6,8.0,4.497000854509936,3.0278913377839896,1.727372724587232,2.149381500428712,3.2071921737441187,6.314691242841919,9.806745918858772,1.0705212488215332
Cardinality6,14.0,4.710212463072656,2.444780559215998,1.8518066319529247,3.1028530079076555,4.277381176877825,5.435273213011623,9.606170970036066,0.6533950884594188
