condition,count,mean,std,min,25%,50%,75%,max,sem
3 to 6,23.0,170.43478260869566,19.28689165530102,140.0,152.0,172.0,188.0,208.0,4.021594912487377
4 to 6,22.0,167.8181818181818,22.37267969056895,136.0,149.0,166.0,188.0,204.0,4.769871336823917
5 to 6,22.0,173.8181818181818,17.137084165039678,140.0,160.0,176.0,183.0,204.0,3.6536386202328472
Cardinality6,22.0,173.0909090909091,15.377500852464047,144.0,165.0,172.0,180.0,204.0,3.2784941975043447
