condition,count,mean,std,min,25%,50%,75%,max,sem
3 to 6,19.0,469.4736842105263,26.10101833060804,432.0,448.0,472.0,490.0,508.0,5.987984275085427
4 to 6,18.0,471.3333333333333,25.932037872779958,436.0,447.0,468.0,499.0,508.0,6.112239943276362
5 to 6,8.0,462.5,19.588626437662384,432.0,451.0,464.0,468.0,496.0,6.925625294100575
Cardinality6,14.0,468.0,17.68093279822602,432.0,457.0,472.0,479.0,492.0,4.725428057824002
