condition,count,mean,std,min,25%,50%,75%,max,sem
3 to 6,11.0,3.66087399058092,2.0471813457228154,1.1604742819441298,2.2104349777186822,3.980752253192357,4.234673616663231,8.133320733807595,0.6172484001434014
4 to 6,13.0,3.2542367527301415,1.2808945911427134,1.1494144005209372,2.497264192241547,3.0459708150171885,4.2361273426797785,5.38626746128346,0.3552562405253489
5 to 6,12.0,3.1363390687035064,1.446737370442398,1.0853481374405598,2.2274899461440283,2.766190842876532,3.944322462321554,6.381926330559141,0.41763710513580504
Cardinality6,13.0,2.65503749392808,1.7745398046387186,0.5326106063089577,1.6372799402909508,2.427715255218802,3.300200128269519,7.495977087626352,0.4921687889212885
