Contrast,Coef,Std.Err.,z,P>|z|,P>|z| (adj)
3 to 6 - 4 to 6,-0.48897463231598987,0.3936915639321279,-1.2420246637550219,0.21422746230641065,0.618769722188534
3 to 6 - 5 to 6,-0.7872577729896085,0.3925070117616668,-2.0057164570288935,0.04488650836110186,0.24084601008296194
3 to 6 - Cardinality6,-0.6059027981160416,0.40777789393542746,-1.4858647492352484,0.13731489930367902,0.5221831208933898
4 to 6 - 5 to 6,-0.29828314067361866,0.39270212833225526,-0.7595658876115102,0.4475141161055185,0.8313588486330276
4 to 6 - Cardinality6,-0.11692816580005178,0.3998468981241226,-0.29243234435134796,0.7699560812617949,0.8799485064684416
5 to 6 - Cardinality6,0.1813549748735669,0.40401323617514046,0.44888374596457326,0.6535155219471465,0.8799485064684416
