Contrast,Coef,Std.Err.,z,P>|z|,P>|z| (adj)
3 to 6 - 4 to 6,-2.953789635182036,2.769169902478264,-1.0666697021871236,0.28612101317077165,0.8676427937611373
3 to 6 - 5 to 6,-1.66480841788472,2.806486722345528,-0.5932001760882561,0.5530471948056446,0.9821635534451758
3 to 6 - Cardinality6,-1.4994222250400422,2.8351631247826496,-0.5288662976508597,0.5968982028383851,0.9821635534451758
4 to 6 - 5 to 6,1.2889812172973159,2.7001079958661545,0.4773813563275012,0.6330905876409383,0.9821635534451758
4 to 6 - Cardinality6,1.4543674101419937,2.5957992612373757,0.5602773033569322,0.5752903061018602,0.9821635534451758
5 to 6 - Cardinality6,0.16538619284467782,2.725348068864141,0.060684429535492974,0.9516105322558428,0.9821635534451758
