Contrast,Coef,Std.Err.,z,P>|z|,P>|z| (adj)
3 to 6 - 4 to 6,-0.5109340108368285,0.3498747370941669,-1.4603341043720839,0.14419827339197622,0.5409438693144879
3 to 6 - 5 to 6,-0.6226355039888672,0.3494488087614588,-1.7817645628716152,0.07478763337984495,0.37273858393056114
3 to 6 - Cardinality6,-0.5261586213786178,0.36336371280139296,-1.4480219208520835,0.14761092007489585,0.5409438693144879
4 to 6 - 5 to 6,-0.1117014931520387,0.35199098603550755,-0.31734191380903903,0.7509841770005399,0.9845588076876031
4 to 6 - Cardinality6,-0.015224610541789252,0.36166878643018874,-0.04209545062503753,0.9664226068333257,0.9845588076876031
5 to 6 - Cardinality6,0.09647688261024945,0.36496633085584684,0.26434461059465664,0.791514388119458,0.9845588076876031
