Contrast,Coef,Std.Err.,z,P>|z|,P>|z| (adj)
3 to 6 - 4 to 6,-5.598764444764361,3.950484040062599,-1.417235049676506,0.15641421749079765,0.6396076944589293
3 to 6 - 5 to 6,-1.9901484782401253,4.038848706876225,-0.4927514305875968,0.6221882328027395,0.9109179745996258
3 to 6 - Cardinality6,-3.393981923475445,4.027520669843052,-0.8426975803969504,0.3993976007593827,0.8810282792745951
4 to 6 - 5 to 6,3.608615966524236,3.835120885311245,0.9409393013778166,0.34673596570944465,0.8810282792745951
4 to 6 - Cardinality6,2.2047825212889163,3.719956556613423,0.5926903950986212,0.5533883705711582,0.9109179745996258
5 to 6 - Cardinality6,-1.4038334452353198,3.8314648276724736,-0.36639601519926157,0.714069592737673,0.9109179745996258
