Contrast,Coef,Std.Err.,z,P>|z|,P>|z| (adj)
3 to 6 - 4 to 6,-0.29955923668194917,0.2659568233848581,-1.126345370159825,0.26001936063303477,0.8358192849618294
3 to 6 - 5 to 6,-0.03932537839826806,0.2733493355508417,-0.14386491307550198,0.8856071427161052,0.9612155864836742
3 to 6 - Cardinality6,-0.11809090006896834,0.26971466949435297,-0.4378364005575189,0.6615048818872507,0.9612155864836742
4 to 6 - 5 to 6,0.2602338582836811,0.25354115410800016,1.0263969145333705,0.30470453181607304,0.8375023840534626
4 to 6 - Cardinality6,0.18146833661298084,0.24874066739236164,0.7295483224169937,0.46566632021398746,0.9184826229912754
5 to 6 - Cardinality6,-0.07876552167070028,0.2556316026396975,-0.30812122154441574,0.7579900938220914,0.9612155864836742
