Contrast,Coef,Std.Err.,z,P>|z|,P>|z| (adj)
3 to 6 - 4 to 6,-0.05889124326057719,0.5366690933519543,-0.1097347396936003,0.9126197484857947,0.9997417137207106
3 to 6 - 5 to 6,0.07102416369701525,0.5392843449498073,0.13170077040457326,0.8952209761322201,0.9997417137207106
3 to 6 - Cardinality6,-0.11088896803938925,0.5417609154835322,-0.2046824805374132,0.8378202091228291,0.9997417137207106
4 to 6 - 5 to 6,0.12991540695759243,0.5357231387469481,0.24250475210285571,0.8083890750906741,0.9997417137207106
4 to 6 - Cardinality6,-0.05199772477881206,0.5368676315272642,-0.09685390164218051,0.9228424177823773,0.9997417137207106
5 to 6 - Cardinality6,-0.1819131317364045,0.5353822282658749,-0.3397817897796657,0.7340208625367732,0.9996459330092028
