Contrast,Coef,Std.Err.,z,P>|z|,P>|z| (adj)
3 to 6 - 4 to 6,-0.4937239927135101,0.5684905143398771,-0.8684823761515444,0.38513031617783544,0.38513031617783544
3 to 6 - 5 to 6,2.1393150598535664,0.5620927758123021,3.805982129483801,0.00014124258136805068,0.0007060134403474902
3 to 6 - Cardinality6,1.271247261897354,0.5630460472187072,2.257803368262625,0.02395792114317863,0.07016556888817387
4 to 6 - 5 to 6,2.6330390525670766,0.571456740215047,4.607591209049748,4.073605325283225e-06,2.4441383039146122e-05
4 to 6 - Cardinality6,1.764971254610864,0.5640048981244921,3.1293544798635495,0.001751908230396726,0.006989239325184596
5 to 6 - Cardinality6,-0.8680677979562124,0.5644889608588203,-1.5377941078520359,0.12409896472431936,0.2327973764029908
