Contrast,Coef,Std.Err.,z,P>|z|,P>|z| (adj)
3 to 6 - 4 to 6,-4.049224541354274,3.314447936738346,-1.2216889867152358,0.22182526265518954,0.7779438700278012
3 to 6 - 5 to 6,-4.063202577049992,3.328787906806178,-1.2206252518348195,0.22222794087534314,0.7779438700278012
3 to 6 - Cardinality6,-2.965379770141633,3.3423746078552514,-0.8872074851132471,0.37496720327460054,0.8473800788017674
4 to 6 - 5 to 6,-0.013978035695718205,3.309262998999114,-0.0042239120009337,0.9966298158497535,0.9966298158497535
4 to 6 - Cardinality6,1.083844771212641,3.31553628878591,0.32689878101425496,0.7437444430923379,0.9824122912563075
5 to 6 - Cardinality6,1.097822806908359,3.3073946635874183,0.33192978721129945,0.7399422773933986,0.9824122912563075
