Contrast,Coef,Std.Err.,z,P>|z|,P>|z| (adj)
3 to 6 - 4 to 6,3.150229216653938,3.6671742064751456,0.8590345152110757,0.3903214738840708,0.7733776722078227
3 to 6 - 5 to 6,-2.651513563495922,3.6563184873532797,-0.725186706975105,0.4683374967519607,0.7733776722078227
3 to 6 - Cardinality6,-4.818678008274136,3.7963061964680627,-1.2693069944561504,0.20433159268761925,0.5991993127941244
4 to 6 - 5 to 6,-5.80174278014986,3.6581065787368456,-1.5859961035233747,0.11274019345689545,0.4501375780116412
4 to 6 - Cardinality6,-7.968907224928074,3.7235925752737606,-2.1401125563105396,0.03234567158939772,0.17904101272807324
5 to 6 - Cardinality6,-2.1671644447782143,3.7617880150472507,-0.5760995665118555,0.5645478844454916,0.7733776722078227
