Contrast,Coef,Std.Err.,z,P>|z|,P>|z| (adj)
3 to 6 - 4 to 6,-0.7455845865057456,2.545167486242034,-0.29294126635516976,0.7695670457516619,0.9998502842375926
3 to 6 - 5 to 6,-0.1410337506332399,2.5738933383775486,-0.0547939374683414,0.9563026303476672,0.9998502842375926
3 to 6 - Cardinality6,-0.2758170737609339,2.5509741985777774,-0.10812225145777947,0.9138987175128541,0.9998502842375926
4 to 6 - 5 to 6,0.6045508358725057,2.5649156542874736,0.2357000842744859,0.8136654044939324,0.9998502842375926
4 to 6 - Cardinality6,0.46976751274481165,2.556449925240886,0.183757760363934,0.8542034941268362,0.9998502842375926
5 to 6 - Cardinality6,-0.134783323127694,2.6079973331317077,-0.05168077490548847,0.9587830561684465,0.9998502842375926
