Contrast,Coef,Std.Err.,z,P>|z|,P>|z| (adj)
3 to 6 - 4 to 6,0.44807717482646636,0.40099093337514974,1.1174247034839184,0.2638127775351258,0.8408049160114592
3 to 6 - 5 to 6,0.054354633138033785,0.5020635588896266,0.10826245437578766,0.913787504584026,0.9801761107136856
3 to 6 - Cardinality6,0.1486839937859477,0.41165982009472385,0.36118170034601677,0.7179636211279428,0.9775655519000721
4 to 6 - 5 to 6,-0.39372254168843257,0.5187728786218273,-0.7589497406541306,0.44788262245008204,0.9486953082618961
4 to 6 - Cardinality6,-0.29939318104051865,0.4323556235880821,-0.6924697279426607,0.4886423902218051,0.9486953082618961
5 to 6 - Cardinality6,0.09432936064791392,0.5317648671762136,0.17738923059889836,0.8592026659119059,0.9801761107136856
