Contrast,A,B,Paired,Parametric,T,dof,alternative,p-unc,p-corr,p-adjust,BF10,cohen,ci_lower,ci_upper
condition,3 to 6,4 to 6,True,True,-0.38837866680189276,3.0,two-sided,0.7236573530670188,0.8683888236804226,fdr_bh,0.455,-0.3552016670837363,-0.9083403571473069,0.5347966733284927
condition,3 to 6,5 to 6,True,True,0.17407765595569785,3.0,two-sided,0.8728885715695383,0.8728885715695383,fdr_bh,0.433,0.10388150415966654,-0.7058093245605601,0.8330823805347862
condition,3 to 6,Cardinality6,True,True,-3.0,3.0,two-sided,0.05766888562243731,0.3460133137346239,fdr_bh,2.162,-1.3466376037453043,-1.1009166498510043,0.3760357270563674
condition,4 to 6,5 to 6,True,True,0.47140452079103173,3.0,two-sided,0.6695150092046583,0.8683888236804226,fdr_bh,0.468,0.4232073695151589,-0.5380485622560642,1.1759958517604923
condition,4 to 6,Cardinality6,True,True,-1.260252075625209,3.0,two-sided,0.2966893667984968,0.5933787335969936,fdr_bh,0.724,-0.9332565252573827,-0.7672896489056685,0.5792933001770729
condition,5 to 6,Cardinality6,True,True,-1.6666666666666667,3.0,two-sided,0.19417134561205843,0.5825140368361753,fdr_bh,0.952,-1.2632278815997784,-1.012751038722457,0.44636594074765956
