Contrast,A,B,Paired,Parametric,T,dof,alternative,p-unc,p-corr,p-adjust,BF10,cohen,ci_lower,ci_upper
condition,3 to 6,4 to 6,True,True,-0.23639275742555216,3.0,two-sided,0.828348850430559,0.828348850430559,fdr_bh,0.438,-0.16535305079849433,-0.6102580128623565,0.9373220867777918
condition,3 to 6,5 to 6,True,True,0.5009465747342213,3.0,two-sided,0.6508552393154234,0.7810262871785081,fdr_bh,0.474,0.4725021615857512,-1.014933037221037,1.0845743551417435
condition,3 to 6,Cardinality6,True,True,2.232541412462427,3.0,two-sided,0.11173243016919027,0.45718874679667604,fdr_bh,1.379,1.0017347514963477,-0.47728598556654767,1.8584627556012503
condition,4 to 6,5 to 6,True,True,1.1554617624775267,3.0,two-sided,0.331573313875935,0.66314662775187,fdr_bh,0.676,0.5613975587795433,-0.9729856733866669,0.8777539636230791
condition,4 to 6,Cardinality6,True,True,1.908196452179662,3.0,two-sided,0.15239624893222534,0.45718874679667604,fdr_bh,1.118,0.9743461421390412,-0.016889007126463795,2.4031589806406806
condition,5 to 6,Cardinality6,True,True,0.5567496191154578,3.0,two-sided,0.6165347632386277,0.7810262871785081,fdr_bh,0.484,0.40513392377959656,-1.26393065255962,0.6314436136209473
