Contrast,A,B,Paired,Parametric,T,dof,alternative,p-unc,p-corr,p-adjust,BF10,cohen,ci_lower,ci_upper
condition,3 to 6,4 to 6,True,True,-0.8362695410964192,5.0,two-sided,0.44112476172687753,0.7190684398380874,fdr_bh,0.491,-0.2970027352384431,-0.8694799714783308,0.2236718640470387
condition,3 to 6,5 to 6,True,True,-0.6421955922364873,5.0,two-sided,0.5490281962628679,0.7190684398380874,fdr_bh,0.441,-0.2893301911239391,-0.6707055925315919,1.0135768457885133
condition,3 to 6,Cardinality6,True,True,0.5606568979434984,5.0,two-sided,0.5992236998650728,0.7190684398380874,fdr_bh,0.424,0.28807571656030617,-0.7682752300563689,0.44803460516088434
condition,4 to 6,5 to 6,True,True,-0.21126346837997523,5.0,two-sided,0.8410225225248658,0.8410225225248658,fdr_bh,0.38,-0.04695159353733553,-0.5589402548678426,1.149112396285304
condition,4 to 6,Cardinality6,True,True,1.0771123373214606,5.0,two-sided,0.3306314127253118,0.7190684398380874,fdr_bh,0.577,0.45774495634958073,-0.26339974898720964,1.0563304765932044
condition,5 to 6,Cardinality6,True,True,1.2291054656164544,5.0,two-sided,0.2737165597684801,0.7190684398380874,fdr_bh,0.647,0.4277667282643806,-0.6117554189579428,1.6153158292333585
