Contrast,A,B,Paired,Parametric,T,dof,alternative,p-unc,p-corr,p-adjust,BF10,cohen,ci_lower,ci_upper
condition,3 to 6,4 to 6,True,True,0.8571904412799287,5.0,two-sided,0.4304989847512687,0.8662451415125993,fdr_bh,0.498,0.6072327094465759,-0.6366762366654153,0.4318396140657396
condition,3 to 6,5 to 6,True,True,1.2719445255847888,5.0,two-sided,0.25933941176389996,0.8662451415125993,fdr_bh,0.67,0.8306316227273175,-0.5391543428099322,1.17456013277243
condition,3 to 6,Cardinality6,True,True,0.7624928516630234,5.0,two-sided,0.48017058198444573,0.8662451415125993,fdr_bh,0.47,0.5210029582631948,-0.5400937491832065,0.669763583199007
condition,4 to 6,5 to 6,True,True,0.1112485398724962,5.0,two-sided,0.9157470637303634,0.9157470637303634,fdr_bh,0.375,0.06583793529151902,-0.5882750239857424,1.112211855981326
condition,4 to 6,Cardinality6,True,True,-0.37667522147662025,5.0,two-sided,0.7218709512604995,0.8662451415125993,fdr_bh,0.396,-0.13659978557129046,-0.5768326580448513,0.6950155239832434
condition,5 to 6,Cardinality6,True,True,-0.44868107637730414,5.0,two-sided,0.672438352324607,0.8662451415125993,fdr_bh,0.406,-0.2643109521777679,-1.2413750939616426,0.875028529172602
