Contrast,A,B,Paired,Parametric,T,dof,alternative,p-unc,p-corr,p-adjust,BF10,cohen,ci_lower,ci_upper
condition,3 to 6,4 to 6,True,True,-1.0649803566326557,23.0,two-sided,0.29793791857564095,0.8638595852036557,fdr_bh,0.357,-0.28028937551631516,-0.6446108317531127,0.20983442178023598
condition,3 to 6,5 to 6,True,True,-1.023958481132027,23.0,two-sided,0.3165046748675305,0.8638595852036557,fdr_bh,0.343,-0.26279355358956435,-0.6358645663242176,0.2178352668960939
condition,3 to 6,Cardinality6,True,True,-0.4411060697571733,23.0,two-sided,0.6632549401079819,0.8638595852036557,fdr_bh,0.235,-0.14060425472184093,-0.5131583507199936,0.33307755182839405
condition,4 to 6,5 to 6,True,True,0.10072520453395757,23.0,two-sided,0.9206414975761805,0.9206414975761805,fdr_bh,0.216,0.029310519088027044,-0.4017471438795909,0.44286803643720196
condition,4 to 6,Cardinality6,True,True,0.4812220984270139,23.0,two-sided,0.6349052513825019,0.8638595852036557,fdr_bh,0.239,0.13424067605399514,-0.3250512895590419,0.5215093885753032
condition,5 to 6,Cardinality6,True,True,0.3630498004311849,23.0,two-sided,0.7198829876697131,0.8638595852036557,fdr_bh,0.228,0.11133544227248157,-0.3487350934177356,0.4969495537970135
