Source,SS,DF,MS,F,p-unc,ng2,eps
condition,905.3333333333297,2,452.66666666666487,2.1308500477554833,0.13030921126639544,0.03573308072834425,0.9331596842496714
Error,9772.000000000002,46,212.43478260869568,,,,
