Source,SS,DF,MS,F,p-unc,p-GG-corr,ng2,eps,sphericity,W-spher,p-spher
condition,65.77777777777793,2,32.888888888888964,0.6445993031358898,0.5453614461679676,0.47305621488394567,0.05153203342618397,0.5628527695398449,False,0.22333644939236816,0.049879169627189836
Error,510.2222222222224,10,51.02222222222224,,,,,,,,
