condition,count,mean,std,min,25%,50%,75%,max,sem
Small Ratio 0.33 (1:3),14.0,104.28571428571429,15.881428783953295,84.0,85.0,110.0,120.0,120.0,4.24449038014308
Small Ratio 0.5 (1:2),13.0,100.61538461538461,15.903555480554557,84.0,84.0,100.0,120.0,120.0,4.410852672871216
Small Ratio 0.67 (2:3),10.0,106.0,14.142135623730951,84.0,97.0,112.0,118.0,120.0,4.47213595499958
