condition,count,mean,std,min,25%,50%,75%,max,sem
Small Ratio 0.33 (1:3),21.0,470.4761904761905,31.735814228752737,420.0,444.0,476.0,480.0,532.0,6.925322425919808
Small Ratio 0.5 (1:2),21.0,486.6666666666667,33.113944696054155,424.0,464.0,492.0,512.0,532.0,7.226055148964267
Small Ratio 0.67 (2:3),19.0,484.0,32.16623488483952,436.0,456.0,488.0,512.0,532.0,7.379440381958329
