Contrast,Coef,Std.Err.,z,P>|z|,P>|z| (adj)
Small Ratio 0.33 (1:3) - Small Ratio 0.5 (1:2),-0.4983205483506675,0.344645465169283,-1.4458932401907634,0.1482071482231455,0.2918578368535468
Small Ratio 0.33 (1:3) - Small Ratio 0.67 (2:3),0.07007740363957622,0.3474433845220544,0.20169445371934536,0.8401555987862364,0.8401555987862364
Small Ratio 0.5 (1:2) - Small Ratio 0.67 (2:3),0.5683979519902438,0.35431531182499626,1.6042150396000594,0.10866666074686049,0.2918578368535468
