Contrast,Coef,Std.Err.,z,P>|z|,P>|z| (adj)
Small Ratio 0.33 (1:3) - Small Ratio 0.5 (1:2),-0.13283481203882502,0.2996678144631794,-0.44327353698889344,0.6575678943540324,0.8827402530228688
Small Ratio 0.33 (1:3) - Small Ratio 0.67 (2:3),-0.26246659849920057,0.326532204977539,-0.8038000371732238,0.42151246830862843,0.8064104061218612
Small Ratio 0.5 (1:2) - Small Ratio 0.67 (2:3),-0.12963178646037554,0.33538030447516776,-0.3865217626993172,0.6991102882456872,0.8827402530228688
