Contrast,Coef,Std.Err.,z,P>|z|,P>|z| (adj)
Small Ratio 0.33 (1:3) - Small Ratio 0.5 (1:2),-12.550862717684677,8.71580268586039,-1.4400122593465645,0.1498639306857914,0.385580022546045
Small Ratio 0.33 (1:3) - Small Ratio 0.67 (2:3),-12.221649894577567,8.74486741315614,-1.3975797821921019,0.16223929313396024,0.385580022546045
Small Ratio 0.5 (1:2) - Small Ratio 0.67 (2:3),0.32921282310710964,8.753032706358391,0.03761128675641328,0.9699976087600755,0.9699976087600755
