Contrast,Coef,Std.Err.,z,P>|z|,P>|z| (adj)
Small Ratio 0.33 (1:3) - Small Ratio 0.5 (1:2),0.4179173717921185,4.60902428411329,0.09067371878091977,0.9277518539615319,0.9277518539615319
Small Ratio 0.33 (1:3) - Small Ratio 0.67 (2:3),-5.684870073037914,5.02385802460354,-1.1315745877365906,0.2578133288966846,0.5266202572064824
Small Ratio 0.5 (1:2) - Small Ratio 0.67 (2:3),-6.102787444830032,4.982596677748768,-1.2248206787604945,0.2206427919052416,0.5266202572064824
