Contrast,A,B,Paired,Parametric,T,dof,alternative,p-unc,p-corr,p-adjust,BF10,cohen,ci_lower,ci_upper
condition,Small Ratio 0.33 (1:3),Small Ratio 0.5 (1:2),True,True,0.24061977281402747,23.0,two-sided,0.8119817053086598,0.8537823910786174,fdr_bh,0.22,0.06208084146651795,-0.3734012523085407,0.47163386321167056
condition,Small Ratio 0.33 (1:3),Small Ratio 0.67 (2:3),True,True,0.45454146359124287,23.0,two-sided,0.6537000813622389,0.8537823910786174,fdr_bh,0.236,0.1093833155856281,-0.33038788297902916,0.5159536584350963
condition,Small Ratio 0.5 (1:2),Small Ratio 0.67 (2:3),True,True,0.18637809303699035,23.0,two-sided,0.8537823910786174,0.8537823910786174,fdr_bh,0.218,0.055843750596280065,-0.3843714622471379,0.460460000109404
