Contrast,A,B,Paired,Parametric,T,dof,alternative,p-unc,p-corr,p-adjust,BF10,cohen,ci_lower,ci_upper
condition,Small Ratio 0.33 (1:3),Small Ratio 0.5 (1:2),True,True,1.0421679410893154,17.0,two-sided,0.31192882129904065,0.467893231948561,fdr_bh,0.39,0.22030111104100383,-0.2325320263220947,0.7472701369636632
condition,Small Ratio 0.33 (1:3),Small Ratio 0.67 (2:3),True,True,2.223728368952494,17.0,two-sided,0.040009236219351325,0.12002770865805398,fdr_bh,1.718,0.41602807851702833,-0.07772980800358698,0.8407178965434566
condition,Small Ratio 0.5 (1:2),Small Ratio 0.67 (2:3),True,True,0.7212739659518446,17.0,two-sided,0.4805438626503873,0.4805438626503873,fdr_bh,0.306,0.14227806794882833,-0.330862665889336,0.6708744741679121
