Contrast,A,B,Paired,Parametric,T,dof,alternative,p-unc,p-corr,p-adjust,BF10,cohen,ci_lower,ci_upper
condition,Small Ratio 0.33 (1:3),Small Ratio 0.5 (1:2),True,True,-1.6527231846311259,17.0,two-sided,0.11673464033839259,0.1751019605075889,fdr_bh,0.76,-0.3319325268269778,-0.8308636984108885,0.15986055495067397
condition,Small Ratio 0.33 (1:3),Small Ratio 0.67 (2:3),True,True,0.8383349769021217,17.0,two-sided,0.41347517711394555,0.41347517711394555,fdr_bh,0.331,0.20110302538287095,-0.15776181472973266,0.7480969090190528
condition,Small Ratio 0.5 (1:2),Small Ratio 0.67 (2:3),True,True,3.0872139233364617,17.0,two-sided,0.006685158475564438,0.020055475426693316,fdr_bh,7.395,0.5631972665904835,0.1684080618247532,1.2869185382850723
