Contrast,A,B,Paired,Parametric,T,dof,alternative,p-unc,p-corr,p-adjust,BF10,cohen,ci_lower,ci_upper
condition,Small Ratio 0.33 (1:3),Small Ratio 0.5 (1:2),True,True,-0.3621830801921241,5.0,two-sided,0.7320195634881435,0.7320195634881435,fdr_bh,0.394,-0.09993713713190423,-0.45886580496333285,0.997566262954359
condition,Small Ratio 0.33 (1:3),Small Ratio 0.67 (2:3),True,True,3.748063968260892,5.0,two-sided,0.013320278164331916,0.026020956563454628,fdr_bh,5.562,1.3000753812702555,-0.16660454361375232,2.0588578543266607
condition,Small Ratio 0.5 (1:2),Small Ratio 0.67 (2:3),True,True,3.496606426553,5.0,two-sided,0.01734730437563642,0.026020956563454628,fdr_bh,4.564,1.2866964087259019,0.19596005372518843,2.509929183419005
