Contrast,A,B,Paired,Parametric,T,dof,alternative,p-unc,p-corr,p-adjust,BF10,cohen,ci_lower,ci_upper
condition,Small Ratio 0.33 (1:3),Small Ratio 0.5 (1:2),True,True,-0.7667809098842373,16.0,two-sided,0.45437780637104985,0.6177218763376731,fdr_bh,0.323,-0.27028538033882127,-0.7395403697963929,0.23938419013085072
condition,Small Ratio 0.33 (1:3),Small Ratio 0.67 (2:3),True,True,-1.2809766432631011,16.0,two-sided,0.21845846688029608,0.6177218763376731,fdr_bh,0.501,-0.4114353484173074,-0.869224143906635,0.12735245384337945
condition,Small Ratio 0.5 (1:2),Small Ratio 0.67 (2:3),True,True,-0.5089672082242814,16.0,two-sided,0.6177218763376731,0.6177218763376731,fdr_bh,0.279,-0.1248208706196144,-0.6395501964738919,0.39266483653454487
