Contrast,A,B,Paired,Parametric,T,dof,alternative,p-unc,p-corr,p-adjust,BF10,cohen,ci_lower,ci_upper
condition,Small Ratio 0.33 (1:3),Small Ratio 0.5 (1:2),True,True,0.7665805471861368,17.0,two-sided,0.45384534614025807,0.45384534614025807,fdr_bh,0.315,0.19391807507309464,-0.3233729758381655,0.6468810917485696
condition,Small Ratio 0.33 (1:3),Small Ratio 0.67 (2:3),True,True,2.3120602880981957,17.0,two-sided,0.0335683707047045,0.050352556057056755,fdr_bh,1.974,0.6358287698331817,-0.14609379518260973,0.761396576673173
condition,Small Ratio 0.5 (1:2),Small Ratio 0.67 (2:3),True,True,3.275221249901732,17.0,two-sided,0.004462447967877736,0.013387343903633208,fdr_bh,10.39,0.5487987578597017,0.20542308310718638,1.3385310206873433
