Contrast,A,B,Paired,Parametric,T,dof,alternative,p-unc,p-corr,p-adjust,BF10,cohen,ci_lower,ci_upper
condition,Small Ratio 0.33 (1:3),Small Ratio 0.5 (1:2),True,True,-0.25586868360662407,5.0,two-sided,0.8082452987032989,0.8082452987032989,fdr_bh,0.384,-0.08666226415694622,-0.40752429161165526,1.0608623463486004
condition,Small Ratio 0.33 (1:3),Small Ratio 0.67 (2:3),True,True,1.9382670982262755,5.0,two-sided,0.11031547882997873,0.1654732182449681,fdr_bh,1.186,1.026880158130484,-0.25020354129041467,1.8868229221398378
condition,Small Ratio 0.5 (1:2),Small Ratio 0.67 (2:3),True,True,3.076310500439072,5.0,two-sided,0.02758508094308629,0.08275524282925888,fdr_bh,3.233,1.4220328174344403,0.21536066060227643,2.556429980447003
