Contrast,A,B,Paired,Parametric,T,dof,alternative,p-unc,p-corr,p-adjust,BF10,cohen,ci_lower,ci_upper
condition,Small Ratio 0.33 (1:3),Small Ratio 0.5 (1:2),True,True,2.087773428024512,16.0,two-sided,0.053166498925160996,0.1527213672600098,fdr_bh,1.403,0.3622816769065312,-0.10847743483225364,0.8917743390291801
condition,Small Ratio 0.33 (1:3),Small Ratio 0.67 (2:3),True,True,-0.06974182588673782,16.0,two-sided,0.9452633747824637,0.9452633747824637,fdr_bh,0.25,-0.013841843798494529,-0.5138112567943351,0.4504001119918011
condition,Small Ratio 0.5 (1:2),Small Ratio 0.67 (2:3),True,True,-1.7357947511168623,16.0,two-sided,0.10181424484000652,0.1527213672600098,fdr_bh,0.858,-0.32426831102295406,-0.9574424823685357,0.11545835257470721
