Source,SS,DF,MS,F,p-unc,ng2,eps
condition,25.3920471630422,4,6.34801179076055,1.2114904897989331,0.35615171718414124,0.1136107863208405,0.5104336442157771
Error,62.87803505727007,12,5.239836254772506,,,,
