condition,count,mean,std,min,25%,50%,75%,max,sem
5a3,24.0,469.0,13.041739014477292,452.0,459.0,468.0,480.0,488.0,2.6621338286681127
5b3,23.0,470.0869565217391,13.849558717874078,452.0,456.0,472.0,480.0,488.0,2.8878326210065657
5c3,24.0,472.0,13.956454015818352,452.0,459.0,472.0,485.0,488.0,2.848849246447678
5d3,24.0,468.1666666666667,12.171480088149998,452.0,459.0,470.0,480.0,488.0,2.484492969201094
5e3,19.0,471.1578947368421,12.6897296963364,452.0,462.0,472.0,484.0,488.0,2.9112236509040743
