condition,count,mean,std,min,25%,50%,75%,max,sem
5a3,19.0,103.57894736842105,14.104041144586438,80.0,92.0,108.0,116.0,120.0,3.2356889497258954
5b3,9.0,92.0,13.114877048604,80.0,84.0,84.0,100.0,116.0,4.371625682868
5c3,16.0,101.75,12.979470970215491,80.0,91.0,106.0,112.0,120.0,3.244867742553873
5d3,9.0,105.33333333333333,13.114877048604002,84.0,96.0,104.0,116.0,120.0,4.371625682868
5e3,9.0,96.88888888888889,14.52966314513558,80.0,88.0,92.0,112.0,120.0,4.843221048378526
