condition,count,mean,std,min,25%,50%,75%,max,sem
5a3,24.0,102.83333333333333,13.62755095119942,80.0,92.0,106.0,112.0,124.0,2.7817121895181764
5b3,23.0,100.69565217391305,13.137160280561174,80.0,90.0,100.0,112.0,124.0,2.739287278275089
5c3,24.0,105.5,14.770711324898278,80.0,95.0,108.0,118.0,124.0,3.015058823662472
5d3,24.0,102.0,16.0,80.0,87.0,102.0,116.0,124.0,3.2659863237109046
5e3,19.0,101.26315789473684,15.494952960608238,80.0,88.0,96.0,116.0,124.0,3.554786004747772
