condition,count,mean,std,min,25%,50%,75%,max,sem
5a3,24.0,-4.146605177541225,3.362329403918287,-9.353017883972589,-6.3322825899537625,-4.525902864023422,-2.519099761528853,2.698977980398312,0.6863326155630102
5b3,23.0,-5.028674993253474,3.9407640737277534,-14.116976647981613,-8.343676896690647,-4.231009885622813,-1.6999961503909367,0.915528201488046,0.8217061117705134
5c3,24.0,-5.790984222636502,4.764477249467259,-18.36983548315076,-8.5437981207646,-4.55921345972212,-2.6849226081799333,0.2183318264041989,0.9725448460244882
5d3,24.0,-3.5573294405451246,3.5723688353522656,-9.852730469013832,-7.514642514487926,-2.9641071270737767,-0.5667945723970534,1.930430935656492,0.7292067349694719
5e3,19.0,-6.215263615994735,5.408428742284934,-22.3210379668732,-8.344838193479202,-5.970768488680446,-3.3466387252597087,2.4500329417686437,1.2407786489979378
