condition,count,mean,std,min,25%,50%,75%,max,sem
5a3,18.0,3.6416679276669757,3.100271205747152,0.1018948504579285,1.0660674027870485,3.1099124548207104,5.312361157903309,11.744592245867484,0.7307409310337349
5b3,11.0,4.1113423019254505,2.4089765586599583,1.754715611038442,2.6560023168874802,3.61564562416827,4.003426729290021,8.790142111891015,0.7263337612578779
5c3,18.0,4.652140378296959,2.8217313041820233,0.9579634373909552,2.422892866349903,3.949023086447947,6.307495221729552,10.412636213078802,0.6650884466244898
5d3,18.0,5.895901954995907,2.440291068738191,1.6991124634893342,4.58931453559307,5.447580325734453,7.952555957167092,10.210266994972674,0.5751821209245807
5e3,10.0,5.1872641722437915,3.626011767330256,0.665749771220862,2.7601794828274326,5.096855425059198,5.715237331933754,13.297870113395648,1.146645600733613
