Source,SS,DF,MS,F,p-unc,ng2,eps
condition,12.348622816759615,4,3.087155704189904,1.7367657107201058,0.23462135961764746,0.41527005363878816,0.4126874266449491
Error,14.220251747876313,8,1.7775314684845391,,,,
