Source,SS,DF,MS,F,p-unc,p-GG-corr,ng2,eps,sphericity,W-spher,p-spher
condition,23.345230158243808,4,5.836307539560952,2.611401815655643,0.04495143930289166,0.07786774344266234,0.06107228819974056,0.6107757713946178,False,0.0608789080744621,7.635530132186517e-05
Error,125.1562361089021,56,2.234932787658966,,,,,,,,
