Source,SS,DF,MS,F,p-unc,ng2,eps
condition,8.202501995116044,4,2.050625498779011,0.4142763603617781,0.7952140091417848,0.11873308720361613,0.4366941743809782
Error,59.398769371872824,12,4.949897447656069,,,,
