Source,SS,DF,MS,F,p-unc,p-GG-corr,ng2,eps,sphericity,W-spher,p-spher
condition,4646.063157894742,4,1161.5157894736856,1.6565625562976665,0.16953673793420185,0.1902567453840082,0.04374522284913247,0.7085747696497248,False,0.35524783018971473,0.049922817253986056
Error,50483.53684210529,72,701.160233918129,,,,,,,,
