Source,SS,DF,MS,F,p-unc,ng2,eps
condition,125.27299846618618,3,41.75766615539539,8.712093037198109,5.5999374359107045e-05,0.09739619141251421,0.8875566924804078
Error,330.7217855020667,69,4.793069355102416,,,,
