Source,SS,DF,MS,F,p-unc,ng2,eps
condition,84.38784796366983,3,28.129282654556608,5.866467826524794,0.003742937987701232,0.24283332166026694,0.5846854665521988
Error,115.07823850272084,24,4.794926604280035,,,,
