Source,SS,DF,MS,F,p-unc,ng2,eps
condition,819.5555555555518,3,273.1851851851839,0.15237465655793517,0.9271388997908176,0.009810389223468281,0.8309211251217068
Error,43028.44444444443,24,1792.8518518518513,,,,
