Source,SS,DF,MS,F,p-unc,ng2,eps
condition,154.75058000415441,3,51.58352666805147,1.8492812346431435,0.23893046966906054,0.4103957560427666,0.49394045505555867
Error,167.36294848524398,6,27.893824747540663,,,,
