Source,SS,DF,MS,F,p-unc,p-GG-corr,ng2,eps,sphericity,W-spher,p-spher
condition,34.668365898010805,3,11.556121966003602,0.3239264017255072,0.8080326859281498,0.6803200025407614,0.0036380428999138255,0.5397705820307591,False,0.04278722419549307,4.429308344471957e-10
Error,1926.4579325429404,54,35.67514689894334,,,,,,,,
