Source,SS,DF,MS,F,p-unc,p-GG-corr,ng2,eps,sphericity,W-spher,p-spher
condition,149.51191042005092,3,49.83730347335031,11.316104941995864,3.99958408624277e-06,6.486887354233954e-05,0.17819290424323753,0.7118888604722136,False,0.5186900635884151,0.014141358008380034
Error,303.8831786456252,69,4.404104038342394,,,,,,,,
