Source,SS,DF,MS,F,p-unc,ng2,eps
condition,5.333333333333295,3,1.777777777777765,0.017021276595744556,0.9966426734591163,0.006993006993006943,0.35815968506592477
Error,626.6666666666667,6,104.44444444444446,,,,
