Source,SS,DF,MS,F,p-unc,ng2,eps
condition,3690.666666666665,3,1230.2222222222217,6.495001020199957,0.0006180140009932989,0.13542074363992168,0.9237158944787747
Error,13069.333333333334,69,189.41062801932367,,,,
