Source,SS,DF,MS,F,p-unc,ng2,eps
condition,77.84920340831881,3,25.949734469439605,10.111756067241092,0.0030566543984506802,0.5083658052109642,0.45431871674061375
Error,23.096642034470868,9,2.566293559385652,,,,
