Source,SS,DF,MS,F,p-unc,ng2,eps
condition,5.948839984626823,3,1.9829466615422744,0.8480347898780394,0.5161326261756185,0.25003419183384823,0.4146429871203904
Error,14.029707402646439,6,2.3382845671077397,,,,
