Source,SS,DF,MS,F,p-unc,ng2,eps
condition,238.06577815210727,3,79.35525938403576,1.206202662173571,0.36203838727372695,0.19671048429963564,0.4992929316130844
Error,592.1039281818048,9,65.78932535353387,,,,
