Source,SS,DF,MS,F,p-unc,ng2,eps
condition,32.49491503318006,3,10.831638344393353,7.480208108095759,0.008129191417718774,0.4491908833278571,0.5433281752858867
Error,13.032357347656323,9,1.448039705295147,,,,
