condition,count,mean,std,min,25%,50%,75%,max,sem
1 to 1,24.0,178.66666666666666,19.11672763216338,144.0,172.0,178.0,188.0,208.0,3.9021856875469947
1 to 2,24.0,172.33333333333334,19.08941583971205,144.0,163.0,166.0,183.0,208.0,3.8966106912581155
1 to 3,24.0,170.66666666666666,22.617166751917846,144.0,154.0,168.0,191.0,208.0,4.616709830803292
1 to 4,24.0,175.0,17.859353900383137,144.0,163.0,170.0,189.0,208.0,3.645525349310271
