condition,count,mean,std,min,25%,50%,75%,max,sem
1 to 1,10.0,101.2,10.674996747332317,88.0,90.0,102.0,112.0,112.0,3.37573037364591
1 to 2,12.0,102.0,9.105442927671938,88.0,96.0,100.0,112.0,112.0,2.6285149626910838
1 to 3,17.0,103.05882352941177,9.74981146122384,88.0,96.0,104.0,112.0,112.0,2.3646766167343274
1 to 4,13.0,101.53846153846153,10.775089981181786,88.0,92.0,100.0,112.0,112.0,2.988472263453019
