condition,count,mean,std,min,25%,50%,75%,max,sem
1 to 1,13.0,79.5071703687537,9.350276225567779,65.01851554090014,76.39000649265682,81.61262696874479,84.71499580607477,92.72927677773994,2.5933000285412717
1 to 2,13.0,80.27590901840357,8.91299290535548,65.01851554090014,76.39000649265682,80.36743076508819,87.4879099093313,92.72927677773994,2.4720194567773817
1 to 3,10.0,78.6168266840219,8.424209220171965,64.79243837855566,75.13868445982172,79.30748068879237,81.77145301524797,91.72374192458854,2.6639688621534283
1 to 4,14.0,80.8913179332333,5.986072661890623,64.45110567326257,79.581410168265,81.0718617415342,82.44672115626574,92.94583436249776,1.5998452137949004
