condition,count,mean,std,min,25%,50%,75%,max,sem
1 to 1,14.0,105.14285714285714,7.754474071906367,88.0,101.0,106.0,112.0,112.0,2.07247037083539
1 to 2,12.0,99.33333333333333,9.773185331055148,88.0,92.0,96.0,109.0,112.0,2.8212755908623954
1 to 3,7.0,104.0,8.32666399786453,92.0,98.0,104.0,112.0,112.0,3.1471831698777737
1 to 4,11.0,103.27272727272727,7.963553341202771,88.0,98.0,104.0,110.0,112.0,2.4011016755227894
