condition,count,mean,std,min,25%,50%,75%,max,sem
1 to 1,17.0,4.9146445696006245,2.923804630767227,1.1958747715218032,3.144823891870024,4.223503659251587,5.875009225848318,13.502409538481729,0.7091267836072541
1 to 2,13.0,2.327918500440295,1.2876707840760553,0.7104883086614766,1.0178432325757598,2.4197985207101955,3.443300541333363,4.288064036739493,0.3571356183002413
1 to 3,12.0,3.317187018884926,1.8274344899497694,1.6146489716838073,1.9550959465352977,2.624255194126109,4.327861168793833,7.468012305548097,0.5275348973494529
1 to 4,12.0,3.9833497518863368,1.6246508531789436,1.155415834540505,3.1669056297983587,3.6417632107260496,4.852224350418066,6.918817410344324,0.46899630371100914
