condition,count,mean,std,min,25%,50%,75%,max,sem
1 to 1,14.0,-2.5250167218910327,2.3333374113271925,-8.108930225460487,-3.8118832751419776,-2.0993707289802996,-0.7549407325838291,-0.1923409990308186,0.6236106543520269
1 to 2,22.0,-3.4342639508618547,1.7346503916376317,-6.535768610342845,-4.49372162822942,-3.5714305518641103,-2.386230968550373,-0.4753372777555357,0.3698287061236833
1 to 3,24.0,-3.965428767254758,1.937435631389607,-8.852721320361562,-4.805448912875624,-4.131902969884603,-2.6905129338837797,-0.7657110445940492,0.395477392199291
1 to 4,22.0,-4.5706408852916685,2.7880336271840167,-10.638154327816553,-5.074316018648607,-4.465894631434335,-2.7576917733488866,-0.1050807392843992,0.5944107665391632
