Contrast,Coef,Std.Err.,z,P>|z|,P>|z| (adj)
1 to 1 - 1 to 2,0.7756018175814804,0.3321122464963837,2.335360486593576,0.019524596786127946,0.11157612905969713
1 to 1 - 1 to 3,0.26234189776996725,0.3380161491516277,0.7761223788520399,0.4376767313566914,0.7338702775873199
1 to 1 - 1 to 4,0.3119276752999089,0.3384881434537581,0.9215320575697573,0.3567727121932118,0.7338702775873199
1 to 2 - 1 to 3,-0.5132599198115131,0.35862144543790087,-1.431202529410332,0.1523721788530823,0.5624516865060656
1 to 2 - 1 to 4,-0.4636741422815715,0.3621880236885872,-1.280202855852139,0.20047380181028052,0.5913694844132485
1 to 3 - 1 to 4,0.049585777529941644,0.3700928523872691,0.13398199184364296,0.8934168144597865,0.8934168144597865
