Contrast,Coef,Std.Err.,z,P>|z|,P>|z| (adj)
1 to 1 - 1 to 2,-10.421639861809648,12.828197364846059,-0.8124009605877085,0.4165615952277948,0.9203580789042961
1 to 1 - 1 to 3,-12.993578338426913,12.577643795741281,-1.033069353007633,0.30157144419923254,0.8839268086585114
1 to 1 - 1 to 4,-10.580216735586177,12.494798814491586,-0.8467696753400415,0.3971235138950959,0.9203580789042961
1 to 2 - 1 to 3,-2.571938476617264,10.525366463365556,-0.24435619278142168,0.8069549665979387,0.9921886175479383
1 to 2 - 1 to 4,-0.15857687377652852,10.457976406515543,-0.015163246464940553,0.9879019433614349,0.9921886175479383
1 to 3 - 1 to 4,2.4133616028407356,9.603614701920778,0.2512972123254851,0.801584330271268,0.9921886175479383
