Contrast,Coef,Std.Err.,z,P>|z|,P>|z| (adj)
1 to 1 - 1 to 2,0.7756018175814384,0.3321122464964029,2.3353604865933146,0.01952459678614149,0.11157612905977077
1 to 1 - 1 to 3,0.2623418977699456,0.3380161491516514,0.7761223788519215,0.43767673135676133,0.7338702775874169
1 to 1 - 1 to 4,0.3119276752998811,0.33848814345378286,0.9215320575696078,0.35677271219329,0.7338702775874169
1 to 2 - 1 to 3,-0.5132599198114929,0.3586214454379253,-1.4312025294101782,0.15237217885312626,0.562451686506179
1 to 2 - 1 to 4,-0.46367414228155734,0.3621880236886112,-1.280202855852015,0.20047380181032404,0.5913694844133375
1 to 3 - 1 to 4,0.04958577752993548,0.3700928523872893,0.133981991843619,0.8934168144598054,0.8934168144598054
