Contrast,Coef,Std.Err.,z,P>|z|,P>|z| (adj)
1 to 1 - 1 to 2,-0.6644225338894617,0.2842041614740576,-2.3378353449976164,0.01939579130883695,0.11087562326420664
1 to 1 - 1 to 3,-0.025340364340006586,0.3325843249219423,-0.07619229903860918,0.9392661093580437,0.9669012233876356
1 to 1 - 1 to 4,-0.11856253797382503,0.2864327742137956,-0.4139279741965878,0.6789268561061619,0.9669012233876356
1 to 2 - 1 to 3,0.6390821695494551,0.3377828009222239,1.8919914448119186,0.05849212068472753,0.26019068625710073
1 to 2 - 1 to 4,0.5458599959156367,0.30522368051749604,1.7883933349802683,0.0737125708702937,0.26382158318927246
1 to 3 - 1 to 4,-0.09322217363381845,0.3435225238653101,-0.27137135750193025,0.7861054291771423,0.9669012233876356
