Contrast,A,B,Paired,Parametric,T,dof,alternative,p-unc,p-corr,p-adjust,BF10,cohen,ci_lower,ci_upper
condition,1 to 1,1 to 2,True,True,-0.21673091036170208,18.0,two-sided,0.8308554887329462,0.8308554887329462,fdr_bh,0.243,-0.020333011030048684,-0.37690812443512267,0.5349001456544938
condition,1 to 1,1 to 3,True,True,1.542985140611687,18.0,two-sided,0.1402324363219666,0.24263729320164287,fdr_bh,0.652,0.2685146041184617,-0.0847594565773575,0.8591330765013525
condition,1 to 1,1 to 4,True,True,1.8422443266158597,18.0,two-sided,0.081975715585105,0.24263729320164287,fdr_bh,0.968,0.4082010163751713,-0.08040804624883685,0.9256877145677496
condition,1 to 2,1 to 3,True,True,1.4591384469902025,18.0,two-sided,0.1617581954677619,0.24263729320164287,fdr_bh,0.589,0.2891405745091623,-0.1336901421122128,0.775610702306782
condition,1 to 2,1 to 4,True,True,1.766764865020768,18.0,two-sided,0.0942194100156385,0.24263729320164287,fdr_bh,0.872,0.42430573308607034,-0.09606625329267876,0.9067135694636057
condition,1 to 3,1 to 4,True,True,0.8823800286775014,18.0,two-sided,0.38920340502811845,0.46704408603374215,fdr_bh,0.335,0.19348772907791548,-0.2451761702620356,0.6756987999965749
