Contrast,A,B,Paired,Parametric,T,dof,alternative,p-unc,p-corr,p-adjust,BF10,cohen,ci_lower,ci_upper
condition,1 to 1,1 to 2,True,True,1.3009178143367095,12.0,two-sided,0.217712755334357,0.3932150823078868,fdr_bh,0.558,0.041294111239976714,-0.41720950987920513,0.7452990346497385
condition,1 to 1,1 to 3,True,True,-1.502808621756192,12.0,two-sided,0.15874062970094785,0.3932150823078868,fdr_bh,0.691,-0.3664283508489253,-1.037635783822911,0.17021403662461881
condition,1 to 1,1 to 4,True,True,-0.8856360506020391,12.0,two-sided,0.3932150823078868,0.3932150823078868,fdr_bh,0.389,-0.19633137692177174,-0.8885921085477322,0.24709977780031056
condition,1 to 2,1 to 3,True,True,-1.6928278529887009,12.0,two-sided,0.11626574653557536,0.3932150823078868,fdr_bh,0.861,-0.3965580876875834,-1.109283524598576,0.1147836878097408
condition,1 to 2,1 to 4,True,True,-1.0075842520937492,12.0,two-sided,0.3335398238266841,0.3932150823078868,fdr_bh,0.427,-0.23172512636599618,-0.8879578974842068,0.24763296565558535
condition,1 to 3,1 to 4,True,True,0.9961725958186237,12.0,two-sided,0.3388301393173003,0.3932150823078868,fdr_bh,0.423,0.17915846724097695,-0.27582951714847725,0.6988617664785767
