Contrast,A,B,Paired,Parametric,T,dof,alternative,p-unc,p-corr,p-adjust,BF10,cohen,ci_lower,ci_upper
condition,1 to 1,1 to 2,True,True,1.895020850969007,11.0,two-sided,0.08466063726148591,0.28234353249995825,fdr_bh,1.116,0.37930449397496047,-0.12261401317196863,1.165513273476457
condition,1 to 1,1 to 3,True,True,1.83216052222641,11.0,two-sided,0.09411451083331941,0.28234353249995825,fdr_bh,1.033,0.4796863968298426,-0.22159932645489872,0.9732464761554862
condition,1 to 1,1 to 4,True,True,1.15601396316069,11.0,two-sided,0.2721664084133949,0.42656067858829944,fdr_bh,0.499,0.26410370297460906,-0.4455808454789043,0.7709788917934624
condition,1 to 2,1 to 3,True,True,0.1266533278905454,11.0,two-sided,0.9015002369225188,0.9015002369225188,fdr_bh,0.289,0.03413207031413571,-0.546907233701333,0.34216334282965793
condition,1 to 2,1 to 4,True,True,-0.905641841489357,11.0,two-sided,0.3845332695531891,0.4614399234638269,fdr_bh,0.406,-0.14518052828861655,-0.6634105024007831,0.2811290215229566
condition,1 to 3,1 to 4,True,True,-1.1254039462807133,11.0,two-sided,0.28437378572553296,0.42656067858829944,fdr_bh,0.485,-0.21339321561195768,-0.5059840096777971,0.38162303508907636
