Contrast,A,B,Paired,Parametric,T,dof,alternative,p-unc,p-corr,p-adjust,BF10,cohen,ci_lower,ci_upper
condition,1 to 1,1 to 2,True,True,-0.3773232641603416,8.0,two-sided,0.7157464513416529,0.7347839279645916,fdr_bh,0.342,-0.18105538745129893,-0.8974764083125697,0.6459275655390087
condition,1 to 1,1 to 3,True,True,-1.2930288398437744,8.0,two-sided,0.23208913420118035,0.7347839279645916,fdr_bh,0.616,-0.5556676550751956,-0.9709588442252727,0.39978228210982836
condition,1 to 1,1 to 4,True,True,-0.7831641508977544,8.0,two-sided,0.4560872465194744,0.7347839279645916,fdr_bh,0.414,-0.37233716887232504,-0.9865486860660388,0.38693070116782685
condition,1 to 2,1 to 3,True,True,-0.7213598550292716,8.0,two-sided,0.4912294304104866,0.7347839279645916,fdr_bh,0.399,-0.40757516751485384,-0.7641986028495084,0.40009572397580795
condition,1 to 2,1 to 4,True,True,-0.3508179694466188,8.0,two-sided,0.7347839279645916,0.7347839279645916,fdr_bh,0.339,-0.20002853498721807,-0.4899641384674392,0.6187463996850364
condition,1 to 3,1 to 4,True,True,1.1080906395921652,8.0,two-sided,0.300022292539478,0.7347839279645916,fdr_bh,0.524,0.23572816724448498,-0.5143683427131375,0.44985154561212326
