Contrast,A,B,Paired,Parametric,T,dof,alternative,p-unc,p-corr,p-adjust,BF10,cohen,ci_lower,ci_upper
condition,1 to 1,1 to 2,True,True,-0.30050125348238005,3.0,two-sided,0.7834160037394071,0.9030105503407296,fdr_bh,0.444,-0.29138575870717925,-1.2006763429809857,1.2837218228347258
condition,1 to 1,1 to 3,True,True,-1.414213562373095,3.0,two-sided,0.2522154963555042,0.7820044379115411,fdr_bh,0.803,-0.4082482904638631,-0.7953347279216265,1.0625959698340508
condition,1 to 1,1 to 4,True,True,-1.0,3.0,two-sided,0.39100221895577053,0.7820044379115411,fdr_bh,0.613,-0.08512565307587486,-0.9248457483180409,0.9248457483180409
condition,1 to 2,1 to 3,True,True,-0.13245323570650439,3.0,two-sided,0.9030105503407296,0.9030105503407296,fdr_bh,0.431,-0.13130643285972254,-0.813933580352152,0.5361491043725725
condition,1 to 2,1 to 4,True,True,0.20851441405707477,3.0,two-sided,0.8481818836528088,0.9030105503407296,fdr_bh,0.436,0.2,-0.766354617336902,0.9077759735742115
condition,1 to 3,1 to 4,True,True,1.0,3.0,two-sided,0.39100221895577053,0.7820044379115411,fdr_bh,0.613,0.31622776601683794,-0.4167949335583331,1.0492504655920087
