Contrast,A,B,Paired,Parametric,T,dof,alternative,p-unc,p-corr,p-adjust,BF10,cohen,ci_lower,ci_upper
condition,1 to 1,1 to 2,True,True,1.351431425552626,11.0,two-sided,0.20369539970015133,0.4265187888494684,fdr_bh,0.601,0.48830508356992014,-0.19925108903999067,1.064640910807678
condition,1 to 1,1 to 3,True,True,1.321194417495432,11.0,two-sided,0.2132593944247342,0.4265187888494684,fdr_bh,0.583,0.5440393213771967,-0.14279840382931125,1.0727862824009504
condition,1 to 1,1 to 4,True,True,1.3916251720279615,11.0,two-sided,0.19153604364553192,0.4265187888494684,fdr_bh,0.626,0.482202373649295,-0.14760823173960363,1.132099048796645
condition,1 to 2,1 to 3,True,True,0.9028970773057118,11.0,two-sided,0.38592561134046466,0.578888417010697,fdr_bh,0.405,0.1326669939939858,-0.24049391307595092,0.6557628642823056
condition,1 to 2,1 to 4,True,True,0.08081327961182008,11.0,two-sided,0.9370420502413632,0.9370420502413632,fdr_bh,0.288,0.012613434365666608,-0.13003986957438118,0.8345918359792434
condition,1 to 3,1 to 4,True,True,-0.6259179785975721,11.0,two-sided,0.544137345770858,0.6529648149250297,fdr_bh,0.34,-0.11869609025527902,-0.2905297447765185,0.6015661829315809
