Contrast,A,B,Paired,Parametric,T,dof,alternative,p-unc,p-corr,p-adjust,BF10,cohen,ci_lower,ci_upper
condition,1 to 2,1 to 3,True,True,-1.8380876349317468,13.0,two-sided,0.08900274949761787,0.26700824849285365,fdr_bh,1.018,-0.40545720187644674,-1.1024749672823428,0.11997579917088369
condition,1 to 2,1 to 4,True,True,-1.3660421029062917,13.0,two-sided,0.19509257370177596,0.29263886055266397,fdr_bh,0.583,-0.3113499684253305,-0.9034338244346221,0.2346679372276153
condition,1 to 3,1 to 4,True,True,0.6968323312572255,13.0,two-sided,0.4981796957825213,0.4981796957825213,fdr_bh,0.333,0.12076235219897748,-0.29433203166428923,0.6784876223210313
