Contrast,A,B,Paired,Parametric,T,dof,alternative,p-unc,p-corr,p-adjust,BF10,cohen,ci_lower,ci_upper
condition,1 to 1,1 to 2,True,True,-2.0219648827917305,23.0,two-sided,0.05496229959487917,0.1362221960591464,fdr_bh,1.208,-0.6138425326101743,-0.8526102593463085,0.02714655256861931
condition,1 to 1,1 to 3,True,True,-1.9142452319924699,23.0,two-sided,0.0681110980295732,0.1362221960591464,fdr_bh,1.022,-0.5229960598638989,-0.8288280801782671,0.04734073668874039
condition,1 to 1,1 to 4,True,True,-0.31368323555784283,23.0,two-sided,0.7565888800929375,0.872066947658888,fdr_bh,0.225,-0.078502285762791,-0.4867258743586285,0.358665229694966
condition,1 to 2,1 to 3,True,True,0.16283967451566805,23.0,two-sided,0.872066947658888,0.872066947658888,fdr_bh,0.217,0.040004471620694176,-0.38914007692139013,0.4556190956621035
condition,1 to 2,1 to 4,True,True,2.1208041249768264,23.0,two-sided,0.04493461529040682,0.1362221960591464,fdr_bh,1.415,0.5620344463484327,-0.00869664142350235,0.8745112998540008
condition,1 to 3,1 to 4,True,True,1.4133312766026283,23.0,two-sided,0.17095011293106283,0.25642516939659427,fdr_bh,0.517,0.47045155266423033,-0.14246454517572427,0.7194546227078564
