Source,SS,DF,MS,F,p-unc,ng2,eps
condition,65.12093707069879,1,65.12093707069879,28.793578999947922,1.890440068227633e-05,0.1346163474053894,1.0
Error,52.01790137408,23,2.261647885829565,,,,
