Source,SS,DF,MS,F,p-unc,ng2,eps
condition,0.002693318377958512,1,0.002693318377958512,0.006452299852867555,0.9375626501720732,5.096577683191139e-05,1.0
Error,4.1741990288339395,10,0.4174199028833939,,,,
