Source,SS,DF,MS,F,p-unc,ng2,eps
condition,9.995294073789506,1,9.995294073789506,3.5287499949823684,0.08974538962864682,0.10007615233569327,1.0
Error,28.32531091180192,10,2.832531091180192,,,,
