Source,SS,DF,MS,F,p-unc,ng2,eps
condition,6.419842455076657,1,6.419842455076657,0.5380080425173991,0.4710041858933006,0.0024947919212062637,1.0
Error,262.5175143308734,22,11.932614287766972,,,,
