Contrast,Coef,Std.Err.,z,P>|z|,P>|z| (adj)
All Numerosity Comparisons (Correct) - All Numerosity Comparisons (Incorrect),1.1968339296411055,2.6127002060586144,0.4580831458832346,0.6468927070929409,0.6468927070929409
