Contrast,Coef,Std.Err.,z,P>|z|,P>|z| (adj)
All Numerosity Comparisons (Correct) - All Numerosity Comparisons (Incorrect),5.523307050605807,5.679024800210201,0.9725801955295862,0.33076198949408386,0.3307619894940838
