Contrast,Coef,Std.Err.,z,P>|z|,P>|z| (adj)
All Numerosity Comparisons (Correct) - All Numerosity Comparisons (Incorrect),16.66881748229631,10.966052050227516,1.520038151009002,0.1285013874505052,0.1285013874505052
