Source,SS,DF,MS,F,p-unc,ng2,eps
condition,19.199999999999864,4,4.799999999999966,0.5999999999999973,0.6680166682943438,0.027272727272727088,0.4587155963302776
Error,127.99999999999966,16,7.999999999999979,,,,
