Source,SS,DF,MS,F,p-unc,ng2,eps
condition,5.510345117089555,4,1.3775862792723887,1.169535453056365,0.3297816217481379,0.011781922957595574,0.8269446868874857
Error,103.65448286254536,88,1.1778918507107428,,,,
