Source,SS,DF,MS,F,p-unc,ng2,eps
condition,4.142990370517778,4,1.0357475926294446,1.5017426680275907,0.2081682765886648,0.018085921855380944,0.8332726507439433
Error,63.452135009963115,92,0.6896971196735121,,,,
