Source,SS,DF,MS,F,p-unc,ng2,eps
condition,196.533333333333,4,49.13333333333325,0.7592152998611533,0.5544792189379915,0.014640590391243434,0.8138037476806194
Error,5953.866666666667,92,64.71594202898551,,,,
