Source,SS,DF,MS,F,p-unc,ng2,eps
condition,6.527152927701507,4,1.6317882319253767,1.390914528369775,0.28150197304714253,0.1177079119766082,0.4709416332047008
Error,18.770823927913597,16,1.1731764954945998,,,,
