Source,SS,DF,MS,F,p-unc,p-GG-corr,ng2,eps,sphericity,W-spher,p-spher
condition,55.4666666666666,4,13.86666666666665,0.4037267080745341,0.8036937903601081,0.6500809828586271,0.041122973507315086,0.4288254903096124,False,0.0027225104761064624,0.028769518040606016
Error,686.9333333333326,20,34.34666666666663,,,,,,,,
