condition,count,mean,std,min,25%,50%,75%,max,sem
a,24.0,175.33333333333334,16.66724636673003,144.0,167.0,176.0,186.0,208.0,3.402187417978783
b,23.0,174.08695652173913,16.879016137522676,148.0,164.0,172.0,182.0,208.0,3.51951815977545
c,23.0,175.1304347826087,16.925785460023274,144.0,168.0,176.0,186.0,208.0,3.529270237652507
d,24.0,172.5,18.20893235176913,144.0,163.0,170.0,184.0,208.0,3.716882751890937
e,24.0,175.5,16.694180188733828,148.0,164.0,174.0,185.0,208.0,3.4076852613731368
