condition,count,mean,std,min,25%,50%,75%,max,sem
a,15.0,-2.020240668482435,1.5445299871752967,-6.807007721181643,-2.074160961217565,-1.68780204051029,-1.1120441257084785,-0.7720472008531686,0.39879592786985857
b,19.0,-1.6851085200352802,0.9483400441823838,-3.887995813057177,-1.8879690613219957,-1.4703168623043057,-1.1234867369995287,-0.3469774277337182,0.21756412719494253
c,17.0,-2.0801170540778635,1.2175177802540431,-4.886260932732878,-2.6379084104909127,-1.97986820268929,-1.182539349396336,-0.380446599123497,0.29529143582676304
d,14.0,-1.4666530359149657,0.9660774075671559,-3.8588183688915785,-1.937103681429131,-1.1686101819063242,-0.770270414589848,-0.4796578970670438,0.25819504772993346
e,14.0,-2.0420472515451285,1.107771389256387,-4.100158018782337,-2.854060433883379,-1.520502985654371,-1.2160761054151896,-0.7259771686278785,0.2960643572477136
