condition,count,mean,std,min,25%,50%,75%,max,sem
a,24.0,-1.9528521937225989,1.578696063029462,-7.175152305947436,-2.523271915665909,-1.7369793608671789,-1.0125263444183925,0.3177311560918228,0.32224998444690434
b,24.0,-2.011038260202614,1.38475689654701,-4.855484977416921,-3.0734011859316954,-1.9641096646351752,-1.4280740054004557,0.7866820946376292,0.2826623178616806
c,24.0,-2.159396326775742,1.5001612442537449,-5.30358410455904,-2.835116138615346,-2.3028292233242684,-1.2338920523500232,0.3916555738241257,0.30621913169336645
d,24.0,-1.5941197916003997,1.2934449051480092,-3.9693782268714606,-2.5873616932569634,-1.5594360335500146,-0.5600278325858952,1.1379235303065145,0.2640233356679341
e,24.0,-1.9182459727321397,1.2025950244278378,-4.382924212345,-2.5244869858584678,-1.8810644698230226,-1.186292898603803,0.4842192039065702,0.24547868142150622
