condition,count,mean,std,min,25%,50%,75%,max,sem
a,24.0,103.66666666666667,10.277314260340447,88.0,96.0,104.0,109.0,120.0,2.0978479886719335
b,24.0,106.0,11.25205295278039,88.0,99.0,104.0,116.0,120.0,2.2968156910907283
c,24.0,105.83333333333333,9.434749215195028,88.0,100.0,104.0,113.0,120.0,1.9258601190293219
d,24.0,107.16666666666667,10.744732447218908,88.0,99.0,108.0,116.0,120.0,2.1932593265343603
e,24.0,104.16666666666667,11.76459931750543,88.0,95.0,102.0,116.0,120.0,2.4014387796819623
