Source,SS,DF,MS,F,p-unc,ng2,eps
condition,81.45454545454507,2,40.727272727272535,3.7499999999999742,0.041397395482303305,0.04605263157894716,0.7377521613833125
Error,217.2121212121217,20,10.860606060606084,,,,
