Source,SS,DF,MS,F,p-unc,ng2,eps
condition,61.62962962962957,2,30.814814814814785,0.6677367576243971,0.5265919195110204,0.03318442884492658,0.9420583930621536
Error,738.3703703703707,16,46.14814814814817,,,,
