Source,SS,DF,MS,F,p-unc,ng2,eps
condition,1.4192362997490615,2,0.7096181498745308,0.052825769213646234,0.9486027205749432,0.0002427002700411745,0.9437075692352284
Error,617.9263526142095,46,13.433181578569771,,,,
