Source,SS,DF,MS,F,p-unc,ng2,eps
condition,12.141324123350284,2,6.070662061675142,7.246549555758068,0.0018373671134624039,0.04119772094937713,0.902283737561373
Error,38.535644128061705,46,0.8377313940882979,,,,
