condition,count,mean,std,min,25%,50%,75%,max,sem
Decrease by 1,18.0,4.691767396933899,2.3357782841125942,1.8522319686969544,2.424137637314444,4.1684298640017134,6.471814188699445,8.86827473499203,0.5505482213480979
Decrease by 2,19.0,4.680701882415444,2.1501690163372436,1.5756648253431602,2.8347906064196913,4.22551840894007,6.322329437653744,8.533583110847792,0.4932826028287527
Decrease by 3,20.0,5.1099005564324695,3.106801873650237,0.6617358378356919,3.0004839708117346,4.055959354726999,6.623965001783864,12.384632989294404,0.6947020182105642
