condition,count,mean,std,min,25%,50%,75%,max,sem
Decrease by 1,13.0,112.92307692307692,7.331001960413716,100.0,108.0,112.0,116.0,124.0,2.0332541129845136
Decrease by 2,17.0,115.52941176470588,7.467576975321577,104.0,112.0,116.0,124.0,124.0,1.811153449216547
Decrease by 3,17.0,115.29411764705883,7.514691493021793,104.0,112.0,116.0,124.0,124.0,1.8225803982152557
