condition,count,mean,std,min,25%,50%,75%,max,sem
Decrease by 1,12.0,-2.1326249770698635,1.2947564929551492,-5.357427005178447,-2.5189190777595307,-1.8475730658094034,-1.2535417988315263,-0.836573670204918,0.3737640048713356
Decrease by 2,19.0,-1.7669983605563442,1.0719886494397577,-4.58377967098092,-2.3908318422005594,-1.3959489478500835,-1.2014980942927727,-0.428590546247997,0.24593106271213433
Decrease by 3,18.0,-2.4173762422207994,1.554119927617051,-6.667448426349377,-2.624451932440024,-2.177065909949062,-1.3608250580420749,-0.8679751260656475,0.36630957986505436
