condition,count,mean,std,min,25%,50%,75%,max,sem
Decrease by 1,12.0,107.0,8.883078909313532,96.0,99.0,108.0,113.0,120.0,2.5643239997624283
Decrease by 2,19.0,110.3157894736842,8.673411680269684,92.0,104.0,112.0,120.0,120.0,1.9898171057905718
Decrease by 3,18.0,106.22222222222223,9.019948842658867,92.0,101.0,108.0,112.0,120.0,2.1260223308666113
