Contrast,Coef,Std.Err.,z,P>|z|,P>|z| (adj)
Decrease by 1 - Decrease by 2,-0.06870291042073039,0.3167583111341938,-0.21689378938387063,0.8282911177584831,0.8282911177584831
Decrease by 1 - Decrease by 3,0.48241086522962473,0.3348642095963994,1.4406163794305111,0.14969309042251666,0.2769781595247896
Decrease by 2 - Decrease by 3,0.5511137756503551,0.2867011521158546,1.9222586710347525,0.054573217586690426,0.15494747645227488
