Contrast,Coef,Std.Err.,z,P>|z|,P>|z| (adj)
Decrease by 1 - Decrease by 2,-0.3465112140129627,0.36399401732649006,-0.9519695311424696,0.34111243446502515,0.37665119957138415
Decrease by 1 - Decrease by 3,-0.7943262952622867,0.36142182042076115,-2.1977817895376255,0.027964659761602118,0.08156978168268532
Decrease by 2 - Decrease by 3,-0.447815081249324,0.3576058644413695,-1.2522587736330162,0.2104755859198426,0.37665119957138415
