Contrast,Coef,Std.Err.,z,P>|z|,P>|z| (adj)
Decrease by 1 - Decrease by 2,17.461457685517257,6.567678270863093,2.658695655507887,0.007844378842928323,0.023349016388690514
Decrease by 1 - Decrease by 3,9.741029929460774,6.565897609098149,1.4835793229493783,0.13792055822501492,0.2568190360689301
Decrease by 2 - Decrease by 3,-7.720427756056482,6.587372567128822,-1.1720041150521283,0.2411954040214066,0.2568190360689301
