Contrast,Coef,Std.Err.,z,P>|z|,P>|z| (adj)
Decrease by 1 - Decrease by 2,-0.5851338097605,0.2701585712500371,-2.165890229034958,0.030319576142194826,0.08822877041408128
Decrease by 1 - Decrease by 3,-0.21581429393273557,0.2620313421284139,-0.8236201523822723,0.41015542168298413,0.43601237830045275
Decrease by 2 - Decrease by 3,0.36931951582776446,0.320378496938965,1.152759999052381,0.2490089070438004,0.43601237830045275
