Contrast,Coef,Std.Err.,z,P>|z|,P>|z| (adj)
Decrease by 1 - Decrease by 2,-3.078637520815018,1.5204099056482727,-2.024873364332856,0.04288036928901562,0.08512385479826554
Decrease by 1 - Decrease by 3,-3.3826171017943323,1.5513005205120651,-2.180504071949755,0.029220117328804918,0.08512385479826554
Decrease by 2 - Decrease by 3,-0.30397958097931443,1.3952011443627943,-0.21787509436006497,0.8275264328187066,0.8275264328187066
