Contrast,Coef,Std.Err.,z,P>|z|,P>|z| (adj)
Decrease by 1 - Decrease by 2,0.07770858757109625,0.19603331844632635,0.3964049998591069,0.6918062782082937,0.8708189220892868
Decrease by 1 - Decrease by 3,0.16927883967188845,0.19614797218331678,0.8630160066792999,0.388128666318059,0.770923615199404
Decrease by 2 - Decrease by 3,0.0915702521007922,0.1961302956533004,0.46688479103024944,0.6405823071818624,0.8708189220892868
