Contrast,Coef,Std.Err.,z,P>|z|,P>|z| (adj)
Decrease by 1 - Decrease by 2,-0.20279590251597887,0.30841073226573046,-0.657551379701169,0.5108264454197671,0.5108264454197671
Decrease by 1 - Decrease by 3,-0.7460077527394542,0.30827443069779153,-2.4199468994260593,0.015522773655151978,0.04584919177284918
Decrease by 2 - Decrease by 3,-0.5432118502234753,0.30991669566350416,-1.7527673010984675,0.07964195807109897,0.15294107465679926
