Contrast,Coef,Std.Err.,z,P>|z|,P>|z| (adj)
Decrease by 1 - Decrease by 2,-0.22947301308337553,0.2911565208847791,-0.78814313478552,0.43061298679692683,0.4306129867969268
Decrease by 1 - Decrease by 3,-0.5524802372257709,0.29505318710631906,-1.8724767647627236,0.0611406735099147,0.17243602962057478
Decrease by 2 - Decrease by 3,-0.32300722414239535,0.26802325442386754,-1.2051462655235614,0.2281468419401982,0.4042427023931106
