Contrast,Coef,Std.Err.,z,P>|z|,P>|z| (adj)
Decrease by 1 - Decrease by 2,-2.3150076520918352,2.1257461526449397,-1.0890329728276391,0.2761393455313108,0.5030448680371595
Decrease by 1 - Decrease by 3,0.39624063113646635,2.1543531193990284,0.18392557263175147,0.8540718429706509,0.8540718429706509
Decrease by 2 - Decrease by 3,2.7112482832283016,2.1529421194838885,1.259322421486302,0.2079138978444306,0.5030448680371595
