Contrast,Coef,Std.Err.,z,P>|z|,P>|z| (adj)
Decrease by 1 - Decrease by 2,-2.5158878255851786,1.2791198370771308,-1.966889850863497,0.04919591084922281,0.14044608541019657
Decrease by 1 - Decrease by 3,-1.5118814094835555,1.277847187290774,-1.183147268719172,0.23675078710908082,0.41745063902139234
Decrease by 2 - Decrease by 3,1.0040064161016231,1.2764144606210197,0.7865833920536589,0.431525784539722,0.43152578453972207
