Contrast,A,B,Paired,Parametric,T,dof,alternative,p-unc,p-corr,p-adjust,BF10,cohen,ci_lower,ci_upper
condition,Decrease by 1,Decrease by 2,True,True,-0.6075798677762687,23.0,two-sided,0.549418629627021,0.549418629627021,fdr_bh,0.254,-0.05192705440364171,-0.5479053252454243,0.2998618829055027
condition,Decrease by 1,Decrease by 3,True,True,-2.310586173941934,23.0,two-sided,0.030170075955783988,0.09051022786735197,fdr_bh,1.947,-0.23865771439297345,-0.9167735226437927,-0.026519332837439735
condition,Decrease by 2,Decrease by 3,True,True,-1.7456859924772155,23.0,two-sided,0.09421224751620909,0.14131837127431365,fdr_bh,0.798,-0.1949156808654185,-0.791797668065161,0.07912434594962581
