Contrast,A,B,Paired,Parametric,T,dof,alternative,p-unc,p-corr,p-adjust,BF10,cohen,ci_lower,ci_upper
condition,Decrease by 1,Decrease by 2,True,True,-1.0408343863701384,10.0,two-sided,0.3224628155470217,0.4836942233205326,fdr_bh,0.465,-0.30086964769440233,-0.9459058494950892,0.352499085585597
condition,Decrease by 1,Decrease by 3,True,True,-3.4740560814967205,10.0,two-sided,0.005980373496361577,0.017941120489084732,fdr_bh,9.187,-0.41929128036269,-1.883483495219323,-0.2114511453219432
condition,Decrease by 2,Decrease by 3,True,True,-0.6405370242358629,10.0,two-sided,0.5362244050038998,0.5362244050038998,fdr_bh,0.354,-0.20276461772833257,-0.7917572215368136,0.33044065987794435
