Contrast,A,B,Paired,Parametric,T,dof,alternative,p-unc,p-corr,p-adjust,BF10,cohen,ci_lower,ci_upper
condition,Decrease by 1,Decrease by 2,True,True,-0.7717244780875046,1.0,two-sided,0.5815750218522331,0.8723625327783496,fdr_bh,0.659,-0.3901484250781088,-2.071489751746887,1.2442714948778162
condition,Decrease by 1,Decrease by 3,True,True,-1.002727773991292,1.0,two-sided,0.49913290572681956,0.8723625327783496,fdr_bh,0.731,-0.8059701066728465,-2.159553045803212,1.200767686234081
condition,Decrease by 2,Decrease by 3,True,True,0.06699441489060463,1.0,two-sided,0.9574136674909193,0.9574136674909193,fdr_bh,0.524,0.06132123967479928,-8.942310581629632,9.037054991771177
