Source,SS,DF,MS,F,p-unc,ng2,eps
condition,1134.75,3,378.25,1.7545419404715887,0.16945756405728163,0.039062298298608425,0.7625886471343695
Error,9701.25,45,215.58333333333334,,,,
