Source,SS,DF,MS,F,p-unc,ng2,eps
condition,38.30850506274207,3,12.769501687580691,4.080014939478565,0.022487987738832715,0.18941379057617372,0.7227474593627813
Error,56.33583057561742,18,3.129768365312079,,,,
