Source,SS,DF,MS,F,p-unc,ng2,eps
condition,237.0,3,79.0,1.04221635883905,0.3830862569007223,0.03437273386511965,0.9155499203147475
Error,3411.0,45,75.8,,,,
