Source,SS,DF,MS,F,p-unc,ng2,eps
condition,238.6666666666669,3,79.55555555555564,2.632352941176473,0.14450089442318265,0.3706004140786752,0.3763020833333335
Error,181.33333333333337,6,30.22222222222223,,,,
