Source,SS,DF,MS,F,p-unc,ng2,eps
condition,266.66666666666634,3,88.88888888888879,1.6806722689075615,0.26912912653620036,0.24509803921568607,0.3807641633728594
Error,317.33333333333326,6,52.88888888888888,,,,
