Source,SS,DF,MS,F,p-unc,ng2,eps
condition,16.43900580706086,2,8.21950290353043,2.329249063527444,0.12947022426924024,0.11173663484448357,0.8198255687533944
Error,56.46113527134938,16,3.528820954459336,,,,
