Source,SS,DF,MS,F,p-unc,ng2,eps
condition,6.082582844395887,3,2.027527614798629,0.4088775696537868,0.7525924043696453,0.1391503899177419,0.364653672382196
Error,29.752587551066966,6,4.958764591844495,,,,
