Source,SS,DF,MS,F,p-unc,ng2,eps
condition,84.36567639694034,2,42.18283819847017,0.6709690169261107,0.5250235941287865,0.0589245634058034,0.8793779506042724
Error,1005.8965379169629,16,62.86853361981018,,,,
