condition,count,mean,std,min,25%,50%,75%,max,sem
3 to 6,19.0,476.63157894736844,28.135012837537875,432.0,460.0,476.0,502.0,512.0,6.454614617581428
4 to 6,19.0,474.3157894736842,30.149723845388973,436.0,442.0,484.0,502.0,512.0,6.9168210219846875
5 to 6,9.0,483.55555555555554,30.753500252455456,432.0,468.0,500.0,512.0,512.0,10.251166750818484
6 to 6,14.0,468.0,17.68093279822602,432.0,457.0,472.0,479.0,492.0,4.725428057824002
