condition,count,mean,std,min,25%,50%,75%,max,sem
3 to 6,24.0,-6.887810013706642,2.9183250932601474,-12.756613574064035,-8.624290900440712,-6.8093433263218595,-4.7389749699061445,-1.8452029081697137,0.5957006151706246
4 to 6,24.0,-6.433432074728238,3.844622016923743,-16.086970707323204,-7.284665517335155,-6.190336318231784,-3.798203529871149,0.7109399063620024,0.7847801829444235
5 to 6,16.0,-5.23660068452946,4.464887887810528,-12.769968305800996,-8.17707131764873,-6.965284136685661,-1.6916649694825634,2.93357626979731,1.116221971952632
6 to 6,24.0,-5.398033654207244,3.2632233268211244,-11.142575194920388,-6.815502864366079,-5.277066683570027,-3.804760160911284,2.3453062627993315,0.6661026722882618
