condition,count,mean,std,min,25%,50%,75%,max,sem
3 to 6,9.0,93.00658759862988,6.314468696314944,82.42982993676996,89.9170604248831,91.223595750321,97.4655109030818,101.59489957191954,2.1048228987716477
4 to 6,13.0,96.61220586977532,6.293339978322747,83.32433092984296,93.24145597715189,97.05712600310277,99.17223219290284,106.70929315331333,1.7454584604438534
5 to 6,13.0,98.20003843323694,6.630529519726919,87.0508183838949,94.08321022013703,96.63599727631204,102.47544204069985,109.4943793957662,1.8389780128348479
