condition,count,mean,std,min,25%,50%,75%,max,sem
3 to 6,15.0,-3.5194141245865134,1.225177056799173,-5.3643346348866325,-4.556984253784477,-3.611666601652261,-2.66775390210672,-1.511999852010233,0.3163393558092411
4 to 6,14.0,-3.26084145736068,1.3076940909137318,-5.802404046862381,-4.130149279166385,-3.3234912748146677,-2.1201882113202406,-1.580422732893266,0.34949594677914275
5 to 6,13.0,-5.584789766126098,4.272083992556258,-17.831884097782744,-6.561178325703093,-4.245685335794804,-3.6390029313649785,-0.4673753353005563,1.184862914480808
6 to 6,15.0,-3.6022693752088193,1.8174776137298878,-7.149755325060925,-4.139633561880878,-3.907155416820334,-2.2409781880092696,-1.1241489788477976,0.4692707020053767
