condition,count,mean,std,min,25%,50%,75%,max,sem
3 to 6,10.0,94.0,11.352924243950934,80.0,82.0,96.0,104.0,108.0,3.5901098714230026
4 to 6,13.0,97.53846153846153,9.315000309674218,80.0,92.0,96.0,104.0,108.0,2.5835162498071793
5 to 6,13.0,98.76923076923077,9.148349998349849,80.0,92.0,100.0,108.0,108.0,2.5372957696108673
6 to 6,13.0,95.07692307692308,10.973160730175076,80.0,84.0,96.0,104.0,108.0,3.0434072051195464
