condition,count,mean,std,min,25%,50%,75%,max,sem
3 to 6,23.0,-4.643029025713581,2.4529849576073013,-10.398161555903656,-6.083975432772148,-4.365557094541171,-2.6889683033154324,-1.1465451466792973,0.5114827211263048
4 to 6,22.0,-4.168486334164353,2.7240406488559272,-12.246806105056836,-4.7786373204068315,-4.070593444674863,-2.3948763459471154,-0.081542693018603,0.5807674177178855
5 to 6,12.0,-3.229089684108358,2.953782458587367,-8.917672867499203,-5.317041727898385,-2.7720866071638337,-0.5733410234401949,0.1397574964471019,0.8526835487965057
