condition,count,mean,std,min,25%,50%,75%,max,sem
3 to 6,18.0,493.70143842389706,9.241726089314023,469.5778848679472,489.23024626388917,492.4845284480117,501.0572277260087,505.94584085793446,2.1782957292075236
4 to 6,18.0,496.9306594710315,11.185513348967266,468.9289943357508,493.2927329265809,495.532898727919,502.52263915364284,520.2129072457483,2.636450780035803
5 to 6,9.0,498.50431209889734,7.90484940607701,491.94962331908926,492.4082940086466,495.98799969895526,503.6273694487531,513.438822509162,2.634949802025672
