Contrast,Coef,Std.Err.,z,P>|z|,P>|z| (adj)
3 to 6 - 4 to 6,0.6987700162507439,3.8589079776092117,0.18107973040696015,0.8563049943731427,0.9648363118720074
3 to 6 - 5 to 6,-2.3421316601540343,5.054938776808967,-0.4633353169180325,0.6431240347885099,0.9648363118720074
3 to 6 - 6 to 6,-5.082492998723436,3.854835934621962,-1.3184719362698034,0.1873457135403105,0.6455710792975358
4 to 6 - 5 to 6,-3.0409016764047783,5.311359896826474,-0.572527890309544,0.5669643964303268,0.9648363118720074
4 to 6 - 6 to 6,-5.781263014974179,3.9977225023225222,-1.4461391483814818,0.14813817726697986,0.6178666590396885
5 to 6 - 6 to 6,-2.7403613385694015,4.887322899607338,-0.5607080593732757,0.5749965721413153,0.9648363118720074
