Contrast,Coef,Std.Err.,z,P>|z|,P>|z| (adj)
3 to 6 - 4 to 6,-10.81645522782994,4.148962538617291,-2.607026486056126,0.009133229529705522,0.05356327208905355
3 to 6 - 5 to 6,0.6286946568984071,5.809457285606443,0.10821917194503967,0.9138218372549787,0.995016901446878
3 to 6 - 6 to 6,-0.5768594836072481,3.825648683925614,-0.15078736477582547,0.8801434537455757,0.995016901446878
4 to 6 - 5 to 6,11.445149884728346,5.120496102358216,2.2351642606382116,0.02540656686400644,0.09781848806437637
4 to 6 - 6 to 6,10.239595744222692,4.00044356488661,2.559615097210583,0.010478815016941923,0.05356327208905355
5 to 6 - 6 to 6,-1.2055541405056553,5.588157505127754,-0.2157337439754384,0.8291952966228329,0.995016901446878
