Contrast,Coef,Std.Err.,z,P>|z|,P>|z| (adj)
3 to 6 - 4 to 6,0.959214857258323,3.9404964696275386,0.2434248741628715,0.8076762764286216,0.9915068192931005
3 to 6 - 5 to 6,-2.480506569263599,4.810891801059954,-0.5156022358925396,0.6061322483777054,0.9905212270718412
3 to 6 - 6 to 6,-0.48210545688861456,4.158668184367102,-0.11592784889664985,0.9077097242676275,0.9915068192931005
4 to 6 - 5 to 6,-3.4397214265219223,5.052260629067814,-0.6808281834733021,0.4959802145716039,0.983605978106163
4 to 6 - 6 to 6,-1.4413203141469375,4.191461433538399,-0.3438705895309136,0.7309436107310021,0.9915068192931005
5 to 6 - 6 to 6,1.9984011123749845,5.122104443152692,0.39015235525829195,0.6964238903618283,0.9915068192931005
