Contrast,Coef,Std.Err.,z,P>|z|,P>|z| (adj)
3 to 6 - 4 to 6,1.0804193799395947,2.498680022619676,0.43239605317965324,0.6654535861771451,0.9941845424693057
3 to 6 - 5 to 6,0.7507060456748884,3.276121403827766,0.22914475782178764,0.8187564070690103,0.9941845424693057
3 to 6 - 6 to 6,-0.7150174186644495,2.4849088620867654,-0.28774392074242733,0.7735427672556605,0.9941845424693057
4 to 6 - 5 to 6,-0.3297133342647063,3.4638059648638935,-0.0951881651597254,0.9241653701362984,0.9941845424693057
4 to 6 - 6 to 6,-1.7954367986040443,2.5880673328124004,-0.693736509804395,0.4878474653237779,0.9819533764768981
5 to 6 - 6 to 6,-1.4657234643393378,3.160292458359843,-0.4637936151959911,0.6427956182072196,0.9941845424693057
