Contrast,Coef,Std.Err.,z,P>|z|,P>|z| (adj)
3 to 6 - 4 to 6,-0.647830069631769,0.5065342759723714,-1.2789461648733609,0.2009160143225852,0.3614647838338972
3 to 6 - 5 to 6,1.6435398776060024,0.6592674720470524,2.4929788701735034,0.012667638443473406,0.049715844697488826
3 to 6 - 6 to 6,-0.8322648968761274,0.5080815455883206,-1.6380537811355194,0.1014104752695868,0.27442208622184
4 to 6 - 5 to 6,2.2913699472377713,0.688601462282833,3.3275705509562576,0.0008760680300206047,0.0043726719190060725
4 to 6 - 6 to 6,-0.18443482724435833,0.5251711629094098,-0.3511899362916328,0.725445859582202,0.725445859582202
5 to 6 - 6 to 6,-2.4758047744821297,0.6387332246678608,-3.8761171000139223,0.00010613661968550403,0.000636650767293089
