Contrast,Coef,Std.Err.,z,P>|z|,P>|z| (adj)
3 to 6 - 4 to 6,-0.4857454812467425,0.41916050907452407,-1.158853161809621,0.246516043607083,0.5722184709065241
3 to 6 - 5 to 6,-0.9372528720483218,0.4395198021897771,-2.132447428713649,0.03297008190305184,0.1543326707973861
3 to 6 - 6 to 6,0.09115847180065395,0.44670108412018555,0.20407040645580263,0.8382984799187001,0.8382984799187001
4 to 6 - 5 to 6,-0.45150739080157926,0.39172887595734435,-1.152601757269342,0.2490738816279281,0.5722184709065241
4 to 6 - 6 to 6,0.5769039530473965,0.39686001175747454,1.4536711584838353,0.1460374980525927,0.468191586519155
5 to 6 - 6 to 6,1.0284113438489757,0.41443507363665155,2.481477580612824,0.013083894067871693,0.07597989904913516
