Contrast,Coef,Std.Err.,z,P>|z|,P>|z| (adj)
3 to 6 - 4 to 6,-0.4711718949767111,0.33430929488176747,-1.409389156060847,0.15872012876329666,0.49908735881232474
3 to 6 - 5 to 6,-0.9698493971284942,0.5032188157165207,-1.9272916012640542,0.05394329969281819,0.28302667948753074
3 to 6 - 6 to 6,-0.07163450731881209,0.30384143944822417,-0.23576279604553052,0.8136167388578106,0.8136167388578106
4 to 6 - 5 to 6,-0.4986775021517831,0.42788333867638734,-1.1654520217926458,0.24383607021962206,0.567637647734818
4 to 6 - 6 to 6,0.399537387657899,0.349054010868457,1.1446291267756465,0.25236282142911204,0.567637647734818
5 to 6 - 6 to 6,0.8982148898096821,0.5150877595252867,1.743809425091933,0.08119232645387031,0.3451782923670226
