Contrast,Coef,Std.Err.,z,P>|z|,P>|z| (adj)
3 to 6 - 4 to 6,-0.6810175352692536,0.6482219614831796,-1.050593123551438,0.2934455006418477,0.6472743852827865
3 to 6 - 5 to 6,1.979723710527419,0.7308588694112961,2.7087633377454647,0.006753449393161581,0.026741373094641935
3 to 6 - 6 to 6,-0.4523686936568712,0.654477777509249,-0.6911903034789878,0.48944595664132917,0.7393345688101125
4 to 6 - 5 to 6,2.6607412457966726,0.7296173652755827,3.646762498301679,0.0002655651715566254,0.001592333530938928
4 to 6 - 6 to 6,0.22864884161238236,0.6508032990739606,0.35133325528271103,0.7253383490147047,0.7393345688101125
5 to 6 - 6 to 6,-2.4320924041842904,0.731157204028435,-3.326360447225663,0.0008798806663823378,0.004391668240992648
