Contrast,A,B,Paired,Parametric,T,dof,alternative,p-unc,p-corr,p-adjust,BF10,cohen,ci_lower,ci_upper
condition,3 to 6,4 to 6,True,True,-3.0237157840738176,2.0,two-sided,0.0941783726843234,0.2825351180529702,fdr_bh,1.733,-1.2344267996967357,-2.0892332412110477,-0.007773172092425673
condition,3 to 6,5 to 6,True,True,-1.436842416214199,2.0,two-sided,0.28730335490020154,0.5746067098004031,fdr_bh,0.842,-1.3926212476455833,-1.7957843488400025,0.8286929878595148
condition,3 to 6,6 to 6,True,True,-3.5000000000000004,2.0,two-sided,0.07282735005446932,0.2825351180529702,fdr_bh,2.034,-1.120897076635611,-1.038117297011617,0.42574486131582256
condition,4 to 6,5 to 6,True,True,0.0,2.0,two-sided,1.0,1.0,fdr_bh,0.467,0.0,-0.5548109006832496,0.8856574806254629
condition,4 to 6,6 to 6,True,True,0.9999999999999999,2.0,two-sided,0.42264973081037427,0.6339745962155614,fdr_bh,0.661,0.2041241452319308,-0.41459980100349836,1.0519926096203582
condition,5 to 6,6 to 6,True,True,0.2773500981126145,2.0,two-sided,0.8075499102701248,0.9690598923241497,fdr_bh,0.483,0.2581988897471602,-0.5998681639172512,1.0978957696410625
