Contrast,A,B,Paired,Parametric,T,dof,alternative,p-unc,p-corr,p-adjust,BF10,cohen,ci_lower,ci_upper
condition,3 to 6,4 to 6,True,True,0.13747589609658797,15.0,two-sided,0.8924830288379572,0.8924830288379572,fdr_bh,0.258,0.034824130803766985,-0.28297749378034875,0.5657587387518026
condition,3 to 6,5 to 6,True,True,-1.6625779351673593,15.0,two-sided,0.1171458164389143,0.2342916328778286,fdr_bh,0.793,-0.20416185173363524,-0.9710446174847109,0.1397556499010313
condition,3 to 6,6 to 6,True,True,-1.7419279759929842,15.0,two-sided,0.10198200930745081,0.2342916328778286,fdr_bh,0.877,-0.4975742005739743,-0.7460873613869594,0.11894913436515625
condition,4 to 6,5 to 6,True,True,-1.1390150366666283,15.0,two-sided,0.27256101248430525,0.4088415187264579,fdr_bh,0.445,-0.23526339616899608,-0.8283105752751228,0.25880305694180855
condition,4 to 6,6 to 6,True,True,-1.8375861388691868,15.0,two-sided,0.08601267482064007,0.2342916328778286,fdr_bh,0.995,-0.5322343293089652,-0.885320600064285,-0.0003583962020171638
condition,5 to 6,6 to 6,True,True,-0.8279840498688935,15.0,two-sided,0.42065843162247263,0.5047901179469672,fdr_bh,0.344,-0.23145502494313788,-0.7455360859578644,0.33154406102341755
