Contrast,A,B,Paired,Parametric,T,dof,alternative,p-unc,p-corr,p-adjust,BF10,cohen,ci_lower,ci_upper
condition,3 to 6,4 to 6,True,True,-0.9525663594622911,2.0,two-sided,0.4413444194616237,0.7350450268335809,fdr_bh,0.644,-0.8532524741146003,-0.9120824251709848,0.7623022005519552
condition,3 to 6,5 to 6,True,True,-0.3211912949715516,2.0,two-sided,0.7785237240318472,0.7785237240318472,fdr_bh,0.488,-0.3530448335884621,-1.7380324367582274,0.8617460048519486
condition,3 to 6,6 to 6,True,True,0.9381829442178299,2.0,two-sided,0.44718836807821205,0.7350450268335809,fdr_bh,0.639,0.5231727480817596,-0.5367776735093656,1.7458047207339225
condition,4 to 6,5 to 6,True,True,0.3354828999066025,2.0,two-sided,0.7691834125327655,0.7785237240318472,fdr_bh,0.49,0.20587617575887415,-1.1047319521480037,0.5943171410989826
condition,4 to 6,6 to 6,True,True,3.411207762541604,2.0,two-sided,0.07623971621779786,0.4574382973067872,fdr_bh,1.978,1.9641825474809802,0.30843300993364453,3.3139375633296204
condition,5 to 6,6 to 6,True,True,0.8384247925713775,2.0,two-sided,0.49003001788905387,0.7350450268335809,fdr_bh,0.606,0.7429409258158424,-0.6432383201272445,1.2483034252070822
