Contrast,A,B,Paired,Parametric,T,dof,alternative,p-unc,p-corr,p-adjust,BF10,cohen,ci_lower,ci_upper
condition,3 to 6,4 to 6,True,True,-1.214017753396783,8.0,two-sided,0.2593605820928833,0.5916887470078156,fdr_bh,0.574,-0.5798314041200957,-0.8879705319420064,0.2081088671866853
condition,3 to 6,5 to 6,True,True,-0.8998903224001352,8.0,two-sided,0.394459164671877,0.5916887470078156,fdr_bh,0.448,-0.3910523063229404,-1.0857320829297301,0.48580520132963995
condition,4 to 6,5 to 6,True,True,0.29081278553147744,8.0,two-sided,0.7785912740092991,0.7785912740092991,fdr_bh,0.333,0.16601670617893002,-0.6735341074560821,0.8674092978104004
