Contrast,A,B,Paired,Parametric,T,dof,alternative,p-unc,p-corr,p-adjust,BF10,cohen,ci_lower,ci_upper
condition,3 to 6,4 to 6,True,True,-2.4213154430074373,11.0,two-sided,0.03392773888878093,0.1017832166663428,fdr_bh,2.237,-0.6277563517244006,-0.5879977095072166,0.3262804404729784
condition,3 to 6,5 to 6,True,True,-1.2630872750284197,11.0,two-sided,0.23267426648702566,0.4653485329740513,fdr_bh,0.551,-0.5557135520837755,-1.0207697867238819,0.29152600847623295
condition,3 to 6,6 to 6,True,True,-3.49659957713803,11.0,two-sided,0.005000128469768997,0.03000077081861398,fdr_bh,10.433,-0.72413832007537,-1.231977257315898,-0.21009039279559805
condition,4 to 6,5 to 6,True,True,-0.3988161032934504,11.0,two-sided,0.6976615654990475,0.8371938785988569,fdr_bh,0.308,-0.15393217358286138,-0.7525998835514907,0.5223432989578594
condition,4 to 6,6 to 6,True,True,-0.8558308443085717,11.0,two-sided,0.41034644043592805,0.6155196606538921,fdr_bh,0.392,-0.23349612605699802,-0.9247836792998116,0.030068409940790297
condition,5 to 6,6 to 6,True,True,-0.011648595247313582,11.0,two-sided,0.9909145584843442,0.9909145584843442,fdr_bh,0.287,-0.004750519233826019,-0.6387341432341078,0.6320088236323904
