Contrast,A,B,Paired,Parametric,T,dof,alternative,p-unc,p-corr,p-adjust,BF10,cohen,ci_lower,ci_upper
condition,3 to 6,4 to 6,True,True,0.5100613704506706,6.0,two-sided,0.6282226458717839,0.891506389289457,fdr_bh,0.393,0.26443571933187016,-0.542364864466911,0.4861433742714891
condition,3 to 6,5 to 6,True,True,0.029713166741538618,6.0,two-sided,0.97725949838553,0.97725949838553,fdr_bh,0.353,0.017227728176525223,-1.0176773278849323,0.5413101156404029
condition,3 to 6,6 to 6,True,True,0.3435238052800701,6.0,two-sided,0.7429219910745476,0.891506389289457,fdr_bh,0.371,0.17113849303959205,-0.2661062012052215,0.9804291347820737
condition,4 to 6,5 to 6,True,True,-0.6721660724223312,6.0,two-sided,0.5264999615404095,0.891506389289457,fdr_bh,0.425,-0.2551674873674826,-1.0563343141635426,0.5094726512468382
condition,4 to 6,6 to 6,True,True,-0.6070601888912336,6.0,two-sided,0.5660592766729448,0.891506389289457,fdr_bh,0.411,-0.1678547426076877,-0.55013710983232,0.659351443698075
condition,5 to 6,6 to 6,True,True,0.3657293559224355,6.0,two-sided,0.7271150318334179,0.891506389289457,fdr_bh,0.374,0.15731992258962743,-0.7910205954182666,1.0674860019687213
