Contrast,A,B,Paired,Parametric,T,dof,alternative,p-unc,p-corr,p-adjust,BF10,cohen,ci_lower,ci_upper
condition,3 to 6,4 to 6,True,True,-1.5833047100737747,2.0,two-sided,0.2541907448036597,0.3640154923036561,fdr_bh,0.912,-0.8376968972051507,-1.5013439426872093,0.31241277447215854
condition,3 to 6,5 to 6,True,True,-1.8576737560206857,2.0,two-sided,0.2043294654590881,0.3640154923036561,fdr_bh,1.052,-1.061996910190854,-2.3926775630958557,0.564320051570777
condition,3 to 6,6 to 6,True,True,0.020419594486055914,2.0,two-sided,0.9855626711379801,0.9855626711379801,fdr_bh,0.467,0.01520910092564231,-1.2065862151363662,0.9042423555890875
condition,4 to 6,5 to 6,True,True,-1.532210897304847,2.0,two-sided,0.2651642971745125,0.3640154923036561,fdr_bh,0.887,-0.4650097891124661,-1.747896788612421,0.1674641265778415
condition,4 to 6,6 to 6,True,True,1.373302020050609,2.0,two-sided,0.30334624358638007,0.3640154923036561,fdr_bh,0.813,0.8317637614739072,-0.6464977738679828,1.2440179634423068
condition,5 to 6,6 to 6,True,True,2.6986615446080364,2.0,two-sided,0.1142533288943482,0.3640154923036561,fdr_bh,1.533,1.0522004194536927,-0.6882751449945967,1.1903298210504882
