Contrast,A,B,Paired,Parametric,T,dof,alternative,p-unc,p-corr,p-adjust,BF10,cohen,ci_lower,ci_upper
condition,3 to 6,4 to 6,True,True,1.4708514252981633,15.0,two-sided,0.16199684510156362,0.5634771408909683,fdr_bh,0.629,0.44007900188147553,-0.18276647109519206,0.6744235375862783
condition,3 to 6,5 to 6,True,True,0.09451925316978374,15.0,two-sided,0.9259477550221461,0.9259477550221461,fdr_bh,0.256,0.026880166528523517,-0.509306951242846,0.5565665778277379
condition,3 to 6,6 to 6,True,True,0.8500255011475574,15.0,two-sided,0.4086742303392251,0.5634771408909683,fdr_bh,0.35,0.23714711098714675,-0.32705639514521256,0.5194204582784467
condition,4 to 6,5 to 6,True,True,-1.26522350350995,15.0,two-sided,0.2250932919225883,0.5634771408909683,fdr_bh,0.504,-0.42750641264428485,-0.8623337628539347,0.22972201109895973
condition,4 to 6,6 to 6,True,True,-0.7419710704096726,15.0,two-sided,0.46956428407580697,0.5634771408909683,fdr_bh,0.325,-0.19333911856479857,-0.5140269608684453,0.33224143611057516
condition,5 to 6,6 to 6,True,True,0.7529689253347923,15.0,two-sided,0.46312325267715015,0.5634771408909683,fdr_bh,0.327,0.21912581758655236,-0.34931994225851337,0.7258044049259096
