Contrast,A,B,Paired,Parametric,T,dof,alternative,p-unc,p-corr,p-adjust,BF10,cohen,ci_lower,ci_upper
condition,3 to 6,4 to 6,True,True,0.16605590586213387,15.0,two-sided,0.8703304981193964,0.9772488887174264,fdr_bh,0.259,0.054103302104059225,-0.4097485173538666,0.4348105682627936
condition,3 to 6,5 to 6,True,True,0.15436461792160855,15.0,two-sided,0.8793800458735084,0.9772488887174264,fdr_bh,0.258,0.06049321556220885,-0.4944695899412855,0.5716518989020898
condition,3 to 6,6 to 6,True,True,1.121110033239913,15.0,two-sided,0.27986920963446366,0.7469185135726908,fdr_bh,0.438,0.36487084809743014,-0.021716949379685657,0.859038326697307
condition,4 to 6,5 to 6,True,True,0.028997487959768246,15.0,two-sided,0.9772488887174264,0.9772488887174264,fdr_bh,0.256,0.007829466937302526,-0.5256200152856669,0.540118759265551
condition,4 to 6,6 to 6,True,True,0.9838553464714122,15.0,two-sided,0.3407909256088707,0.7469185135726908,fdr_bh,0.388,0.3185224595981115,-0.046035690462656986,0.8303590209293715
condition,5 to 6,6 to 6,True,True,0.9173789611800794,15.0,two-sided,0.3734592567863454,0.7469185135726908,fdr_bh,0.368,0.30024528319057736,-0.3104791803994631,0.7691686609895028
