Contrast,A,B,Paired,Parametric,T,dof,alternative,p-unc,p-corr,p-adjust,BF10,cohen,ci_lower,ci_upper
condition,3 to 6,4 to 6,True,True,-0.8819288876826371,2.0,two-sided,0.47084464713005236,0.5650135765560628,fdr_bh,0.62,-0.3113121525954614,-0.49472551721249036,1.2333960781018263
condition,3 to 6,5 to 6,True,True,0.5288553791534742,2.0,two-sided,0.6497330035215203,0.6497330035215203,fdr_bh,0.524,0.25214873423488976,-0.6613120037075676,2.1415282618549027
condition,3 to 6,6 to 6,True,True,2.8401665199516777,2.0,two-sided,0.10483402708440562,0.5015653706500718,fdr_bh,1.62,0.9425935262649953,-0.34281198131950036,1.1442239755083872
condition,4 to 6,5 to 6,True,True,1.261353643231059,2.0,two-sided,0.3343769137667145,0.5015653706500718,fdr_bh,0.764,0.6085525057521122,0.08023802626028675,1.797547482233751
condition,4 to 6,6 to 6,True,True,1.8544912798395383,2.0,two-sided,0.20483041442856226,0.5015653706500718,fdr_bh,1.05,1.1663490125819351,-0.5761825811999309,0.8618077334337185
condition,5 to 6,6 to 6,True,True,1.4054428335997802,2.0,two-sided,0.2950961316747561,0.5015653706500718,fdr_bh,0.828,0.9324066925079287,-1.0494936187471224,0.6399823656707813
