Contrast,A,B,Paired,Parametric,T,dof,alternative,p-unc,p-corr,p-adjust,BF10,cohen,ci_lower,ci_upper
condition,3 to 6,4 to 6,True,True,-2.3645621608840472,11.0,two-sided,0.03751045166588118,0.11253135499764354,fdr_bh,2.069,-0.627869306752122,-0.6738713755853184,0.22402421801984365
condition,3 to 6,5 to 6,True,True,-1.2568769487868494,11.0,two-sided,0.23483154372374415,0.3522473155856162,fdr_bh,0.548,-0.5567197934784252,-1.0187763948933783,0.29311815017305537
condition,4 to 6,5 to 6,True,True,-0.38455228208500386,11.0,two-sided,0.707899785843305,0.707899785843305,fdr_bh,0.306,-0.14729781766571928,-0.7483348372063995,0.5263134736271377
