Contrast,A,B,Paired,Parametric,T,dof,alternative,p-unc,p-corr,p-adjust,BF10,cohen,ci_lower,ci_upper
condition,3 to 6,4 to 6,True,True,-2.0207408506370013,15.0,two-sided,0.061531455076325944,0.18459436522897785,fdr_bh,1.281,-0.4192814543116219,-0.5689309225203177,0.27999024186249066
condition,3 to 6,5 to 6,True,True,-1.4560252888129939,15.0,two-sided,0.16599673926005187,0.33199347852010375,fdr_bh,0.619,-0.38932714223272613,-0.9142368077898537,0.1862241633833568
condition,3 to 6,6 to 6,True,True,-2.2473180022966672,15.0,two-sided,0.040094003571909335,0.18459436522897785,fdr_bh,1.785,-0.4927800382434536,-0.9935160871950293,-0.08922586417743839
condition,4 to 6,5 to 6,True,True,-0.3025891289854735,15.0,two-sided,0.7663585688268287,0.9196302825921945,fdr_bh,0.266,-0.08570069399155007,-0.6092714518696463,0.45797688737690945
condition,4 to 6,6 to 6,True,True,-0.9105918871549198,15.0,two-sided,0.37691144279842836,0.5653671641976425,fdr_bh,0.366,-0.11144908772081302,-0.9986165664674486,-0.0933391603971413
condition,5 to 6,6 to 6,True,True,-0.002278154759722225,15.0,two-sided,0.9982123191985977,0.9982123191985977,fdr_bh,0.255,-0.0006451446439286589,-0.5334319682914781,0.5322928909116169
