Contrast,A,B,Paired,Parametric,T,dof,alternative,p-unc,p-corr,p-adjust,BF10,cohen,ci_lower,ci_upper
condition,3 to 6,4 to 6,True,True,-1.3484034556119995,4.0,two-sided,0.2488198172529007,0.33836069411111946,fdr_bh,0.738,-0.49221390866177783,-1.3738264705833456,0.552307085782775
condition,3 to 6,5 to 6,True,True,-1.9487214631318122,4.0,two-sided,0.12313776961457713,0.33836069411111946,fdr_bh,1.179,-0.6454543815900539,-2.329988345887087,0.5869988815768544
condition,4 to 6,5 to 6,True,True,-1.0864737834471336,4.0,two-sided,0.33836069411111946,0.33836069411111946,fdr_bh,0.611,-0.2760689152441421,-1.3698162223953498,0.3981409964908341
