{
  "analysis_id": "from2_to_any_ACC1",
  "date_analyzed": "2025-11-03T15:10:22.810109",
  "baseline_ms": [
    -100,
    0
  ],
  "response_filter": "MIXED",
  "fal_fraction": 0.5,
  "n_subjects_total": 24,
  "n_evokeds_included": 120,
  "conditions": [
    "2 to 1",
    "2 to 2",
    "2 to 3",
    "2 to 4",
    "2 to 5"
  ],
  "components": {
    "P1": {
      "collapsed_peak_latency_ms": 112.0,
      "peak_gfp_amplitude": 0.7964141433178975,
      "fwhm_ms": 39.91734248162331,
      "window_start_ms": 85.16025831721888,
      "window_end_ms": 125.07760079884218,
      "search_range_ms": [
        60.0,
        120.0
      ],
      "method": "GFP_collapsed_localizer",
      "n_subjects": 120,
      "n_conditions": 5
    },
    "N1": {
      "collapsed_peak_latency_ms": 172.0,
      "peak_gfp_amplitude": -3.6328090197916847,
      "fwhm_ms": 67.47114729017008,
      "window_start_ms": 140.5179199223435,
      "window_end_ms": 207.9890672125136,
      "search_range_ms": [
        125.0,
        200.0
      ],
      "method": "GFP_collapsed_localizer",
      "n_subjects": 120,
      "n_conditions": 5
    },
    "P3b": {
      "collapsed_peak_latency_ms": 476.0,
      "peak_gfp_amplitude": 2.798286814415339,
      "fwhm_ms": 141.29890246052605,
      "window_start_ms": 388.2275990067061,
      "window_end_ms": 529.5265014672322,
      "search_range_ms": [
        320.0,
        590.0
      ],
      "method": "GFP_collapsed_localizer",
      "n_subjects": 120,
      "n_conditions": 5
    },
    "Fz": {
      "collapsed_peak_latency_ms": 104.0,
      "peak_gfp_amplitude": -0.6619143605547005,
      "fwhm_ms": 29.18985247254514,
      "window_start_ms": 89.06721607994197,
      "window_end_ms": 118.25706855248711,
      "search_range_ms": [
        80.0,
        120.0
      ],
      "method": "GFP_collapsed_localizer",
      "n_subjects": 120,
      "n_conditions": 5
    }
  }
}