Source,SS,DF,MS,F,p-unc,ng2,eps
condition,186.1493398542052,4,46.5373349635513,6.637144607494838,9.730745332390682e-05,0.10099982632579725,0.8006279593130577
Error,645.0717996730117,92,7.0116499964457795,,,,
