Source,SS,DF,MS,F,p-unc,ng2,eps
condition,556.8000000000001,4,139.20000000000002,1.7755102040816324,0.19857053326665391,0.3289224952741021,0.5160851185784913
Error,940.8000000000002,12,78.40000000000002,,,,
