Source,SS,DF,MS,F,p-unc,ng2,eps
condition,37.85357584756505,4,9.463393961891262,2.544236308354492,0.0503901690038099,0.10608049621494639,0.8907293588084919
Error,193.41618716879861,52,3.719542060938435,,,,
