Source,SS,DF,MS,F,p-unc,ng2,eps
condition,2898.4911988207296,4,724.6227997051824,1.4211145857380145,0.24282011608850884,0.09776749317857086,0.6335369926433304
Error,22435.490780970562,44,509.897517749331,,,,
