Source,SS,DF,MS,F,p-unc,ng2,eps
condition,35.68963986770959,3,11.896546622569863,3.030316633627246,0.04068310533912287,0.12489808889328892,0.9062493673263474
Error,153.10786771640585,39,3.9258427619591245,,,,
