Source,SS,DF,MS,F,p-unc,ng2,eps
condition,69.97437876021499,4,17.493594690053747,10.611401730030327,0.0006508390785506565,0.6205476204722689,0.49090045897119716
Error,19.78279040049547,12,1.648565866707956,,,,
