condition,count,mean,std,min,25%,50%,75%,max,sem
2 to 1,16.0,178.6968173353794,7.815658962357572,160.73079645731104,175.58629330883164,178.8054959869445,185.3543754827684,188.12996131677093,1.9539147405893937
2 to 3,21.0,173.1688179632504,7.960690422383973,156.9771392157556,167.79347933849303,171.60596447185742,180.07969439800064,192.27072058610864,1.7371650687945006
2 to 4,21.0,172.61402199759863,7.5067528191790585,153.7251186210629,168.88744186769725,172.29992149812088,177.0427802333448,184.40337638797573,1.6381077627243417
2 to 5,24.0,176.24076817625473,10.814434419688759,155.09559566228754,170.77926450680695,176.10805238738124,179.63121020723327,199.23295086540577,2.207487182085748
