condition,count,mean,std,min,25%,50%,75%,max,sem
2 to 1,20.0,479.2,43.36576384296961,392.0,462.0,492.0,512.0,528.0,9.696879584908256
2 to 2,13.0,451.6923076923077,35.8315145632645,392.0,432.0,460.0,476.0,496.0,9.93787407964499
2 to 3,18.0,450.0,40.5897697919649,392.0,433.0,454.0,472.0,528.0,9.567100488899753
2 to 4,19.0,468.0,52.27278875710042,392.0,414.0,484.0,510.0,528.0,11.992200194171044
2 to 5,23.0,450.0869565217391,41.00322941104015,392.0,416.0,444.0,484.0,528.0,8.549764355090849
