condition,count,mean,std,min,25%,50%,75%,max,sem
2 to 1,8.0,100.5,10.350983390135314,92.0,92.0,96.0,107.0,116.0,3.6596252735570003
2 to 2,10.0,100.0,9.428090415820634,92.0,92.0,96.0,107.0,116.0,2.9814239699997196
2 to 3,10.0,110.0,8.692269873603532,92.0,105.0,116.0,116.0,116.0,2.748737083745107
2 to 4,8.0,110.0,10.028530728448139,92.0,108.0,116.0,116.0,116.0,3.5456210417116734
2 to 5,14.0,109.42857142857143,9.748485371223932,92.0,109.0,114.0,116.0,116.0,2.6053923070784095
