condition,count,mean,std,min,25%,50%,75%,max,sem
2 to 1,20.0,3.706570418391447,2.796275174336933,0.3901226900936476,1.6272971243011272,2.813739913796123,6.070779958587267,9.46898064973687,0.6252661373612459
2 to 3,18.0,4.071108643227321,2.7555091797932723,0.3319876109856758,1.8585868861133972,3.8071631722049046,5.861235597845361,9.585318345093093,0.6494797422178681
2 to 4,19.0,4.578800673378126,3.61004815206491,0.1476786902871357,1.6100334269821794,4.283228781962529,6.165703508470552,12.247318946500824,0.8282018461140367
2 to 5,22.0,3.2718447533173443,2.064204173148092,0.0794854106475489,1.6149428554394711,3.3333375344352705,4.286062702164659,7.606578187328514,0.44008980841941375
