condition,count,mean,std,min,25%,50%,75%,max,sem
2 to 1,16.0,107.5,9.892758294159757,92.0,99.0,112.0,116.0,116.0,2.473189573539939
2 to 2,14.0,108.28571428571429,7.760140476807118,92.0,104.0,110.0,116.0,116.0,2.0739847812463443
2 to 3,14.0,104.0,10.982503567738306,92.0,92.0,104.0,116.0,116.0,2.935197542821371
2 to 4,16.0,104.0,9.003702941938204,92.0,99.0,102.0,113.0,116.0,2.250925735484551
2 to 5,10.0,106.0,6.036923425424944,92.0,105.0,108.0,108.0,112.0,1.9090428084368467
