condition,count,mean,std,min,25%,50%,75%,max,sem
2 to 1,17.0,3.1285818762651068,2.3807672489764173,0.680805436035145,1.2775084234918732,1.9869954093201745,4.624441909803247,7.963414844415095,0.5774208727965263
2 to 2,12.0,1.9238608133234172,1.6355334712077598,0.3084117919085951,0.7589973489737643,1.2626763346078125,2.8046313984016558,5.628025525738528,0.4721378449352216
2 to 3,13.0,1.9061128760916963,1.2218348719646301,0.1812768211784492,1.0359709223101403,1.7363184127066205,2.7674008423383336,4.2577060438352765,0.33887602161680397
2 to 4,15.0,1.8364047986680505,1.3856963923364898,-0.0852946908903214,1.0521318753525606,1.6629240724951189,2.4132865152553125,5.232336200025534,0.3577852700279283
2 to 5,12.0,1.6540247416536433,2.314531592515027,0.0053309103100627,0.36582170528831015,1.0245295377275794,1.96012484304956,8.460970811004344,0.668147718993222
