condition,count,mean,std,min,25%,50%,75%,max,sem
2 to 1,16.0,-2.739125545334292,2.067752149454732,-8.339571769453917,-3.8107357845305994,-2.273103966572844,-1.314814448898409,0.0463331932496806,0.5169380373636829
2 to 3,21.0,-3.474466125069539,1.3185157735313258,-5.734323733299605,-4.168077157898166,-3.5777263843850298,-2.582815523105876,-1.0740998228860372,0.2877237303428834
2 to 4,21.0,-4.222131585270502,2.095759987617883,-10.620618755206154,-4.917998894995135,-3.8411799022179127,-2.5652736010228074,-1.2936662603595526,0.4573323229389841
2 to 5,24.0,-4.0537879379172415,2.3395049301092037,-10.979754574495738,-5.059944595568317,-4.050257227134348,-2.7214105903192256,-0.3197152931975328,0.47754944412443084
