condition,count,mean,std,min,25%,50%,75%,max,sem
2 to 1,20.0,475.59562351634196,15.734428221453085,451.9338710448652,464.6006749897623,474.8218339287719,481.97969945812065,511.639744058109,3.5183251090260215
2 to 3,18.0,457.77143284814673,16.07154891633447,414.5240997753682,450.86492625194296,460.1748845705622,468.3211637799694,482.4325692435762,3.788100407637136
2 to 4,19.0,472.4217840702439,26.08149220272338,415.6041270938131,455.16463114258954,474.0797039657362,483.1053452007779,525.7507826281012,5.98350467412712
2 to 5,22.0,460.8020227957208,23.145259344626954,401.26887148379177,451.33828059456096,463.9606556358375,473.9508800652952,500.12802257542455,4.934585872510855
