condition,count,mean,std,min,25%,50%,75%,max,sem
2 to 1,16.0,180.25,11.997221900645721,160.0,174.0,180.0,186.0,204.0,2.9993054751614308
2 to 2,22.0,174.36363636363637,20.717017285188646,144.0,160.0,170.0,191.0,204.0,4.4168829259537805
2 to 3,21.0,168.95238095238096,17.38527017470879,144.0,156.0,164.0,180.0,204.0,3.793776978707675
2 to 4,21.0,169.52380952380952,14.77707361969564,144.0,160.0,168.0,180.0,196.0,3.2246218291519226
2 to 5,24.0,173.5,18.643101066917605,144.0,160.0,176.0,182.0,204.0,3.8055070697570677
