condition,count,mean,std,min,25%,50%,75%,max,sem
2 to 1,24.0,115.33333333333333,11.2931940514656,88.0,111.0,120.0,124.0,124.0,2.305213582693749
2 to 2,24.0,103.33333333333333,15.043897120750001,88.0,88.0,102.0,116.0,124.0,3.070822640730209
2 to 3,24.0,109.5,13.593476696403028,88.0,100.0,114.0,124.0,124.0,2.7747568113834484
2 to 4,24.0,104.33333333333333,12.862708710155836,88.0,95.0,100.0,116.0,124.0,2.6255894208278803
2 to 5,24.0,99.83333333333333,11.705318994099358,88.0,88.0,100.0,108.0,124.0,2.389338234337623
