condition,count,mean,std,min,25%,50%,75%,max,sem
2 to 1,20.0,6.115831790197926,3.064862016462285,1.7223934867350983,3.949934684993901,5.494878824925109,8.856747572186526,11.07871891230127,0.6853239810466748
2 to 2,13.0,4.645671188521924,2.3050078513410024,1.2774555186740422,3.192952808925344,3.8815668978302895,5.660210280231951,10.570407055231444,0.6392941537197739
2 to 3,18.0,6.510016915589852,3.2727490016751624,1.817655573014439,4.186627587791506,6.44866378010147,8.641388266300302,13.696608421568234,0.7713943374020035
2 to 4,19.0,7.296488094739695,4.3375535795955225,1.5988420986173364,4.499123956040934,6.3766622989191895,8.6754462773708,17.43030802984083,0.9951030376657889
2 to 5,23.0,5.710730765748625,2.4906909238632062,2.478080781283674,3.797348579072584,5.6552574392744495,6.874496589357813,11.70666741616478,0.5193449585866106
