Contrast,A,B,Paired,Parametric,T,dof,alternative,p-unc,p-corr,p-adjust,BF10,cohen,ci_lower,ci_upper
condition,2 to 1,2 to 3,True,True,-0.01495176987087129,15.0,two-sided,0.9882677178802541,0.9882677178802541,fdr_bh,0.255,-0.004576709750650361,-0.5366021901711071,0.5291263052356714
condition,2 to 1,2 to 4,True,True,-0.6435871196131763,15.0,two-sided,0.5295608833652468,0.6354730600382961,fdr_bh,0.306,-0.21875236043980534,-0.69052088545295,0.3128814389230462
condition,2 to 1,2 to 5,True,True,0.7702246501752168,15.0,two-sided,0.4531273420365354,0.6354730600382961,fdr_bh,0.331,0.23038953188480435,-0.36072571185028257,0.5780623798663498
condition,2 to 3,2 to 4,True,True,-0.8273288417283027,15.0,two-sided,0.4210181287415856,0.6354730600382961,fdr_bh,0.344,-0.21439207289641446,-0.7309160305345178,0.30877874704958386
condition,2 to 3,2 to 5,True,True,0.8450418385824531,15.0,two-sided,0.41136414338863936,0.6354730600382961,fdr_bh,0.349,0.23467842202500896,-0.35261244552427795,0.6826703522162881
condition,2 to 4,2 to 5,True,True,1.3485193626153515,15.0,two-sided,0.19750124387705895,0.6354730600382961,fdr_bh,0.549,0.4266284253743235,-0.21939973519219974,0.7621571791644712
