Contrast,A,B,Paired,Parametric,T,dof,alternative,p-unc,p-corr,p-adjust,BF10,cohen,ci_lower,ci_upper
condition,2 to 1,2 to 3,True,True,2.851089548931099,15.0,two-sided,0.012139702111479956,0.06934066888102898,fdr_bh,4.663,0.8588708455155578,0.11605638515369765,1.3094883893118516
condition,2 to 1,2 to 4,True,True,0.1582843341833438,15.0,two-sided,0.8763440174407411,0.8763440174407411,fdr_bh,0.258,0.039058195891924684,-0.5798370114392059,0.4163986577978205
condition,2 to 1,2 to 5,True,True,2.5295944496225893,15.0,two-sided,0.023113556293676327,0.06934066888102898,fdr_bh,2.764,0.8999055603886215,0.13609828789602685,1.1666405281066183
condition,2 to 3,2 to 4,True,True,-1.6772528451348565,15.0,two-sided,0.11420219809951254,0.1713032971492688,fdr_bh,0.807,-0.6439349228022123,-0.891569596771298,0.16969776021557398
condition,2 to 3,2 to 5,True,True,0.576049687444271,15.0,two-sided,0.573123878032826,0.6877486536393912,fdr_bh,0.296,0.15489550058606563,-0.36277496738826276,0.6716432189571722
condition,2 to 4,2 to 5,True,True,1.769000904825106,15.0,two-sided,0.09721669854473337,0.1713032971492688,fdr_bh,0.908,0.7178524625806071,-0.02795055817167591,0.9902861891917563
