Source,SS,DF,MS,F,p-unc,ng2,eps
condition,12.616037803717049,2,6.308018901858524,1.0606567631030592,0.40325050545573693,0.15221264261546918,0.5206535728212739
Error,35.683658208544905,6,5.947276368090818,,,,
