Source,SS,DF,MS,F,p-unc,ng2,eps
condition,16.761581248401676,2,8.380790624200838,3.599740983235086,0.03889684798543305,0.04397361329891897,0.9012913884325545
Error,74.50127695949078,32,2.328164904984087,,,,
