Source,SS,DF,MS,F,p-unc,ng2,eps
condition,7.7949238555403,2,3.89746192777015,1.2529877234044167,0.37800290961896676,0.3756736297736432,0.5432062679622267
Error,12.442139232395968,4,3.110534808098992,,,,
