Source,SS,DF,MS,F,p-unc,ng2,eps
condition,4.370634438615646,2,2.185317219307823,0.4696057642849201,0.6282130513472137,0.012626305919022068,0.9920887160578312
Error,214.06166562122814,46,4.653514470026699,,,,
