Source,SS,DF,MS,F,p-unc,ng2,eps
condition,10.645959143287472,2,5.322979571643736,5.056235192330919,0.08033668286041414,0.5821960897320138,0.5044288838604513
Error,4.21102212944319,4,1.0527555323607976,,,,
