condition,count,mean,std,min,25%,50%,75%,max,sem
1 to 4,12.0,97.66666666666667,9.098784467602187,84.0,91.0,98.0,105.0,108.0,2.626592830834254
2 to 5,11.0,96.36363636363636,10.50021644798551,84.0,84.0,100.0,106.0,108.0,3.165934379589661
3 to 6,15.0,97.33333333333333,9.521904571390467,84.0,88.0,96.0,108.0,108.0,2.4585451886114362
