condition,count,mean,std,min,25%,50%,75%,max,sem
1 to 4,12.0,93.66666666666667,11.499670614518672,84.0,84.0,86.0,108.0,108.0,3.3196689624421936
2 to 5,13.0,96.61538461538461,12.20340431695504,84.0,84.0,104.0,108.0,108.0,3.384615384615385
3 to 6,9.0,94.22222222222223,11.508451001088046,84.0,84.0,88.0,108.0,108.0,3.836150333696016
