condition,count,mean,std,min,25%,50%,75%,max,sem
1 to 4,12.0,2.2105120055433516,1.2697240640109155,0.7012048101897298,1.2530222440413288,1.766273357141163,3.1668429877115436,4.460546764184595,0.36653776507662383
2 to 5,13.0,1.9619542884358476,0.5747508916345441,1.142764286368051,1.59064022233857,1.872170628543229,2.2993371353388925,3.107056380052028,0.15940721618515347
3 to 6,9.0,2.4487213558773058,1.4456384659887698,1.1666144258248188,1.714187604277326,1.8450933404310208,2.795728940729653,5.94527881354153,0.48187948866292324
