condition,count,mean,std,min,25%,50%,75%,max,sem
1 to 4,21.0,-6.9391478088790155,2.6396742319759015,-12.546084559266092,-7.647269411144552,-6.044969071615358,-5.387347494754605,-2.711421561248829,0.5760241418120948
2 to 5,24.0,-6.068464157333832,2.5337515917920745,-13.825965841362487,-7.534588270088823,-6.049242147600825,-4.208113535351407,-1.6627484767166938,0.5171998779046032
3 to 6,23.0,-6.82127430999802,2.8110218999872942,-12.81101406208263,-8.489385791441816,-5.976515514058715,-4.622308132482532,-2.5628757115661545,0.5861385843774557
