Contrast,Coef,Std.Err.,z,P>|z|,P>|z| (adj)
1 to 4 - 2 to 5,1.9918472780218957,2.6820144135276136,0.7426683719428818,0.45768248283574575,0.8404999227025836
1 to 4 - 3 to 6,1.5248309870952943,2.6837784338267365,0.5681657501513915,0.5699224254169362,0.8404999227025836
2 to 5 - 3 to 6,-0.46701629092660135,2.7697767913021987,-0.16861152580711591,0.8661022140892234,0.8661022140892234
