Contrast,Coef,Std.Err.,z,P>|z|,P>|z| (adj)
1 to 4 - 2 to 5,3.676108538342087,3.9797927868822365,0.9236934521965262,0.3556459421797491,0.7324692521935894
1 to 4 - 3 to 6,2.849873398970358,4.0119182205230635,0.7103518173405835,0.4774859942608156,0.7324692521935894
2 to 5 - 3 to 6,-0.8262351393717289,4.135504944938676,-0.1997906302549424,0.8416443295672593,0.8416443295672593
