Contrast,Coef,Std.Err.,z,P>|z|,P>|z| (adj)
1 to 4 - 2 to 5,1.7899429132446403,9.075427976480665,0.19722958717576175,0.8436478781134944,0.9542954338037788
1 to 4 - 3 to 6,-2.6681954895898192,9.837371699027363,-0.27123052490266564,0.786213737119942,0.9542954338037788
2 to 5 - 3 to 6,-4.458138402834459,9.481117995546906,-0.4702123109245511,0.6382033394559197,0.9526419663526214
