Contrast,Coef,Std.Err.,z,P>|z|,P>|z| (adj)
1 to 4 - 2 to 5,0.624590407930239,1.9523838096533714,0.31991169197470937,0.7490352743737156,0.9841934150255554
1 to 4 - 3 to 6,0.284445891105049,1.9558082993762949,0.1454364884307723,0.8843662573109072,0.9841934150255554
2 to 5 - 3 to 6,-0.34014451682519004,1.9288290443613596,-0.17634767467835014,0.8600208098874806,0.9841934150255554
