Contrast,Coef,Std.Err.,z,P>|z|,P>|z| (adj)
1 to 4 - 2 to 5,0.8242412363342375,5.052290602820819,0.163142087645165,0.8704065625266528,0.9965288594250298
1 to 4 - 3 to 6,-0.1255034847795811,5.058273575633447,-0.02481152569211607,0.9802052977165394,0.9965288594250298
2 to 5 - 3 to 6,-0.9497447211138186,4.974593609535447,-0.19091905704484485,0.8485890094316411,0.9965288594250298
