Contrast,Coef,Std.Err.,z,P>|z|,P>|z| (adj)
1 to 4 - 2 to 5,-0.1446173176748345,0.5773985508860233,-0.2504635965104483,0.8022288534427326,0.9070649302047059
1 to 4 - 3 to 6,0.22619389548865204,0.5772030962872245,0.39187921364873396,0.6951474622128035,0.9070649302047059
2 to 5 - 3 to 6,0.37081121316348653,0.5791562998507381,0.6402610370621076,0.5220029069659315,0.8907866405734938
