Contrast,Coef,Std.Err.,z,P>|z|,P>|z| (adj)
1 to 4 - 2 to 5,0.1454895717065819,0.24186385121872,0.6015349998500361,0.5474837074172714,0.8464725563197119
1 to 4 - 3 to 6,-0.0399354847884331,0.2452715160453084,-0.16282153522081183,0.870658951878273,0.870658951878273
2 to 5 - 3 to 6,-0.18542505649501498,0.2535224900340586,-0.7313949009813872,0.46453797889452586,0.8464725563197119
