Contrast,Coef,Std.Err.,z,P>|z|,P>|z| (adj)
1 to 4 - 2 to 5,16.190096760783412,14.189785855152659,1.1409683645722104,0.253883088022238,0.4433095536607686
1 to 4 - 3 to 6,-11.02958415890559,15.518602712500691,-0.7107330707049376,0.477249662280125,0.47724966228012505
2 to 5 - 3 to 6,-27.219680919689004,14.945715754335188,-1.821236357435314,0.06857093600743736,0.19192930693536248
