Contrast,Coef,Std.Err.,z,P>|z|,P>|z| (adj)
1 to 4 - 2 to 5,0.1767978664424802,0.419826607254311,0.42112115665738276,0.6736666133191396,0.8935065207374
1 to 4 - 3 to 6,0.3395587176815935,0.4711647500274586,0.7206793752329831,0.47110680483443357,0.8520537580128948
2 to 5 - 3 to 6,0.16276085123911332,0.4570045865989993,0.3561470847598485,0.7217304173389549,0.8935065207374
