Contrast,Coef,Std.Err.,z,P>|z|,P>|z| (adj)
1 to 4 - 2 to 5,-3.30170083574788,4.102445869136109,-0.8048127729332235,0.42092772973952863,0.8058227680641159
1 to 4 - 3 to 6,-0.7406898106769667,4.677733784679778,-0.1583437289874913,0.8741859520114617,0.8741859520114617
2 to 5 - 3 to 6,2.5610110250709135,4.665275872058206,0.5489516794514999,0.5830386109530594,0.8261432000440458
