Contrast,Coef,Std.Err.,z,P>|z|,P>|z| (adj)
1 to 4 - 2 to 5,-0.3637670335724117,0.3658308527204794,-0.9943585426633095,0.32004834383039604,0.5376657452722127
1 to 4 - 3 to 6,0.14096620195361098,0.36724411159397147,0.38384877388984395,0.7010905356706658,0.7010905356706658
2 to 5 - 3 to 6,0.5047332355260227,0.36155300333839396,1.3960145009599596,0.16271012845921184,0.41301431094121216
