Contrast,Coef,Std.Err.,z,P>|z|,P>|z| (adj)
1 to 4 - 2 to 5,0.07977544526372363,0.5225615073148235,0.1526623070146304,0.8786645869078731,0.8786645869078731
1 to 4 - 3 to 6,0.4197200085976646,0.5243833480435657,0.800406821009111,0.42347513030541606,0.8083741303084306
2 to 5 - 3 to 6,0.33994456333394096,0.526715995807981,0.6454039103416004,0.5186654700125914,0.8083741303084306
