Contrast,Coef,Std.Err.,z,P>|z|,P>|z| (adj)
1 to 4 - 2 to 5,-0.3637670335724127,0.3658308527204842,-0.9943585426632991,0.3200483438304009,0.5376657452722193
1 to 4 - 3 to 6,0.14096620195360463,0.3672441115939763,0.38384877388982164,0.7010905356706822,0.7010905356706822
2 to 5 - 3 to 6,0.5047332355260173,0.36155300333839846,1.3960145009599276,0.1627101284592214,0.41301431094123214
