Contrast,Coef,Std.Err.,z,P>|z|,P>|z| (adj)
1 to 4 - 2 to 5,-0.8529021843762167,0.3280522640363347,-2.599897266009267,0.009325167285468172,0.01856337582603438
1 to 4 - 3 to 6,0.23500858268489228,0.3425041024090862,0.6861482272238553,0.4926196416135684,0.49261964161356847
2 to 5 - 3 to 6,1.087910767061109,0.31814096831814304,3.4195871497228585,0.0006271623960538708,0.0018803074368320008
