Contrast,A,B,Paired,Parametric,T,dof,alternative,p-unc,p-corr,p-adjust,BF10,cohen,ci_lower,ci_upper
condition,1 to 4,2 to 5,True,True,0.6172133998483676,3.0,two-sided,0.5807760078804557,0.7154391554999162,fdr_bh,0.498,0.5,-0.7810240541001296,1.3616088038872673
condition,1 to 4,3 to 6,True,True,0.40074876385894864,3.0,two-sided,0.7154391554999162,0.7154391554999162,fdr_bh,0.457,0.3692744729379982,-0.909499827987831,0.7647307572843989
condition,2 to 5,3 to 6,True,True,-0.676481425202546,3.0,two-sided,0.5472220316449553,0.7154391554999162,fdr_bh,0.512,-0.21538744758532144,-0.8583769332265861,0.9934216742084893
