Contrast,A,B,Paired,Parametric,T,dof,alternative,p-unc,p-corr,p-adjust,BF10,cohen,ci_lower,ci_upper
condition,1 to 4,2 to 5,True,True,-0.5897077181107742,23.0,two-sided,0.5611356403491513,0.5611356403491513,fdr_bh,0.251,-0.09951308308110883,-0.544163416344855,0.30341624855278587
condition,1 to 4,3 to 6,True,True,0.8048952651963834,23.0,two-sided,0.4291225669627202,0.5611356403491513,fdr_bh,0.288,0.1096595160710093,-0.2608045007633097,0.5894016167821909
condition,2 to 5,3 to 6,True,True,1.0752707774958872,23.0,two-sided,0.2934045019727124,0.5611356403491513,fdr_bh,0.36,0.2193695033929825,-0.20782963760188636,0.6468070943003311
