Contrast,A,B,Paired,Parametric,T,dof,alternative,p-unc,p-corr,p-adjust,BF10,cohen,ci_lower,ci_upper
condition,1 to 4,2 to 5,True,True,-8.256664800344137,2.0,two-sided,0.014353606993595062,0.04306082098078519,fdr_bh,5.232,-2.779410662281011,-3.8228443586393865,-0.18359192584668915
condition,1 to 4,3 to 6,True,True,-0.20365280600766836,2.0,two-sided,0.8574660166947158,0.8574660166947158,fdr_bh,0.476,-0.1841830936889879,-1.0904044610080836,1.009328916292438
condition,2 to 5,3 to 6,True,True,2.5536175671416688,2.0,two-sided,0.12519445785839237,0.18779168678758856,fdr_bh,1.446,1.7887096147122614,-0.6475370952454138,1.040570643176047
